section,object_name,details
00_SUMMARY,database_structure_summary,"{""public_enums"":7,""public_tables"":47,""public_columns"":387,""public_indexes"":105,""public_triggers"":47,""storage_buckets"":1,""public_functions"":43,""public_foreign_keys"":69,""public_rls_policies"":98,""storage_rls_policies"":4}"
01_DATABASE_INFO,postgres,"{""database"":""postgres"",""timezone"":""UTC"",""current_user"":""postgres"",""server_version"":""17.6"",""postgres_version"":""PostgreSQL 17.6 on aarch64-unknown-linux-gnu, compiled by gcc (GCC) 15.2.0, 64-bit""}"
02_EXTENSION,pg_stat_statements,"{""name"":""pg_stat_statements"",""schema"":""extensions"",""version"":""1.11""}"
02_EXTENSION,pg_trgm,"{""name"":""pg_trgm"",""schema"":""public"",""version"":""1.6""}"
02_EXTENSION,pgcrypto,"{""name"":""pgcrypto"",""schema"":""extensions"",""version"":""1.3""}"
02_EXTENSION,plpgsql,"{""name"":""plpgsql"",""schema"":""pg_catalog"",""version"":""1.0""}"
02_EXTENSION,supabase_vault,"{""name"":""supabase_vault"",""schema"":""vault"",""version"":""0.3.1""}"
02_EXTENSION,uuid-ossp,"{""name"":""uuid-ossp"",""schema"":""extensions"",""version"":""1.1""}"
03_TABLE,auth.users,"{""owner"":""supabase_auth_admin"",""table"":""users"",""schema"":""auth"",""rls_forced"":false,""table_type"":""TABLE"",""rls_enabled"":true}"
03_TABLE,public.article_categories,"{""owner"":""postgres"",""table"":""article_categories"",""schema"":""public"",""rls_forced"":false,""table_type"":""TABLE"",""rls_enabled"":true}"
03_TABLE,public.article_category_translations,"{""owner"":""postgres"",""table"":""article_category_translations"",""schema"":""public"",""rls_forced"":false,""table_type"":""TABLE"",""rls_enabled"":true}"
03_TABLE,public.article_translations,"{""owner"":""postgres"",""table"":""article_translations"",""schema"":""public"",""rls_forced"":false,""table_type"":""TABLE"",""rls_enabled"":true}"
03_TABLE,public.articles,"{""owner"":""postgres"",""table"":""articles"",""schema"":""public"",""rls_forced"":false,""table_type"":""TABLE"",""rls_enabled"":true}"
03_TABLE,public.audit_logs,"{""owner"":""postgres"",""table"":""audit_logs"",""schema"":""public"",""rls_forced"":false,""table_type"":""TABLE"",""rls_enabled"":true}"
03_TABLE,public.certification_translations,"{""owner"":""postgres"",""table"":""certification_translations"",""schema"":""public"",""rls_forced"":false,""table_type"":""TABLE"",""rls_enabled"":true}"
03_TABLE,public.certifications,"{""owner"":""postgres"",""table"":""certifications"",""schema"":""public"",""rls_forced"":false,""table_type"":""TABLE"",""rls_enabled"":true}"
03_TABLE,public.coffee_certifications,"{""owner"":""postgres"",""table"":""coffee_certifications"",""schema"":""public"",""rls_forced"":false,""table_type"":""TABLE"",""rls_enabled"":true}"
03_TABLE,public.coffee_media,"{""owner"":""postgres"",""table"":""coffee_media"",""schema"":""public"",""rls_forced"":false,""table_type"":""TABLE"",""rls_enabled"":true}"
03_TABLE,public.coffee_offers,"{""owner"":""postgres"",""table"":""coffee_offers"",""schema"":""public"",""rls_forced"":false,""table_type"":""TABLE"",""rls_enabled"":true}"
03_TABLE,public.coffee_tags,"{""owner"":""postgres"",""table"":""coffee_tags"",""schema"":""public"",""rls_forced"":false,""table_type"":""TABLE"",""rls_enabled"":true}"
03_TABLE,public.coffee_translations,"{""owner"":""postgres"",""table"":""coffee_translations"",""schema"":""public"",""rls_forced"":false,""table_type"":""TABLE"",""rls_enabled"":true}"
03_TABLE,public.coffee_type_translations,"{""owner"":""postgres"",""table"":""coffee_type_translations"",""schema"":""public"",""rls_forced"":false,""table_type"":""TABLE"",""rls_enabled"":true}"
03_TABLE,public.coffee_types,"{""owner"":""postgres"",""table"":""coffee_types"",""schema"":""public"",""rls_forced"":false,""table_type"":""TABLE"",""rls_enabled"":true}"
03_TABLE,public.coffee_varieties,"{""owner"":""postgres"",""table"":""coffee_varieties"",""schema"":""public"",""rls_forced"":false,""table_type"":""TABLE"",""rls_enabled"":true}"
03_TABLE,public.coffees,"{""owner"":""postgres"",""table"":""coffees"",""schema"":""public"",""rls_forced"":false,""table_type"":""TABLE"",""rls_enabled"":true}"
03_TABLE,public.favorites,"{""owner"":""postgres"",""table"":""favorites"",""schema"":""public"",""rls_forced"":false,""table_type"":""TABLE"",""rls_enabled"":true}"
03_TABLE,public.inquiries,"{""owner"":""postgres"",""table"":""inquiries"",""schema"":""public"",""rls_forced"":false,""table_type"":""TABLE"",""rls_enabled"":true}"
03_TABLE,public.inquiry_status_history,"{""owner"":""postgres"",""table"":""inquiry_status_history"",""schema"":""public"",""rls_forced"":false,""table_type"":""TABLE"",""rls_enabled"":true}"
03_TABLE,public.media,"{""owner"":""postgres"",""table"":""media"",""schema"":""public"",""rls_forced"":false,""table_type"":""TABLE"",""rls_enabled"":true}"
03_TABLE,public.media_translations,"{""owner"":""postgres"",""table"":""media_translations"",""schema"":""public"",""rls_forced"":false,""table_type"":""TABLE"",""rls_enabled"":true}"
03_TABLE,public.offer_price_tiers,"{""owner"":""postgres"",""table"":""offer_price_tiers"",""schema"":""public"",""rls_forced"":false,""table_type"":""TABLE"",""rls_enabled"":true}"
03_TABLE,public.offer_sensory_notes,"{""owner"":""postgres"",""table"":""offer_sensory_notes"",""schema"":""public"",""rls_forced"":false,""table_type"":""TABLE"",""rls_enabled"":true}"
03_TABLE,public.offer_tags,"{""owner"":""postgres"",""table"":""offer_tags"",""schema"":""public"",""rls_forced"":false,""table_type"":""TABLE"",""rls_enabled"":true}"
03_TABLE,public.origin_media,"{""owner"":""postgres"",""table"":""origin_media"",""schema"":""public"",""rls_forced"":false,""table_type"":""TABLE"",""rls_enabled"":true}"
03_TABLE,public.origin_translations,"{""owner"":""postgres"",""table"":""origin_translations"",""schema"":""public"",""rls_forced"":false,""table_type"":""TABLE"",""rls_enabled"":true}"
03_TABLE,public.origins,"{""owner"":""postgres"",""table"":""origins"",""schema"":""public"",""rls_forced"":false,""table_type"":""TABLE"",""rls_enabled"":true}"
03_TABLE,public.packaging_type_translations,"{""owner"":""postgres"",""table"":""packaging_type_translations"",""schema"":""public"",""rls_forced"":false,""table_type"":""TABLE"",""rls_enabled"":true}"
03_TABLE,public.packaging_types,"{""owner"":""postgres"",""table"":""packaging_types"",""schema"":""public"",""rls_forced"":false,""table_type"":""TABLE"",""rls_enabled"":true}"
03_TABLE,public.processing_method_translations,"{""owner"":""postgres"",""table"":""processing_method_translations"",""schema"":""public"",""rls_forced"":false,""table_type"":""TABLE"",""rls_enabled"":true}"
03_TABLE,public.processing_methods,"{""owner"":""postgres"",""table"":""processing_methods"",""schema"":""public"",""rls_forced"":false,""table_type"":""TABLE"",""rls_enabled"":true}"
03_TABLE,public.profiles,"{""owner"":""postgres"",""table"":""profiles"",""schema"":""public"",""rls_forced"":false,""table_type"":""TABLE"",""rls_enabled"":true}"
03_TABLE,public.region_translations,"{""owner"":""postgres"",""table"":""region_translations"",""schema"":""public"",""rls_forced"":false,""table_type"":""TABLE"",""rls_enabled"":true}"
03_TABLE,public.regions,"{""owner"":""postgres"",""table"":""regions"",""schema"":""public"",""rls_forced"":false,""table_type"":""TABLE"",""rls_enabled"":true}"
03_TABLE,public.sensory_note_translations,"{""owner"":""postgres"",""table"":""sensory_note_translations"",""schema"":""public"",""rls_forced"":false,""table_type"":""TABLE"",""rls_enabled"":true}"
03_TABLE,public.sensory_notes,"{""owner"":""postgres"",""table"":""sensory_notes"",""schema"":""public"",""rls_forced"":false,""table_type"":""TABLE"",""rls_enabled"":true}"
03_TABLE,public.site_page_section_translations,"{""owner"":""postgres"",""table"":""site_page_section_translations"",""schema"":""public"",""rls_forced"":false,""table_type"":""TABLE"",""rls_enabled"":true}"
03_TABLE,public.site_page_sections,"{""owner"":""postgres"",""table"":""site_page_sections"",""schema"":""public"",""rls_forced"":false,""table_type"":""TABLE"",""rls_enabled"":true}"
03_TABLE,public.site_page_translations,"{""owner"":""postgres"",""table"":""site_page_translations"",""schema"":""public"",""rls_forced"":false,""table_type"":""TABLE"",""rls_enabled"":true}"
03_TABLE,public.site_pages,"{""owner"":""postgres"",""table"":""site_pages"",""schema"":""public"",""rls_forced"":false,""table_type"":""TABLE"",""rls_enabled"":true}"
03_TABLE,public.site_settings,"{""owner"":""postgres"",""table"":""site_settings"",""schema"":""public"",""rls_forced"":false,""table_type"":""TABLE"",""rls_enabled"":true}"
03_TABLE,public.site_settings_translations,"{""owner"":""postgres"",""table"":""site_settings_translations"",""schema"":""public"",""rls_forced"":false,""table_type"":""TABLE"",""rls_enabled"":true}"
03_TABLE,public.tag_translations,"{""owner"":""postgres"",""table"":""tag_translations"",""schema"":""public"",""rls_forced"":false,""table_type"":""TABLE"",""rls_enabled"":true}"
03_TABLE,public.tags,"{""owner"":""postgres"",""table"":""tags"",""schema"":""public"",""rls_forced"":false,""table_type"":""TABLE"",""rls_enabled"":true}"
03_TABLE,public.varieties,"{""owner"":""postgres"",""table"":""varieties"",""schema"":""public"",""rls_forced"":false,""table_type"":""TABLE"",""rls_enabled"":true}"
03_TABLE,public.warehouse_translations,"{""owner"":""postgres"",""table"":""warehouse_translations"",""schema"":""public"",""rls_forced"":false,""table_type"":""TABLE"",""rls_enabled"":true}"
03_TABLE,public.warehouses,"{""owner"":""postgres"",""table"":""warehouses"",""schema"":""public"",""rls_forced"":false,""table_type"":""TABLE"",""rls_enabled"":true}"
03_TABLE,storage.buckets,"{""owner"":""supabase_storage_admin"",""table"":""buckets"",""schema"":""storage"",""rls_forced"":false,""table_type"":""TABLE"",""rls_enabled"":true}"
03_TABLE,storage.objects,"{""owner"":""supabase_storage_admin"",""table"":""objects"",""schema"":""storage"",""rls_forced"":false,""table_type"":""TABLE"",""rls_enabled"":true}"
04_COLUMN,auth.users.aud,"{""table"":""users"",""column"":""aud"",""schema"":""auth"",""default"":null,""nullable"":""YES"",""position"":3,""udt_name"":""varchar"",""data_type"":""character varying"",""max_length"":255,""is_identity"":""NO"",""is_generated"":""NEVER"",""numeric_scale"":null,""numeric_precision"":null,""identity_generation"":null,""generation_expression"":null}"
04_COLUMN,auth.users.banned_until,"{""table"":""users"",""column"":""banned_until"",""schema"":""auth"",""default"":null,""nullable"":""YES"",""position"":30,""udt_name"":""timestamptz"",""data_type"":""timestamp with time zone"",""max_length"":null,""is_identity"":""NO"",""is_generated"":""NEVER"",""numeric_scale"":null,""numeric_precision"":null,""identity_generation"":null,""generation_expression"":null}"
04_COLUMN,auth.users.confirmation_sent_at,"{""table"":""users"",""column"":""confirmation_sent_at"",""schema"":""auth"",""default"":null,""nullable"":""YES"",""position"":10,""udt_name"":""timestamptz"",""data_type"":""timestamp with time zone"",""max_length"":null,""is_identity"":""NO"",""is_generated"":""NEVER"",""numeric_scale"":null,""numeric_precision"":null,""identity_generation"":null,""generation_expression"":null}"
04_COLUMN,auth.users.confirmation_token,"{""table"":""users"",""column"":""confirmation_token"",""schema"":""auth"",""default"":null,""nullable"":""YES"",""position"":9,""udt_name"":""varchar"",""data_type"":""character varying"",""max_length"":255,""is_identity"":""NO"",""is_generated"":""NEVER"",""numeric_scale"":null,""numeric_precision"":null,""identity_generation"":null,""generation_expression"":null}"
04_COLUMN,auth.users.confirmed_at,"{""table"":""users"",""column"":""confirmed_at"",""schema"":""auth"",""default"":null,""nullable"":""YES"",""position"":27,""udt_name"":""timestamptz"",""data_type"":""timestamp with time zone"",""max_length"":null,""is_identity"":""NO"",""is_generated"":""ALWAYS"",""numeric_scale"":null,""numeric_precision"":null,""identity_generation"":null,""generation_expression"":""LEAST(email_confirmed_at, phone_confirmed_at)""}"
04_COLUMN,auth.users.created_at,"{""table"":""users"",""column"":""created_at"",""schema"":""auth"",""default"":null,""nullable"":""YES"",""position"":20,""udt_name"":""timestamptz"",""data_type"":""timestamp with time zone"",""max_length"":null,""is_identity"":""NO"",""is_generated"":""NEVER"",""numeric_scale"":null,""numeric_precision"":null,""identity_generation"":null,""generation_expression"":null}"
04_COLUMN,auth.users.deleted_at,"{""table"":""users"",""column"":""deleted_at"",""schema"":""auth"",""default"":null,""nullable"":""YES"",""position"":34,""udt_name"":""timestamptz"",""data_type"":""timestamp with time zone"",""max_length"":null,""is_identity"":""NO"",""is_generated"":""NEVER"",""numeric_scale"":null,""numeric_precision"":null,""identity_generation"":null,""generation_expression"":null}"
04_COLUMN,auth.users.email,"{""table"":""users"",""column"":""email"",""schema"":""auth"",""default"":null,""nullable"":""YES"",""position"":5,""udt_name"":""varchar"",""data_type"":""character varying"",""max_length"":255,""is_identity"":""NO"",""is_generated"":""NEVER"",""numeric_scale"":null,""numeric_precision"":null,""identity_generation"":null,""generation_expression"":null}"
04_COLUMN,auth.users.email_change,"{""table"":""users"",""column"":""email_change"",""schema"":""auth"",""default"":null,""nullable"":""YES"",""position"":14,""udt_name"":""varchar"",""data_type"":""character varying"",""max_length"":255,""is_identity"":""NO"",""is_generated"":""NEVER"",""numeric_scale"":null,""numeric_precision"":null,""identity_generation"":null,""generation_expression"":null}"
04_COLUMN,auth.users.email_change_confirm_status,"{""table"":""users"",""column"":""email_change_confirm_status"",""schema"":""auth"",""default"":""0"",""nullable"":""YES"",""position"":29,""udt_name"":""int2"",""data_type"":""smallint"",""max_length"":null,""is_identity"":""NO"",""is_generated"":""NEVER"",""numeric_scale"":0,""numeric_precision"":16,""identity_generation"":null,""generation_expression"":null}"
04_COLUMN,auth.users.email_change_sent_at,"{""table"":""users"",""column"":""email_change_sent_at"",""schema"":""auth"",""default"":null,""nullable"":""YES"",""position"":15,""udt_name"":""timestamptz"",""data_type"":""timestamp with time zone"",""max_length"":null,""is_identity"":""NO"",""is_generated"":""NEVER"",""numeric_scale"":null,""numeric_precision"":null,""identity_generation"":null,""generation_expression"":null}"
04_COLUMN,auth.users.email_change_token_current,"{""table"":""users"",""column"":""email_change_token_current"",""schema"":""auth"",""default"":""''::character varying"",""nullable"":""YES"",""position"":28,""udt_name"":""varchar"",""data_type"":""character varying"",""max_length"":255,""is_identity"":""NO"",""is_generated"":""NEVER"",""numeric_scale"":null,""numeric_precision"":null,""identity_generation"":null,""generation_expression"":null}"
04_COLUMN,auth.users.email_change_token_new,"{""table"":""users"",""column"":""email_change_token_new"",""schema"":""auth"",""default"":null,""nullable"":""YES"",""position"":13,""udt_name"":""varchar"",""data_type"":""character varying"",""max_length"":255,""is_identity"":""NO"",""is_generated"":""NEVER"",""numeric_scale"":null,""numeric_precision"":null,""identity_generation"":null,""generation_expression"":null}"
04_COLUMN,auth.users.email_confirmed_at,"{""table"":""users"",""column"":""email_confirmed_at"",""schema"":""auth"",""default"":null,""nullable"":""YES"",""position"":7,""udt_name"":""timestamptz"",""data_type"":""timestamp with time zone"",""max_length"":null,""is_identity"":""NO"",""is_generated"":""NEVER"",""numeric_scale"":null,""numeric_precision"":null,""identity_generation"":null,""generation_expression"":null}"
04_COLUMN,auth.users.encrypted_password,"{""table"":""users"",""column"":""encrypted_password"",""schema"":""auth"",""default"":null,""nullable"":""YES"",""position"":6,""udt_name"":""varchar"",""data_type"":""character varying"",""max_length"":255,""is_identity"":""NO"",""is_generated"":""NEVER"",""numeric_scale"":null,""numeric_precision"":null,""identity_generation"":null,""generation_expression"":null}"
04_COLUMN,auth.users.id,"{""table"":""users"",""column"":""id"",""schema"":""auth"",""default"":null,""nullable"":""NO"",""position"":2,""udt_name"":""uuid"",""data_type"":""uuid"",""max_length"":null,""is_identity"":""NO"",""is_generated"":""NEVER"",""numeric_scale"":null,""numeric_precision"":null,""identity_generation"":null,""generation_expression"":null}"
04_COLUMN,auth.users.instance_id,"{""table"":""users"",""column"":""instance_id"",""schema"":""auth"",""default"":null,""nullable"":""YES"",""position"":1,""udt_name"":""uuid"",""data_type"":""uuid"",""max_length"":null,""is_identity"":""NO"",""is_generated"":""NEVER"",""numeric_scale"":null,""numeric_precision"":null,""identity_generation"":null,""generation_expression"":null}"
04_COLUMN,auth.users.invited_at,"{""table"":""users"",""column"":""invited_at"",""schema"":""auth"",""default"":null,""nullable"":""YES"",""position"":8,""udt_name"":""timestamptz"",""data_type"":""timestamp with time zone"",""max_length"":null,""is_identity"":""NO"",""is_generated"":""NEVER"",""numeric_scale"":null,""numeric_precision"":null,""identity_generation"":null,""generation_expression"":null}"
04_COLUMN,auth.users.is_anonymous,"{""table"":""users"",""column"":""is_anonymous"",""schema"":""auth"",""default"":""false"",""nullable"":""NO"",""position"":35,""udt_name"":""bool"",""data_type"":""boolean"",""max_length"":null,""is_identity"":""NO"",""is_generated"":""NEVER"",""numeric_scale"":null,""numeric_precision"":null,""identity_generation"":null,""generation_expression"":null}"
04_COLUMN,auth.users.is_sso_user,"{""table"":""users"",""column"":""is_sso_user"",""schema"":""auth"",""default"":""false"",""nullable"":""NO"",""position"":33,""udt_name"":""bool"",""data_type"":""boolean"",""max_length"":null,""is_identity"":""NO"",""is_generated"":""NEVER"",""numeric_scale"":null,""numeric_precision"":null,""identity_generation"":null,""generation_expression"":null}"
04_COLUMN,auth.users.is_super_admin,"{""table"":""users"",""column"":""is_super_admin"",""schema"":""auth"",""default"":null,""nullable"":""YES"",""position"":19,""udt_name"":""bool"",""data_type"":""boolean"",""max_length"":null,""is_identity"":""NO"",""is_generated"":""NEVER"",""numeric_scale"":null,""numeric_precision"":null,""identity_generation"":null,""generation_expression"":null}"
04_COLUMN,auth.users.last_sign_in_at,"{""table"":""users"",""column"":""last_sign_in_at"",""schema"":""auth"",""default"":null,""nullable"":""YES"",""position"":16,""udt_name"":""timestamptz"",""data_type"":""timestamp with time zone"",""max_length"":null,""is_identity"":""NO"",""is_generated"":""NEVER"",""numeric_scale"":null,""numeric_precision"":null,""identity_generation"":null,""generation_expression"":null}"
04_COLUMN,auth.users.phone,"{""table"":""users"",""column"":""phone"",""schema"":""auth"",""default"":""NULL::character varying"",""nullable"":""YES"",""position"":22,""udt_name"":""text"",""data_type"":""text"",""max_length"":null,""is_identity"":""NO"",""is_generated"":""NEVER"",""numeric_scale"":null,""numeric_precision"":null,""identity_generation"":null,""generation_expression"":null}"
04_COLUMN,auth.users.phone_change,"{""table"":""users"",""column"":""phone_change"",""schema"":""auth"",""default"":""''::character varying"",""nullable"":""YES"",""position"":24,""udt_name"":""text"",""data_type"":""text"",""max_length"":null,""is_identity"":""NO"",""is_generated"":""NEVER"",""numeric_scale"":null,""numeric_precision"":null,""identity_generation"":null,""generation_expression"":null}"
04_COLUMN,auth.users.phone_change_sent_at,"{""table"":""users"",""column"":""phone_change_sent_at"",""schema"":""auth"",""default"":null,""nullable"":""YES"",""position"":26,""udt_name"":""timestamptz"",""data_type"":""timestamp with time zone"",""max_length"":null,""is_identity"":""NO"",""is_generated"":""NEVER"",""numeric_scale"":null,""numeric_precision"":null,""identity_generation"":null,""generation_expression"":null}"
04_COLUMN,auth.users.phone_change_token,"{""table"":""users"",""column"":""phone_change_token"",""schema"":""auth"",""default"":""''::character varying"",""nullable"":""YES"",""position"":25,""udt_name"":""varchar"",""data_type"":""character varying"",""max_length"":255,""is_identity"":""NO"",""is_generated"":""NEVER"",""numeric_scale"":null,""numeric_precision"":null,""identity_generation"":null,""generation_expression"":null}"
04_COLUMN,auth.users.phone_confirmed_at,"{""table"":""users"",""column"":""phone_confirmed_at"",""schema"":""auth"",""default"":null,""nullable"":""YES"",""position"":23,""udt_name"":""timestamptz"",""data_type"":""timestamp with time zone"",""max_length"":null,""is_identity"":""NO"",""is_generated"":""NEVER"",""numeric_scale"":null,""numeric_precision"":null,""identity_generation"":null,""generation_expression"":null}"
04_COLUMN,auth.users.raw_app_meta_data,"{""table"":""users"",""column"":""raw_app_meta_data"",""schema"":""auth"",""default"":null,""nullable"":""YES"",""position"":17,""udt_name"":""jsonb"",""data_type"":""jsonb"",""max_length"":null,""is_identity"":""NO"",""is_generated"":""NEVER"",""numeric_scale"":null,""numeric_precision"":null,""identity_generation"":null,""generation_expression"":null}"
04_COLUMN,auth.users.raw_user_meta_data,"{""table"":""users"",""column"":""raw_user_meta_data"",""schema"":""auth"",""default"":null,""nullable"":""YES"",""position"":18,""udt_name"":""jsonb"",""data_type"":""jsonb"",""max_length"":null,""is_identity"":""NO"",""is_generated"":""NEVER"",""numeric_scale"":null,""numeric_precision"":null,""identity_generation"":null,""generation_expression"":null}"
04_COLUMN,auth.users.reauthentication_sent_at,"{""table"":""users"",""column"":""reauthentication_sent_at"",""schema"":""auth"",""default"":null,""nullable"":""YES"",""position"":32,""udt_name"":""timestamptz"",""data_type"":""timestamp with time zone"",""max_length"":null,""is_identity"":""NO"",""is_generated"":""NEVER"",""numeric_scale"":null,""numeric_precision"":null,""identity_generation"":null,""generation_expression"":null}"
04_COLUMN,auth.users.reauthentication_token,"{""table"":""users"",""column"":""reauthentication_token"",""schema"":""auth"",""default"":""''::character varying"",""nullable"":""YES"",""position"":31,""udt_name"":""varchar"",""data_type"":""character varying"",""max_length"":255,""is_identity"":""NO"",""is_generated"":""NEVER"",""numeric_scale"":null,""numeric_precision"":null,""identity_generation"":null,""generation_expression"":null}"
04_COLUMN,auth.users.recovery_sent_at,"{""table"":""users"",""column"":""recovery_sent_at"",""schema"":""auth"",""default"":null,""nullable"":""YES"",""position"":12,""udt_name"":""timestamptz"",""data_type"":""timestamp with time zone"",""max_length"":null,""is_identity"":""NO"",""is_generated"":""NEVER"",""numeric_scale"":null,""numeric_precision"":null,""identity_generation"":null,""generation_expression"":null}"
04_COLUMN,auth.users.recovery_token,"{""table"":""users"",""column"":""recovery_token"",""schema"":""auth"",""default"":null,""nullable"":""YES"",""position"":11,""udt_name"":""varchar"",""data_type"":""character varying"",""max_length"":255,""is_identity"":""NO"",""is_generated"":""NEVER"",""numeric_scale"":null,""numeric_precision"":null,""identity_generation"":null,""generation_expression"":null}"
04_COLUMN,auth.users.role,"{""table"":""users"",""column"":""role"",""schema"":""auth"",""default"":null,""nullable"":""YES"",""position"":4,""udt_name"":""varchar"",""data_type"":""character varying"",""max_length"":255,""is_identity"":""NO"",""is_generated"":""NEVER"",""numeric_scale"":null,""numeric_precision"":null,""identity_generation"":null,""generation_expression"":null}"
04_COLUMN,auth.users.updated_at,"{""table"":""users"",""column"":""updated_at"",""schema"":""auth"",""default"":null,""nullable"":""YES"",""position"":21,""udt_name"":""timestamptz"",""data_type"":""timestamp with time zone"",""max_length"":null,""is_identity"":""NO"",""is_generated"":""NEVER"",""numeric_scale"":null,""numeric_precision"":null,""identity_generation"":null,""generation_expression"":null}"
04_COLUMN,public.article_categories.created_at,"{""table"":""article_categories"",""column"":""created_at"",""schema"":""public"",""default"":""now()"",""nullable"":""NO"",""position"":5,""udt_name"":""timestamptz"",""data_type"":""timestamp with time zone"",""max_length"":null,""is_identity"":""NO"",""is_generated"":""NEVER"",""numeric_scale"":null,""numeric_precision"":null,""identity_generation"":null,""generation_expression"":null}"
04_COLUMN,public.article_categories.id,"{""table"":""article_categories"",""column"":""id"",""schema"":""public"",""default"":""gen_random_uuid()"",""nullable"":""NO"",""position"":1,""udt_name"":""uuid"",""data_type"":""uuid"",""max_length"":null,""is_identity"":""NO"",""is_generated"":""NEVER"",""numeric_scale"":null,""numeric_precision"":null,""identity_generation"":null,""generation_expression"":null}"
04_COLUMN,public.article_categories.is_active,"{""table"":""article_categories"",""column"":""is_active"",""schema"":""public"",""default"":""true"",""nullable"":""NO"",""position"":3,""udt_name"":""bool"",""data_type"":""boolean"",""max_length"":null,""is_identity"":""NO"",""is_generated"":""NEVER"",""numeric_scale"":null,""numeric_precision"":null,""identity_generation"":null,""generation_expression"":null}"
04_COLUMN,public.article_categories.slug,"{""table"":""article_categories"",""column"":""slug"",""schema"":""public"",""default"":null,""nullable"":""NO"",""position"":2,""udt_name"":""text"",""data_type"":""text"",""max_length"":null,""is_identity"":""NO"",""is_generated"":""NEVER"",""numeric_scale"":null,""numeric_precision"":null,""identity_generation"":null,""generation_expression"":null}"
04_COLUMN,public.article_categories.sort_order,"{""table"":""article_categories"",""column"":""sort_order"",""schema"":""public"",""default"":""0"",""nullable"":""NO"",""position"":4,""udt_name"":""int4"",""data_type"":""integer"",""max_length"":null,""is_identity"":""NO"",""is_generated"":""NEVER"",""numeric_scale"":0,""numeric_precision"":32,""identity_generation"":null,""generation_expression"":null}"
04_COLUMN,public.article_categories.updated_at,"{""table"":""article_categories"",""column"":""updated_at"",""schema"":""public"",""default"":""now()"",""nullable"":""NO"",""position"":6,""udt_name"":""timestamptz"",""data_type"":""timestamp with time zone"",""max_length"":null,""is_identity"":""NO"",""is_generated"":""NEVER"",""numeric_scale"":null,""numeric_precision"":null,""identity_generation"":null,""generation_expression"":null}"
04_COLUMN,public.article_category_translations.category_id,"{""table"":""article_category_translations"",""column"":""category_id"",""schema"":""public"",""default"":null,""nullable"":""NO"",""position"":1,""udt_name"":""uuid"",""data_type"":""uuid"",""max_length"":null,""is_identity"":""NO"",""is_generated"":""NEVER"",""numeric_scale"":null,""numeric_precision"":null,""identity_generation"":null,""generation_expression"":null}"
04_COLUMN,public.article_category_translations.created_at,"{""table"":""article_category_translations"",""column"":""created_at"",""schema"":""public"",""default"":""now()"",""nullable"":""NO"",""position"":4,""udt_name"":""timestamptz"",""data_type"":""timestamp with time zone"",""max_length"":null,""is_identity"":""NO"",""is_generated"":""NEVER"",""numeric_scale"":null,""numeric_precision"":null,""identity_generation"":null,""generation_expression"":null}"
04_COLUMN,public.article_category_translations.locale,"{""table"":""article_category_translations"",""column"":""locale"",""schema"":""public"",""default"":null,""nullable"":""NO"",""position"":2,""udt_name"":""content_locale"",""data_type"":""USER-DEFINED"",""max_length"":null,""is_identity"":""NO"",""is_generated"":""NEVER"",""numeric_scale"":null,""numeric_precision"":null,""identity_generation"":null,""generation_expression"":null}"
04_COLUMN,public.article_category_translations.name,"{""table"":""article_category_translations"",""column"":""name"",""schema"":""public"",""default"":null,""nullable"":""NO"",""position"":3,""udt_name"":""text"",""data_type"":""text"",""max_length"":null,""is_identity"":""NO"",""is_generated"":""NEVER"",""numeric_scale"":null,""numeric_precision"":null,""identity_generation"":null,""generation_expression"":null}"
04_COLUMN,public.article_category_translations.updated_at,"{""table"":""article_category_translations"",""column"":""updated_at"",""schema"":""public"",""default"":""now()"",""nullable"":""NO"",""position"":5,""udt_name"":""timestamptz"",""data_type"":""timestamp with time zone"",""max_length"":null,""is_identity"":""NO"",""is_generated"":""NEVER"",""numeric_scale"":null,""numeric_precision"":null,""identity_generation"":null,""generation_expression"":null}"
04_COLUMN,public.article_translations.article_id,"{""table"":""article_translations"",""column"":""article_id"",""schema"":""public"",""default"":null,""nullable"":""NO"",""position"":1,""udt_name"":""uuid"",""data_type"":""uuid"",""max_length"":null,""is_identity"":""NO"",""is_generated"":""NEVER"",""numeric_scale"":null,""numeric_precision"":null,""identity_generation"":null,""generation_expression"":null}"
04_COLUMN,public.article_translations.body_markdown,"{""table"":""article_translations"",""column"":""body_markdown"",""schema"":""public"",""default"":null,""nullable"":""YES"",""position"":6,""udt_name"":""text"",""data_type"":""text"",""max_length"":null,""is_identity"":""NO"",""is_generated"":""NEVER"",""numeric_scale"":null,""numeric_precision"":null,""identity_generation"":null,""generation_expression"":null}"
04_COLUMN,public.article_translations.created_at,"{""table"":""article_translations"",""column"":""created_at"",""schema"":""public"",""default"":""now()"",""nullable"":""NO"",""position"":9,""udt_name"":""timestamptz"",""data_type"":""timestamp with time zone"",""max_length"":null,""is_identity"":""NO"",""is_generated"":""NEVER"",""numeric_scale"":null,""numeric_precision"":null,""identity_generation"":null,""generation_expression"":null}"
04_COLUMN,public.article_translations.excerpt,"{""table"":""article_translations"",""column"":""excerpt"",""schema"":""public"",""default"":null,""nullable"":""YES"",""position"":5,""udt_name"":""text"",""data_type"":""text"",""max_length"":null,""is_identity"":""NO"",""is_generated"":""NEVER"",""numeric_scale"":null,""numeric_precision"":null,""identity_generation"":null,""generation_expression"":null}"
04_COLUMN,public.article_translations.locale,"{""table"":""article_translations"",""column"":""locale"",""schema"":""public"",""default"":null,""nullable"":""NO"",""position"":2,""udt_name"":""content_locale"",""data_type"":""USER-DEFINED"",""max_length"":null,""is_identity"":""NO"",""is_generated"":""NEVER"",""numeric_scale"":null,""numeric_precision"":null,""identity_generation"":null,""generation_expression"":null}"
04_COLUMN,public.article_translations.seo_description,"{""table"":""article_translations"",""column"":""seo_description"",""schema"":""public"",""default"":null,""nullable"":""YES"",""position"":8,""udt_name"":""text"",""data_type"":""text"",""max_length"":null,""is_identity"":""NO"",""is_generated"":""NEVER"",""numeric_scale"":null,""numeric_precision"":null,""identity_generation"":null,""generation_expression"":null}"
04_COLUMN,public.article_translations.seo_title,"{""table"":""article_translations"",""column"":""seo_title"",""schema"":""public"",""default"":null,""nullable"":""YES"",""position"":7,""udt_name"":""text"",""data_type"":""text"",""max_length"":null,""is_identity"":""NO"",""is_generated"":""NEVER"",""numeric_scale"":null,""numeric_precision"":null,""identity_generation"":null,""generation_expression"":null}"
04_COLUMN,public.article_translations.slug,"{""table"":""article_translations"",""column"":""slug"",""schema"":""public"",""default"":null,""nullable"":""NO"",""position"":3,""udt_name"":""text"",""data_type"":""text"",""max_length"":null,""is_identity"":""NO"",""is_generated"":""NEVER"",""numeric_scale"":null,""numeric_precision"":null,""identity_generation"":null,""generation_expression"":null}"
04_COLUMN,public.article_translations.title,"{""table"":""article_translations"",""column"":""title"",""schema"":""public"",""default"":null,""nullable"":""NO"",""position"":4,""udt_name"":""text"",""data_type"":""text"",""max_length"":null,""is_identity"":""NO"",""is_generated"":""NEVER"",""numeric_scale"":null,""numeric_precision"":null,""identity_generation"":null,""generation_expression"":null}"
04_COLUMN,public.article_translations.updated_at,"{""table"":""article_translations"",""column"":""updated_at"",""schema"":""public"",""default"":""now()"",""nullable"":""NO"",""position"":10,""udt_name"":""timestamptz"",""data_type"":""timestamp with time zone"",""max_length"":null,""is_identity"":""NO"",""is_generated"":""NEVER"",""numeric_scale"":null,""numeric_precision"":null,""identity_generation"":null,""generation_expression"":null}"
04_COLUMN,public.articles.category_id,"{""table"":""articles"",""column"":""category_id"",""schema"":""public"",""default"":null,""nullable"":""YES"",""position"":2,""udt_name"":""uuid"",""data_type"":""uuid"",""max_length"":null,""is_identity"":""NO"",""is_generated"":""NEVER"",""numeric_scale"":null,""numeric_precision"":null,""identity_generation"":null,""generation_expression"":null}"
04_COLUMN,public.articles.created_at,"{""table"":""articles"",""column"":""created_at"",""schema"":""public"",""default"":""now()"",""nullable"":""NO"",""position"":9,""udt_name"":""timestamptz"",""data_type"":""timestamp with time zone"",""max_length"":null,""is_identity"":""NO"",""is_generated"":""NEVER"",""numeric_scale"":null,""numeric_precision"":null,""identity_generation"":null,""generation_expression"":null}"
04_COLUMN,public.articles.created_by,"{""table"":""articles"",""column"":""created_by"",""schema"":""public"",""default"":""auth.uid()"",""nullable"":""YES"",""position"":7,""udt_name"":""uuid"",""data_type"":""uuid"",""max_length"":null,""is_identity"":""NO"",""is_generated"":""NEVER"",""numeric_scale"":null,""numeric_precision"":null,""identity_generation"":null,""generation_expression"":null}"
04_COLUMN,public.articles.deleted_at,"{""table"":""articles"",""column"":""deleted_at"",""schema"":""public"",""default"":null,""nullable"":""YES"",""position"":11,""udt_name"":""timestamptz"",""data_type"":""timestamp with time zone"",""max_length"":null,""is_identity"":""NO"",""is_generated"":""NEVER"",""numeric_scale"":null,""numeric_precision"":null,""identity_generation"":null,""generation_expression"":null}"
04_COLUMN,public.articles.featured_media_id,"{""table"":""articles"",""column"":""featured_media_id"",""schema"":""public"",""default"":null,""nullable"":""YES"",""position"":3,""udt_name"":""uuid"",""data_type"":""uuid"",""max_length"":null,""is_identity"":""NO"",""is_generated"":""NEVER"",""numeric_scale"":null,""numeric_precision"":null,""identity_generation"":null,""generation_expression"":null}"
04_COLUMN,public.articles.id,"{""table"":""articles"",""column"":""id"",""schema"":""public"",""default"":""gen_random_uuid()"",""nullable"":""NO"",""position"":1,""udt_name"":""uuid"",""data_type"":""uuid"",""max_length"":null,""is_identity"":""NO"",""is_generated"":""NEVER"",""numeric_scale"":null,""numeric_precision"":null,""identity_generation"":null,""generation_expression"":null}"
04_COLUMN,public.articles.is_featured,"{""table"":""articles"",""column"":""is_featured"",""schema"":""public"",""default"":""false"",""nullable"":""NO"",""position"":5,""udt_name"":""bool"",""data_type"":""boolean"",""max_length"":null,""is_identity"":""NO"",""is_generated"":""NEVER"",""numeric_scale"":null,""numeric_precision"":null,""identity_generation"":null,""generation_expression"":null}"
04_COLUMN,public.articles.published_at,"{""table"":""articles"",""column"":""published_at"",""schema"":""public"",""default"":null,""nullable"":""YES"",""position"":6,""udt_name"":""timestamptz"",""data_type"":""timestamp with time zone"",""max_length"":null,""is_identity"":""NO"",""is_generated"":""NEVER"",""numeric_scale"":null,""numeric_precision"":null,""identity_generation"":null,""generation_expression"":null}"
04_COLUMN,public.articles.status,"{""table"":""articles"",""column"":""status"",""schema"":""public"",""default"":""'DRAFT'::article_status"",""nullable"":""NO"",""position"":4,""udt_name"":""article_status"",""data_type"":""USER-DEFINED"",""max_length"":null,""is_identity"":""NO"",""is_generated"":""NEVER"",""numeric_scale"":null,""numeric_precision"":null,""identity_generation"":null,""generation_expression"":null}"
04_COLUMN,public.articles.updated_at,"{""table"":""articles"",""column"":""updated_at"",""schema"":""public"",""default"":""now()"",""nullable"":""NO"",""position"":10,""udt_name"":""timestamptz"",""data_type"":""timestamp with time zone"",""max_length"":null,""is_identity"":""NO"",""is_generated"":""NEVER"",""numeric_scale"":null,""numeric_precision"":null,""identity_generation"":null,""generation_expression"":null}"
04_COLUMN,public.articles.updated_by,"{""table"":""articles"",""column"":""updated_by"",""schema"":""public"",""default"":""auth.uid()"",""nullable"":""YES"",""position"":8,""udt_name"":""uuid"",""data_type"":""uuid"",""max_length"":null,""is_identity"":""NO"",""is_generated"":""NEVER"",""numeric_scale"":null,""numeric_precision"":null,""identity_generation"":null,""generation_expression"":null}"
04_COLUMN,public.audit_logs.action,"{""table"":""audit_logs"",""column"":""action"",""schema"":""public"",""default"":null,""nullable"":""NO"",""position"":5,""udt_name"":""text"",""data_type"":""text"",""max_length"":null,""is_identity"":""NO"",""is_generated"":""NEVER"",""numeric_scale"":null,""numeric_precision"":null,""identity_generation"":null,""generation_expression"":null}"
04_COLUMN,public.audit_logs.actor_user_id,"{""table"":""audit_logs"",""column"":""actor_user_id"",""schema"":""public"",""default"":null,""nullable"":""YES"",""position"":2,""udt_name"":""uuid"",""data_type"":""uuid"",""max_length"":null,""is_identity"":""NO"",""is_generated"":""NEVER"",""numeric_scale"":null,""numeric_precision"":null,""identity_generation"":null,""generation_expression"":null}"
04_COLUMN,public.audit_logs.created_at,"{""table"":""audit_logs"",""column"":""created_at"",""schema"":""public"",""default"":""now()"",""nullable"":""NO"",""position"":8,""udt_name"":""timestamptz"",""data_type"":""timestamp with time zone"",""max_length"":null,""is_identity"":""NO"",""is_generated"":""NEVER"",""numeric_scale"":null,""numeric_precision"":null,""identity_generation"":null,""generation_expression"":null}"
04_COLUMN,public.audit_logs.entity_id,"{""table"":""audit_logs"",""column"":""entity_id"",""schema"":""public"",""default"":null,""nullable"":""YES"",""position"":4,""udt_name"":""uuid"",""data_type"":""uuid"",""max_length"":null,""is_identity"":""NO"",""is_generated"":""NEVER"",""numeric_scale"":null,""numeric_precision"":null,""identity_generation"":null,""generation_expression"":null}"
04_COLUMN,public.audit_logs.entity_type,"{""table"":""audit_logs"",""column"":""entity_type"",""schema"":""public"",""default"":null,""nullable"":""NO"",""position"":3,""udt_name"":""text"",""data_type"":""text"",""max_length"":null,""is_identity"":""NO"",""is_generated"":""NEVER"",""numeric_scale"":null,""numeric_precision"":null,""identity_generation"":null,""generation_expression"":null}"
04_COLUMN,public.audit_logs.id,"{""table"":""audit_logs"",""column"":""id"",""schema"":""public"",""default"":null,""nullable"":""NO"",""position"":1,""udt_name"":""int8"",""data_type"":""bigint"",""max_length"":null,""is_identity"":""YES"",""is_generated"":""NEVER"",""numeric_scale"":0,""numeric_precision"":64,""identity_generation"":""BY DEFAULT"",""generation_expression"":null}"
04_COLUMN,public.audit_logs.new_data,"{""table"":""audit_logs"",""column"":""new_data"",""schema"":""public"",""default"":null,""nullable"":""YES"",""position"":7,""udt_name"":""jsonb"",""data_type"":""jsonb"",""max_length"":null,""is_identity"":""NO"",""is_generated"":""NEVER"",""numeric_scale"":null,""numeric_precision"":null,""identity_generation"":null,""generation_expression"":null}"
04_COLUMN,public.audit_logs.old_data,"{""table"":""audit_logs"",""column"":""old_data"",""schema"":""public"",""default"":null,""nullable"":""YES"",""position"":6,""udt_name"":""jsonb"",""data_type"":""jsonb"",""max_length"":null,""is_identity"":""NO"",""is_generated"":""NEVER"",""numeric_scale"":null,""numeric_precision"":null,""identity_generation"":null,""generation_expression"":null}"
04_COLUMN,public.certification_translations.certification_id,"{""table"":""certification_translations"",""column"":""certification_id"",""schema"":""public"",""default"":null,""nullable"":""NO"",""position"":1,""udt_name"":""uuid"",""data_type"":""uuid"",""max_length"":null,""is_identity"":""NO"",""is_generated"":""NEVER"",""numeric_scale"":null,""numeric_precision"":null,""identity_generation"":null,""generation_expression"":null}"
04_COLUMN,public.certification_translations.created_at,"{""table"":""certification_translations"",""column"":""created_at"",""schema"":""public"",""default"":""now()"",""nullable"":""NO"",""position"":5,""udt_name"":""timestamptz"",""data_type"":""timestamp with time zone"",""max_length"":null,""is_identity"":""NO"",""is_generated"":""NEVER"",""numeric_scale"":null,""numeric_precision"":null,""identity_generation"":null,""generation_expression"":null}"
04_COLUMN,public.certification_translations.description,"{""table"":""certification_translations"",""column"":""description"",""schema"":""public"",""default"":null,""nullable"":""YES"",""position"":4,""udt_name"":""text"",""data_type"":""text"",""max_length"":null,""is_identity"":""NO"",""is_generated"":""NEVER"",""numeric_scale"":null,""numeric_precision"":null,""identity_generation"":null,""generation_expression"":null}"
04_COLUMN,public.certification_translations.locale,"{""table"":""certification_translations"",""column"":""locale"",""schema"":""public"",""default"":null,""nullable"":""NO"",""position"":2,""udt_name"":""content_locale"",""data_type"":""USER-DEFINED"",""max_length"":null,""is_identity"":""NO"",""is_generated"":""NEVER"",""numeric_scale"":null,""numeric_precision"":null,""identity_generation"":null,""generation_expression"":null}"
04_COLUMN,public.certification_translations.name,"{""table"":""certification_translations"",""column"":""name"",""schema"":""public"",""default"":null,""nullable"":""NO"",""position"":3,""udt_name"":""text"",""data_type"":""text"",""max_length"":null,""is_identity"":""NO"",""is_generated"":""NEVER"",""numeric_scale"":null,""numeric_precision"":null,""identity_generation"":null,""generation_expression"":null}"
04_COLUMN,public.certification_translations.updated_at,"{""table"":""certification_translations"",""column"":""updated_at"",""schema"":""public"",""default"":""now()"",""nullable"":""NO"",""position"":6,""udt_name"":""timestamptz"",""data_type"":""timestamp with time zone"",""max_length"":null,""is_identity"":""NO"",""is_generated"":""NEVER"",""numeric_scale"":null,""numeric_precision"":null,""identity_generation"":null,""generation_expression"":null}"
04_COLUMN,public.certifications.created_at,"{""table"":""certifications"",""column"":""created_at"",""schema"":""public"",""default"":""now()"",""nullable"":""NO"",""position"":6,""udt_name"":""timestamptz"",""data_type"":""timestamp with time zone"",""max_length"":null,""is_identity"":""NO"",""is_generated"":""NEVER"",""numeric_scale"":null,""numeric_precision"":null,""identity_generation"":null,""generation_expression"":null}"
04_COLUMN,public.certifications.id,"{""table"":""certifications"",""column"":""id"",""schema"":""public"",""default"":""gen_random_uuid()"",""nullable"":""NO"",""position"":1,""udt_name"":""uuid"",""data_type"":""uuid"",""max_length"":null,""is_identity"":""NO"",""is_generated"":""NEVER"",""numeric_scale"":null,""numeric_precision"":null,""identity_generation"":null,""generation_expression"":null}"
04_COLUMN,public.certifications.is_active,"{""table"":""certifications"",""column"":""is_active"",""schema"":""public"",""default"":""true"",""nullable"":""NO"",""position"":5,""udt_name"":""bool"",""data_type"":""boolean"",""max_length"":null,""is_identity"":""NO"",""is_generated"":""NEVER"",""numeric_scale"":null,""numeric_precision"":null,""identity_generation"":null,""generation_expression"":null}"
04_COLUMN,public.certifications.short_code,"{""table"":""certifications"",""column"":""short_code"",""schema"":""public"",""default"":null,""nullable"":""YES"",""position"":3,""udt_name"":""text"",""data_type"":""text"",""max_length"":null,""is_identity"":""NO"",""is_generated"":""NEVER"",""numeric_scale"":null,""numeric_precision"":null,""identity_generation"":null,""generation_expression"":null}"
04_COLUMN,public.certifications.slug,"{""table"":""certifications"",""column"":""slug"",""schema"":""public"",""default"":null,""nullable"":""NO"",""position"":2,""udt_name"":""text"",""data_type"":""text"",""max_length"":null,""is_identity"":""NO"",""is_generated"":""NEVER"",""numeric_scale"":null,""numeric_precision"":null,""identity_generation"":null,""generation_expression"":null}"
04_COLUMN,public.certifications.updated_at,"{""table"":""certifications"",""column"":""updated_at"",""schema"":""public"",""default"":""now()"",""nullable"":""NO"",""position"":7,""udt_name"":""timestamptz"",""data_type"":""timestamp with time zone"",""max_length"":null,""is_identity"":""NO"",""is_generated"":""NEVER"",""numeric_scale"":null,""numeric_precision"":null,""identity_generation"":null,""generation_expression"":null}"
04_COLUMN,public.certifications.website_url,"{""table"":""certifications"",""column"":""website_url"",""schema"":""public"",""default"":null,""nullable"":""YES"",""position"":4,""udt_name"":""text"",""data_type"":""text"",""max_length"":null,""is_identity"":""NO"",""is_generated"":""NEVER"",""numeric_scale"":null,""numeric_precision"":null,""identity_generation"":null,""generation_expression"":null}"
04_COLUMN,public.coffee_certifications.certification_id,"{""table"":""coffee_certifications"",""column"":""certification_id"",""schema"":""public"",""default"":null,""nullable"":""NO"",""position"":2,""udt_name"":""uuid"",""data_type"":""uuid"",""max_length"":null,""is_identity"":""NO"",""is_generated"":""NEVER"",""numeric_scale"":null,""numeric_precision"":null,""identity_generation"":null,""generation_expression"":null}"
04_COLUMN,public.coffee_certifications.coffee_id,"{""table"":""coffee_certifications"",""column"":""coffee_id"",""schema"":""public"",""default"":null,""nullable"":""NO"",""position"":1,""udt_name"":""uuid"",""data_type"":""uuid"",""max_length"":null,""is_identity"":""NO"",""is_generated"":""NEVER"",""numeric_scale"":null,""numeric_precision"":null,""identity_generation"":null,""generation_expression"":null}"
04_COLUMN,public.coffee_certifications.created_at,"{""table"":""coffee_certifications"",""column"":""created_at"",""schema"":""public"",""default"":""now()"",""nullable"":""NO"",""position"":3,""udt_name"":""timestamptz"",""data_type"":""timestamp with time zone"",""max_length"":null,""is_identity"":""NO"",""is_generated"":""NEVER"",""numeric_scale"":null,""numeric_precision"":null,""identity_generation"":null,""generation_expression"":null}"
04_COLUMN,public.coffee_media.coffee_id,"{""table"":""coffee_media"",""column"":""coffee_id"",""schema"":""public"",""default"":null,""nullable"":""NO"",""position"":1,""udt_name"":""uuid"",""data_type"":""uuid"",""max_length"":null,""is_identity"":""NO"",""is_generated"":""NEVER"",""numeric_scale"":null,""numeric_precision"":null,""identity_generation"":null,""generation_expression"":null}"
04_COLUMN,public.coffee_media.created_at,"{""table"":""coffee_media"",""column"":""created_at"",""schema"":""public"",""default"":""now()"",""nullable"":""NO"",""position"":5,""udt_name"":""timestamptz"",""data_type"":""timestamp with time zone"",""max_length"":null,""is_identity"":""NO"",""is_generated"":""NEVER"",""numeric_scale"":null,""numeric_precision"":null,""identity_generation"":null,""generation_expression"":null}"
04_COLUMN,public.coffee_media.media_id,"{""table"":""coffee_media"",""column"":""media_id"",""schema"":""public"",""default"":null,""nullable"":""NO"",""position"":2,""udt_name"":""uuid"",""data_type"":""uuid"",""max_length"":null,""is_identity"":""NO"",""is_generated"":""NEVER"",""numeric_scale"":null,""numeric_precision"":null,""identity_generation"":null,""generation_expression"":null}"
04_COLUMN,public.coffee_media.role,"{""table"":""coffee_media"",""column"":""role"",""schema"":""public"",""default"":""'GALLERY'::text"",""nullable"":""NO"",""position"":3,""udt_name"":""text"",""data_type"":""text"",""max_length"":null,""is_identity"":""NO"",""is_generated"":""NEVER"",""numeric_scale"":null,""numeric_precision"":null,""identity_generation"":null,""generation_expression"":null}"
04_COLUMN,public.coffee_media.sort_order,"{""table"":""coffee_media"",""column"":""sort_order"",""schema"":""public"",""default"":""0"",""nullable"":""NO"",""position"":4,""udt_name"":""int4"",""data_type"":""integer"",""max_length"":null,""is_identity"":""NO"",""is_generated"":""NEVER"",""numeric_scale"":0,""numeric_precision"":32,""identity_generation"":null,""generation_expression"":null}"
04_COLUMN,public.coffee_offers.available_from,"{""table"":""coffee_offers"",""column"":""available_from"",""schema"":""public"",""default"":null,""nullable"":""YES"",""position"":12,""udt_name"":""date"",""data_type"":""date"",""max_length"":null,""is_identity"":""NO"",""is_generated"":""NEVER"",""numeric_scale"":null,""numeric_precision"":null,""identity_generation"":null,""generation_expression"":null}"
04_COLUMN,public.coffee_offers.bag_weight_kg,"{""table"":""coffee_offers"",""column"":""bag_weight_kg"",""schema"":""public"",""default"":null,""nullable"":""NO"",""position"":6,""udt_name"":""numeric"",""data_type"":""numeric"",""max_length"":null,""is_identity"":""NO"",""is_generated"":""NEVER"",""numeric_scale"":3,""numeric_precision"":10,""identity_generation"":null,""generation_expression"":null}"
04_COLUMN,public.coffee_offers.bags_quantity,"{""table"":""coffee_offers"",""column"":""bags_quantity"",""schema"":""public"",""default"":""0"",""nullable"":""NO"",""position"":5,""udt_name"":""int4"",""data_type"":""integer"",""max_length"":null,""is_identity"":""NO"",""is_generated"":""NEVER"",""numeric_scale"":0,""numeric_precision"":32,""identity_generation"":null,""generation_expression"":null}"
04_COLUMN,public.coffee_offers.coffee_id,"{""table"":""coffee_offers"",""column"":""coffee_id"",""schema"":""public"",""default"":null,""nullable"":""NO"",""position"":2,""udt_name"":""uuid"",""data_type"":""uuid"",""max_length"":null,""is_identity"":""NO"",""is_generated"":""NEVER"",""numeric_scale"":null,""numeric_precision"":null,""identity_generation"":null,""generation_expression"":null}"
04_COLUMN,public.coffee_offers.created_at,"{""table"":""coffee_offers"",""column"":""created_at"",""schema"":""public"",""default"":""now()"",""nullable"":""NO"",""position"":16,""udt_name"":""timestamptz"",""data_type"":""timestamp with time zone"",""max_length"":null,""is_identity"":""NO"",""is_generated"":""NEVER"",""numeric_scale"":null,""numeric_precision"":null,""identity_generation"":null,""generation_expression"":null}"
04_COLUMN,public.coffee_offers.created_by,"{""table"":""coffee_offers"",""column"":""created_by"",""schema"":""public"",""default"":""auth.uid()"",""nullable"":""YES"",""position"":14,""udt_name"":""uuid"",""data_type"":""uuid"",""max_length"":null,""is_identity"":""NO"",""is_generated"":""NEVER"",""numeric_scale"":null,""numeric_precision"":null,""identity_generation"":null,""generation_expression"":null}"
04_COLUMN,public.coffee_offers.cup_score,"{""table"":""coffee_offers"",""column"":""cup_score"",""schema"":""public"",""default"":null,""nullable"":""YES"",""position"":9,""udt_name"":""numeric"",""data_type"":""numeric"",""max_length"":null,""is_identity"":""NO"",""is_generated"":""NEVER"",""numeric_scale"":2,""numeric_precision"":5,""identity_generation"":null,""generation_expression"":null}"
04_COLUMN,public.coffee_offers.currency_code,"{""table"":""coffee_offers"",""column"":""currency_code"",""schema"":""public"",""default"":""'USD'::character varying"",""nullable"":""NO"",""position"":10,""udt_name"":""varchar"",""data_type"":""character varying"",""max_length"":3,""is_identity"":""NO"",""is_generated"":""NEVER"",""numeric_scale"":null,""numeric_precision"":null,""identity_generation"":null,""generation_expression"":null}"
04_COLUMN,public.coffee_offers.deleted_at,"{""table"":""coffee_offers"",""column"":""deleted_at"",""schema"":""public"",""default"":null,""nullable"":""YES"",""position"":18,""udt_name"":""timestamptz"",""data_type"":""timestamp with time zone"",""max_length"":null,""is_identity"":""NO"",""is_generated"":""NEVER"",""numeric_scale"":null,""numeric_precision"":null,""identity_generation"":null,""generation_expression"":null}"
04_COLUMN,public.coffee_offers.id,"{""table"":""coffee_offers"",""column"":""id"",""schema"":""public"",""default"":""gen_random_uuid()"",""nullable"":""NO"",""position"":1,""udt_name"":""uuid"",""data_type"":""uuid"",""max_length"":null,""is_identity"":""NO"",""is_generated"":""NEVER"",""numeric_scale"":null,""numeric_precision"":null,""identity_generation"":null,""generation_expression"":null}"
04_COLUMN,public.coffee_offers.is_visible,"{""table"":""coffee_offers"",""column"":""is_visible"",""schema"":""public"",""default"":""true"",""nullable"":""NO"",""position"":13,""udt_name"":""bool"",""data_type"":""boolean"",""max_length"":null,""is_identity"":""NO"",""is_generated"":""NEVER"",""numeric_scale"":null,""numeric_precision"":null,""identity_generation"":null,""generation_expression"":null}"
04_COLUMN,public.coffee_offers.packaging_type_id,"{""table"":""coffee_offers"",""column"":""packaging_type_id"",""schema"":""public"",""default"":null,""nullable"":""YES"",""position"":7,""udt_name"":""uuid"",""data_type"":""uuid"",""max_length"":null,""is_identity"":""NO"",""is_generated"":""NEVER"",""numeric_scale"":null,""numeric_precision"":null,""identity_generation"":null,""generation_expression"":null}"
04_COLUMN,public.coffee_offers.pricing_unit,"{""table"":""coffee_offers"",""column"":""pricing_unit"",""schema"":""public"",""default"":""'KG'::character varying"",""nullable"":""NO"",""position"":11,""udt_name"":""varchar"",""data_type"":""character varying"",""max_length"":10,""is_identity"":""NO"",""is_generated"":""NEVER"",""numeric_scale"":null,""numeric_precision"":null,""identity_generation"":null,""generation_expression"":null}"
04_COLUMN,public.coffee_offers.reference_number,"{""table"":""coffee_offers"",""column"":""reference_number"",""schema"":""public"",""default"":null,""nullable"":""NO"",""position"":4,""udt_name"":""text"",""data_type"":""text"",""max_length"":null,""is_identity"":""NO"",""is_generated"":""NEVER"",""numeric_scale"":null,""numeric_precision"":null,""identity_generation"":null,""generation_expression"":null}"
04_COLUMN,public.coffee_offers.status,"{""table"":""coffee_offers"",""column"":""status"",""schema"":""public"",""default"":""'IN_STORE'::offer_status"",""nullable"":""NO"",""position"":8,""udt_name"":""offer_status"",""data_type"":""USER-DEFINED"",""max_length"":null,""is_identity"":""NO"",""is_generated"":""NEVER"",""numeric_scale"":null,""numeric_precision"":null,""identity_generation"":null,""generation_expression"":null}"
04_COLUMN,public.coffee_offers.updated_at,"{""table"":""coffee_offers"",""column"":""updated_at"",""schema"":""public"",""default"":""now()"",""nullable"":""NO"",""position"":17,""udt_name"":""timestamptz"",""data_type"":""timestamp with time zone"",""max_length"":null,""is_identity"":""NO"",""is_generated"":""NEVER"",""numeric_scale"":null,""numeric_precision"":null,""identity_generation"":null,""generation_expression"":null}"
04_COLUMN,public.coffee_offers.updated_by,"{""table"":""coffee_offers"",""column"":""updated_by"",""schema"":""public"",""default"":""auth.uid()"",""nullable"":""YES"",""position"":15,""udt_name"":""uuid"",""data_type"":""uuid"",""max_length"":null,""is_identity"":""NO"",""is_generated"":""NEVER"",""numeric_scale"":null,""numeric_precision"":null,""identity_generation"":null,""generation_expression"":null}"
04_COLUMN,public.coffee_offers.warehouse_id,"{""table"":""coffee_offers"",""column"":""warehouse_id"",""schema"":""public"",""default"":null,""nullable"":""NO"",""position"":3,""udt_name"":""uuid"",""data_type"":""uuid"",""max_length"":null,""is_identity"":""NO"",""is_generated"":""NEVER"",""numeric_scale"":null,""numeric_precision"":null,""identity_generation"":null,""generation_expression"":null}"
04_COLUMN,public.coffee_tags.coffee_id,"{""table"":""coffee_tags"",""column"":""coffee_id"",""schema"":""public"",""default"":null,""nullable"":""NO"",""position"":1,""udt_name"":""uuid"",""data_type"":""uuid"",""max_length"":null,""is_identity"":""NO"",""is_generated"":""NEVER"",""numeric_scale"":null,""numeric_precision"":null,""identity_generation"":null,""generation_expression"":null}"
04_COLUMN,public.coffee_tags.created_at,"{""table"":""coffee_tags"",""column"":""created_at"",""schema"":""public"",""default"":""now()"",""nullable"":""NO"",""position"":3,""udt_name"":""timestamptz"",""data_type"":""timestamp with time zone"",""max_length"":null,""is_identity"":""NO"",""is_generated"":""NEVER"",""numeric_scale"":null,""numeric_precision"":null,""identity_generation"":null,""generation_expression"":null}"
04_COLUMN,public.coffee_tags.tag_id,"{""table"":""coffee_tags"",""column"":""tag_id"",""schema"":""public"",""default"":null,""nullable"":""NO"",""position"":2,""udt_name"":""uuid"",""data_type"":""uuid"",""max_length"":null,""is_identity"":""NO"",""is_generated"":""NEVER"",""numeric_scale"":null,""numeric_precision"":null,""identity_generation"":null,""generation_expression"":null}"
04_COLUMN,public.coffee_translations.about_this_coffee,"{""table"":""coffee_translations"",""column"":""about_this_coffee"",""schema"":""public"",""default"":null,""nullable"":""YES"",""position"":8,""udt_name"":""text"",""data_type"":""text"",""max_length"":null,""is_identity"":""NO"",""is_generated"":""NEVER"",""numeric_scale"":null,""numeric_precision"":null,""identity_generation"":null,""generation_expression"":null}"
04_COLUMN,public.coffee_translations.coffee_id,"{""table"":""coffee_translations"",""column"":""coffee_id"",""schema"":""public"",""default"":null,""nullable"":""NO"",""position"":1,""udt_name"":""uuid"",""data_type"":""uuid"",""max_length"":null,""is_identity"":""NO"",""is_generated"":""NEVER"",""numeric_scale"":null,""numeric_precision"":null,""identity_generation"":null,""generation_expression"":null}"
04_COLUMN,public.coffee_translations.created_at,"{""table"":""coffee_translations"",""column"":""created_at"",""schema"":""public"",""default"":""now()"",""nullable"":""NO"",""position"":17,""udt_name"":""timestamptz"",""data_type"":""timestamp with time zone"",""max_length"":null,""is_identity"":""NO"",""is_generated"":""NEVER"",""numeric_scale"":null,""numeric_precision"":null,""identity_generation"":null,""generation_expression"":null}"
04_COLUMN,public.coffee_translations.cultivation,"{""table"":""coffee_translations"",""column"":""cultivation"",""schema"":""public"",""default"":null,""nullable"":""YES"",""position"":9,""udt_name"":""text"",""data_type"":""text"",""max_length"":null,""is_identity"":""NO"",""is_generated"":""NEVER"",""numeric_scale"":null,""numeric_precision"":null,""identity_generation"":null,""generation_expression"":null}"
04_COLUMN,public.coffee_translations.farm_coop_station,"{""table"":""coffee_translations"",""column"":""farm_coop_station"",""schema"":""public"",""default"":null,""nullable"":""YES"",""position"":6,""udt_name"":""text"",""data_type"":""text"",""max_length"":null,""is_identity"":""NO"",""is_generated"":""NEVER"",""numeric_scale"":null,""numeric_precision"":null,""identity_generation"":null,""generation_expression"":null}"
04_COLUMN,public.coffee_translations.harvest_post_harvest,"{""table"":""coffee_translations"",""column"":""harvest_post_harvest"",""schema"":""public"",""default"":null,""nullable"":""YES"",""position"":10,""udt_name"":""text"",""data_type"":""text"",""max_length"":null,""is_identity"":""NO"",""is_generated"":""NEVER"",""numeric_scale"":null,""numeric_precision"":null,""identity_generation"":null,""generation_expression"":null}"
04_COLUMN,public.coffee_translations.locale,"{""table"":""coffee_translations"",""column"":""locale"",""schema"":""public"",""default"":null,""nullable"":""NO"",""position"":2,""udt_name"":""content_locale"",""data_type"":""USER-DEFINED"",""max_length"":null,""is_identity"":""NO"",""is_generated"":""NEVER"",""numeric_scale"":null,""numeric_precision"":null,""identity_generation"":null,""generation_expression"":null}"
04_COLUMN,public.coffee_translations.name,"{""table"":""coffee_translations"",""column"":""name"",""schema"":""public"",""default"":null,""nullable"":""NO"",""position"":3,""udt_name"":""text"",""data_type"":""text"",""max_length"":null,""is_identity"":""NO"",""is_generated"":""NEVER"",""numeric_scale"":null,""numeric_precision"":null,""identity_generation"":null,""generation_expression"":null}"
04_COLUMN,public.coffee_translations.origin_story,"{""table"":""coffee_translations"",""column"":""origin_story"",""schema"":""public"",""default"":null,""nullable"":""YES"",""position"":12,""udt_name"":""text"",""data_type"":""text"",""max_length"":null,""is_identity"":""NO"",""is_generated"":""NEVER"",""numeric_scale"":null,""numeric_precision"":null,""identity_generation"":null,""generation_expression"":null}"
04_COLUMN,public.coffee_translations.owner_producer,"{""table"":""coffee_translations"",""column"":""owner_producer"",""schema"":""public"",""default"":null,""nullable"":""YES"",""position"":7,""udt_name"":""text"",""data_type"":""text"",""max_length"":null,""is_identity"":""NO"",""is_generated"":""NEVER"",""numeric_scale"":null,""numeric_precision"":null,""identity_generation"":null,""generation_expression"":null}"
04_COLUMN,public.coffee_translations.processing_story,"{""table"":""coffee_translations"",""column"":""processing_story"",""schema"":""public"",""default"":null,""nullable"":""YES"",""position"":11,""udt_name"":""text"",""data_type"":""text"",""max_length"":null,""is_identity"":""NO"",""is_generated"":""NEVER"",""numeric_scale"":null,""numeric_precision"":null,""identity_generation"":null,""generation_expression"":null}"
04_COLUMN,public.coffee_translations.seo_description,"{""table"":""coffee_translations"",""column"":""seo_description"",""schema"":""public"",""default"":null,""nullable"":""YES"",""position"":16,""udt_name"":""text"",""data_type"":""text"",""max_length"":null,""is_identity"":""NO"",""is_generated"":""NEVER"",""numeric_scale"":null,""numeric_precision"":null,""identity_generation"":null,""generation_expression"":null}"
04_COLUMN,public.coffee_translations.seo_title,"{""table"":""coffee_translations"",""column"":""seo_title"",""schema"":""public"",""default"":null,""nullable"":""YES"",""position"":15,""udt_name"":""text"",""data_type"":""text"",""max_length"":null,""is_identity"":""NO"",""is_generated"":""NEVER"",""numeric_scale"":null,""numeric_precision"":null,""identity_generation"":null,""generation_expression"":null}"
04_COLUMN,public.coffee_translations.short_description,"{""table"":""coffee_translations"",""column"":""short_description"",""schema"":""public"",""default"":null,""nullable"":""YES"",""position"":4,""udt_name"":""text"",""data_type"":""text"",""max_length"":null,""is_identity"":""NO"",""is_generated"":""NEVER"",""numeric_scale"":null,""numeric_precision"":null,""identity_generation"":null,""generation_expression"":null}"
04_COLUMN,public.coffee_translations.subregion_town,"{""table"":""coffee_translations"",""column"":""subregion_town"",""schema"":""public"",""default"":null,""nullable"":""YES"",""position"":5,""udt_name"":""text"",""data_type"":""text"",""max_length"":null,""is_identity"":""NO"",""is_generated"":""NEVER"",""numeric_scale"":null,""numeric_precision"":null,""identity_generation"":null,""generation_expression"":null}"
04_COLUMN,public.coffee_translations.sustainability,"{""table"":""coffee_translations"",""column"":""sustainability"",""schema"":""public"",""default"":null,""nullable"":""YES"",""position"":13,""udt_name"":""text"",""data_type"":""text"",""max_length"":null,""is_identity"":""NO"",""is_generated"":""NEVER"",""numeric_scale"":null,""numeric_precision"":null,""identity_generation"":null,""generation_expression"":null}"
04_COLUMN,public.coffee_translations.traceability,"{""table"":""coffee_translations"",""column"":""traceability"",""schema"":""public"",""default"":null,""nullable"":""YES"",""position"":14,""udt_name"":""text"",""data_type"":""text"",""max_length"":null,""is_identity"":""NO"",""is_generated"":""NEVER"",""numeric_scale"":null,""numeric_precision"":null,""identity_generation"":null,""generation_expression"":null}"
04_COLUMN,public.coffee_translations.updated_at,"{""table"":""coffee_translations"",""column"":""updated_at"",""schema"":""public"",""default"":""now()"",""nullable"":""NO"",""position"":18,""udt_name"":""timestamptz"",""data_type"":""timestamp with time zone"",""max_length"":null,""is_identity"":""NO"",""is_generated"":""NEVER"",""numeric_scale"":null,""numeric_precision"":null,""identity_generation"":null,""generation_expression"":null}"
04_COLUMN,public.coffee_type_translations.coffee_type_id,"{""table"":""coffee_type_translations"",""column"":""coffee_type_id"",""schema"":""public"",""default"":null,""nullable"":""NO"",""position"":1,""udt_name"":""uuid"",""data_type"":""uuid"",""max_length"":null,""is_identity"":""NO"",""is_generated"":""NEVER"",""numeric_scale"":null,""numeric_precision"":null,""identity_generation"":null,""generation_expression"":null}"
04_COLUMN,public.coffee_type_translations.created_at,"{""table"":""coffee_type_translations"",""column"":""created_at"",""schema"":""public"",""default"":""now()"",""nullable"":""NO"",""position"":4,""udt_name"":""timestamptz"",""data_type"":""timestamp with time zone"",""max_length"":null,""is_identity"":""NO"",""is_generated"":""NEVER"",""numeric_scale"":null,""numeric_precision"":null,""identity_generation"":null,""generation_expression"":null}"
04_COLUMN,public.coffee_type_translations.locale,"{""table"":""coffee_type_translations"",""column"":""locale"",""schema"":""public"",""default"":null,""nullable"":""NO"",""position"":2,""udt_name"":""content_locale"",""data_type"":""USER-DEFINED"",""max_length"":null,""is_identity"":""NO"",""is_generated"":""NEVER"",""numeric_scale"":null,""numeric_precision"":null,""identity_generation"":null,""generation_expression"":null}"
04_COLUMN,public.coffee_type_translations.name,"{""table"":""coffee_type_translations"",""column"":""name"",""schema"":""public"",""default"":null,""nullable"":""NO"",""position"":3,""udt_name"":""text"",""data_type"":""text"",""max_length"":null,""is_identity"":""NO"",""is_generated"":""NEVER"",""numeric_scale"":null,""numeric_precision"":null,""identity_generation"":null,""generation_expression"":null}"
04_COLUMN,public.coffee_type_translations.updated_at,"{""table"":""coffee_type_translations"",""column"":""updated_at"",""schema"":""public"",""default"":""now()"",""nullable"":""NO"",""position"":5,""udt_name"":""timestamptz"",""data_type"":""timestamp with time zone"",""max_length"":null,""is_identity"":""NO"",""is_generated"":""NEVER"",""numeric_scale"":null,""numeric_precision"":null,""identity_generation"":null,""generation_expression"":null}"
04_COLUMN,public.coffee_types.created_at,"{""table"":""coffee_types"",""column"":""created_at"",""schema"":""public"",""default"":""now()"",""nullable"":""NO"",""position"":5,""udt_name"":""timestamptz"",""data_type"":""timestamp with time zone"",""max_length"":null,""is_identity"":""NO"",""is_generated"":""NEVER"",""numeric_scale"":null,""numeric_precision"":null,""identity_generation"":null,""generation_expression"":null}"
04_COLUMN,public.coffee_types.id,"{""table"":""coffee_types"",""column"":""id"",""schema"":""public"",""default"":""gen_random_uuid()"",""nullable"":""NO"",""position"":1,""udt_name"":""uuid"",""data_type"":""uuid"",""max_length"":null,""is_identity"":""NO"",""is_generated"":""NEVER"",""numeric_scale"":null,""numeric_precision"":null,""identity_generation"":null,""generation_expression"":null}"
04_COLUMN,public.coffee_types.is_active,"{""table"":""coffee_types"",""column"":""is_active"",""schema"":""public"",""default"":""true"",""nullable"":""NO"",""position"":3,""udt_name"":""bool"",""data_type"":""boolean"",""max_length"":null,""is_identity"":""NO"",""is_generated"":""NEVER"",""numeric_scale"":null,""numeric_precision"":null,""identity_generation"":null,""generation_expression"":null}"
04_COLUMN,public.coffee_types.slug,"{""table"":""coffee_types"",""column"":""slug"",""schema"":""public"",""default"":null,""nullable"":""NO"",""position"":2,""udt_name"":""text"",""data_type"":""text"",""max_length"":null,""is_identity"":""NO"",""is_generated"":""NEVER"",""numeric_scale"":null,""numeric_precision"":null,""identity_generation"":null,""generation_expression"":null}"
04_COLUMN,public.coffee_types.sort_order,"{""table"":""coffee_types"",""column"":""sort_order"",""schema"":""public"",""default"":""0"",""nullable"":""NO"",""position"":4,""udt_name"":""int4"",""data_type"":""integer"",""max_length"":null,""is_identity"":""NO"",""is_generated"":""NEVER"",""numeric_scale"":0,""numeric_precision"":32,""identity_generation"":null,""generation_expression"":null}"
04_COLUMN,public.coffee_types.updated_at,"{""table"":""coffee_types"",""column"":""updated_at"",""schema"":""public"",""default"":""now()"",""nullable"":""NO"",""position"":6,""udt_name"":""timestamptz"",""data_type"":""timestamp with time zone"",""max_length"":null,""is_identity"":""NO"",""is_generated"":""NEVER"",""numeric_scale"":null,""numeric_precision"":null,""identity_generation"":null,""generation_expression"":null}"
04_COLUMN,public.coffee_varieties.coffee_id,"{""table"":""coffee_varieties"",""column"":""coffee_id"",""schema"":""public"",""default"":null,""nullable"":""NO"",""position"":1,""udt_name"":""uuid"",""data_type"":""uuid"",""max_length"":null,""is_identity"":""NO"",""is_generated"":""NEVER"",""numeric_scale"":null,""numeric_precision"":null,""identity_generation"":null,""generation_expression"":null}"
04_COLUMN,public.coffee_varieties.created_at,"{""table"":""coffee_varieties"",""column"":""created_at"",""schema"":""public"",""default"":""now()"",""nullable"":""NO"",""position"":3,""udt_name"":""timestamptz"",""data_type"":""timestamp with time zone"",""max_length"":null,""is_identity"":""NO"",""is_generated"":""NEVER"",""numeric_scale"":null,""numeric_precision"":null,""identity_generation"":null,""generation_expression"":null}"
04_COLUMN,public.coffee_varieties.variety_id,"{""table"":""coffee_varieties"",""column"":""variety_id"",""schema"":""public"",""default"":null,""nullable"":""NO"",""position"":2,""udt_name"":""uuid"",""data_type"":""uuid"",""max_length"":null,""is_identity"":""NO"",""is_generated"":""NEVER"",""numeric_scale"":null,""numeric_precision"":null,""identity_generation"":null,""generation_expression"":null}"
04_COLUMN,public.coffees.altitude_max_meters,"{""table"":""coffees"",""column"":""altitude_max_meters"",""schema"":""public"",""default"":null,""nullable"":""YES"",""position"":10,""udt_name"":""int4"",""data_type"":""integer"",""max_length"":null,""is_identity"":""NO"",""is_generated"":""NEVER"",""numeric_scale"":0,""numeric_precision"":32,""identity_generation"":null,""generation_expression"":null}"
04_COLUMN,public.coffees.altitude_min_meters,"{""table"":""coffees"",""column"":""altitude_min_meters"",""schema"":""public"",""default"":null,""nullable"":""YES"",""position"":9,""udt_name"":""int4"",""data_type"":""integer"",""max_length"":null,""is_identity"":""NO"",""is_generated"":""NEVER"",""numeric_scale"":0,""numeric_precision"":32,""identity_generation"":null,""generation_expression"":null}"
04_COLUMN,public.coffees.coffee_type_id,"{""table"":""coffees"",""column"":""coffee_type_id"",""schema"":""public"",""default"":null,""nullable"":""NO"",""position"":3,""udt_name"":""uuid"",""data_type"":""uuid"",""max_length"":null,""is_identity"":""NO"",""is_generated"":""NEVER"",""numeric_scale"":null,""numeric_precision"":null,""identity_generation"":null,""generation_expression"":null}"
04_COLUMN,public.coffees.created_at,"{""table"":""coffees"",""column"":""created_at"",""schema"":""public"",""default"":""now()"",""nullable"":""NO"",""position"":16,""udt_name"":""timestamptz"",""data_type"":""timestamp with time zone"",""max_length"":null,""is_identity"":""NO"",""is_generated"":""NEVER"",""numeric_scale"":null,""numeric_precision"":null,""identity_generation"":null,""generation_expression"":null}"
04_COLUMN,public.coffees.created_by,"{""table"":""coffees"",""column"":""created_by"",""schema"":""public"",""default"":""auth.uid()"",""nullable"":""YES"",""position"":14,""udt_name"":""uuid"",""data_type"":""uuid"",""max_length"":null,""is_identity"":""NO"",""is_generated"":""NEVER"",""numeric_scale"":null,""numeric_precision"":null,""identity_generation"":null,""generation_expression"":null}"
04_COLUMN,public.coffees.deleted_at,"{""table"":""coffees"",""column"":""deleted_at"",""schema"":""public"",""default"":null,""nullable"":""YES"",""position"":18,""udt_name"":""timestamptz"",""data_type"":""timestamp with time zone"",""max_length"":null,""is_identity"":""NO"",""is_generated"":""NEVER"",""numeric_scale"":null,""numeric_precision"":null,""identity_generation"":null,""generation_expression"":null}"
04_COLUMN,public.coffees.farm_size_hectares,"{""table"":""coffees"",""column"":""farm_size_hectares"",""schema"":""public"",""default"":null,""nullable"":""YES"",""position"":11,""udt_name"":""numeric"",""data_type"":""numeric"",""max_length"":null,""is_identity"":""NO"",""is_generated"":""NEVER"",""numeric_scale"":2,""numeric_precision"":12,""identity_generation"":null,""generation_expression"":null}"
04_COLUMN,public.coffees.featured_sort_order,"{""table"":""coffees"",""column"":""featured_sort_order"",""schema"":""public"",""default"":""0"",""nullable"":""NO"",""position"":20,""udt_name"":""int4"",""data_type"":""integer"",""max_length"":null,""is_identity"":""NO"",""is_generated"":""NEVER"",""numeric_scale"":0,""numeric_precision"":32,""identity_generation"":null,""generation_expression"":null}"
04_COLUMN,public.coffees.grade,"{""table"":""coffees"",""column"":""grade"",""schema"":""public"",""default"":null,""nullable"":""YES"",""position"":8,""udt_name"":""text"",""data_type"":""text"",""max_length"":null,""is_identity"":""NO"",""is_generated"":""NEVER"",""numeric_scale"":null,""numeric_precision"":null,""identity_generation"":null,""generation_expression"":null}"
04_COLUMN,public.coffees.harvest_months,"{""table"":""coffees"",""column"":""harvest_months"",""schema"":""public"",""default"":null,""nullable"":""YES"",""position"":12,""udt_name"":""_int2"",""data_type"":""ARRAY"",""max_length"":null,""is_identity"":""NO"",""is_generated"":""NEVER"",""numeric_scale"":null,""numeric_precision"":null,""identity_generation"":null,""generation_expression"":null}"
04_COLUMN,public.coffees.id,"{""table"":""coffees"",""column"":""id"",""schema"":""public"",""default"":""gen_random_uuid()"",""nullable"":""NO"",""position"":1,""udt_name"":""uuid"",""data_type"":""uuid"",""max_length"":null,""is_identity"":""NO"",""is_generated"":""NEVER"",""numeric_scale"":null,""numeric_precision"":null,""identity_generation"":null,""generation_expression"":null}"
04_COLUMN,public.coffees.is_featured,"{""table"":""coffees"",""column"":""is_featured"",""schema"":""public"",""default"":""false"",""nullable"":""NO"",""position"":19,""udt_name"":""bool"",""data_type"":""boolean"",""max_length"":null,""is_identity"":""NO"",""is_generated"":""NEVER"",""numeric_scale"":null,""numeric_precision"":null,""identity_generation"":null,""generation_expression"":null}"
04_COLUMN,public.coffees.origin_id,"{""table"":""coffees"",""column"":""origin_id"",""schema"":""public"",""default"":null,""nullable"":""NO"",""position"":4,""udt_name"":""uuid"",""data_type"":""uuid"",""max_length"":null,""is_identity"":""NO"",""is_generated"":""NEVER"",""numeric_scale"":null,""numeric_precision"":null,""identity_generation"":null,""generation_expression"":null}"
04_COLUMN,public.coffees.processing_method_id,"{""table"":""coffees"",""column"":""processing_method_id"",""schema"":""public"",""default"":null,""nullable"":""YES"",""position"":6,""udt_name"":""uuid"",""data_type"":""uuid"",""max_length"":null,""is_identity"":""NO"",""is_generated"":""NEVER"",""numeric_scale"":null,""numeric_precision"":null,""identity_generation"":null,""generation_expression"":null}"
04_COLUMN,public.coffees.published_at,"{""table"":""coffees"",""column"":""published_at"",""schema"":""public"",""default"":null,""nullable"":""YES"",""position"":13,""udt_name"":""timestamptz"",""data_type"":""timestamp with time zone"",""max_length"":null,""is_identity"":""NO"",""is_generated"":""NEVER"",""numeric_scale"":null,""numeric_precision"":null,""identity_generation"":null,""generation_expression"":null}"
04_COLUMN,public.coffees.region_id,"{""table"":""coffees"",""column"":""region_id"",""schema"":""public"",""default"":null,""nullable"":""YES"",""position"":5,""udt_name"":""uuid"",""data_type"":""uuid"",""max_length"":null,""is_identity"":""NO"",""is_generated"":""NEVER"",""numeric_scale"":null,""numeric_precision"":null,""identity_generation"":null,""generation_expression"":null}"
04_COLUMN,public.coffees.slug,"{""table"":""coffees"",""column"":""slug"",""schema"":""public"",""default"":null,""nullable"":""NO"",""position"":2,""udt_name"":""text"",""data_type"":""text"",""max_length"":null,""is_identity"":""NO"",""is_generated"":""NEVER"",""numeric_scale"":null,""numeric_precision"":null,""identity_generation"":null,""generation_expression"":null}"
04_COLUMN,public.coffees.status,"{""table"":""coffees"",""column"":""status"",""schema"":""public"",""default"":""'DRAFT'::coffee_status"",""nullable"":""NO"",""position"":7,""udt_name"":""coffee_status"",""data_type"":""USER-DEFINED"",""max_length"":null,""is_identity"":""NO"",""is_generated"":""NEVER"",""numeric_scale"":null,""numeric_precision"":null,""identity_generation"":null,""generation_expression"":null}"
04_COLUMN,public.coffees.updated_at,"{""table"":""coffees"",""column"":""updated_at"",""schema"":""public"",""default"":""now()"",""nullable"":""NO"",""position"":17,""udt_name"":""timestamptz"",""data_type"":""timestamp with time zone"",""max_length"":null,""is_identity"":""NO"",""is_generated"":""NEVER"",""numeric_scale"":null,""numeric_precision"":null,""identity_generation"":null,""generation_expression"":null}"
04_COLUMN,public.coffees.updated_by,"{""table"":""coffees"",""column"":""updated_by"",""schema"":""public"",""default"":""auth.uid()"",""nullable"":""YES"",""position"":15,""udt_name"":""uuid"",""data_type"":""uuid"",""max_length"":null,""is_identity"":""NO"",""is_generated"":""NEVER"",""numeric_scale"":null,""numeric_precision"":null,""identity_generation"":null,""generation_expression"":null}"
04_COLUMN,public.favorites.coffee_id,"{""table"":""favorites"",""column"":""coffee_id"",""schema"":""public"",""default"":null,""nullable"":""NO"",""position"":2,""udt_name"":""uuid"",""data_type"":""uuid"",""max_length"":null,""is_identity"":""NO"",""is_generated"":""NEVER"",""numeric_scale"":null,""numeric_precision"":null,""identity_generation"":null,""generation_expression"":null}"
04_COLUMN,public.favorites.created_at,"{""table"":""favorites"",""column"":""created_at"",""schema"":""public"",""default"":""now()"",""nullable"":""NO"",""position"":3,""udt_name"":""timestamptz"",""data_type"":""timestamp with time zone"",""max_length"":null,""is_identity"":""NO"",""is_generated"":""NEVER"",""numeric_scale"":null,""numeric_precision"":null,""identity_generation"":null,""generation_expression"":null}"
04_COLUMN,public.favorites.user_id,"{""table"":""favorites"",""column"":""user_id"",""schema"":""public"",""default"":null,""nullable"":""NO"",""position"":1,""udt_name"":""uuid"",""data_type"":""uuid"",""max_length"":null,""is_identity"":""NO"",""is_generated"":""NEVER"",""numeric_scale"":null,""numeric_precision"":null,""identity_generation"":null,""generation_expression"":null}"
04_COLUMN,public.inquiries.address,"{""table"":""inquiries"",""column"":""address"",""schema"":""public"",""default"":null,""nullable"":""YES"",""position"":15,""udt_name"":""text"",""data_type"":""text"",""max_length"":null,""is_identity"":""NO"",""is_generated"":""NEVER"",""numeric_scale"":null,""numeric_precision"":null,""identity_generation"":null,""generation_expression"":null}"
04_COLUMN,public.inquiries.coffee_id,"{""table"":""inquiries"",""column"":""coffee_id"",""schema"":""public"",""default"":null,""nullable"":""YES"",""position"":6,""udt_name"":""uuid"",""data_type"":""uuid"",""max_length"":null,""is_identity"":""NO"",""is_generated"":""NEVER"",""numeric_scale"":null,""numeric_precision"":null,""identity_generation"":null,""generation_expression"":null}"
04_COLUMN,public.inquiries.coffee_name_snapshot,"{""table"":""inquiries"",""column"":""coffee_name_snapshot"",""schema"":""public"",""default"":null,""nullable"":""YES"",""position"":8,""udt_name"":""text"",""data_type"":""text"",""max_length"":null,""is_identity"":""NO"",""is_generated"":""NEVER"",""numeric_scale"":null,""numeric_precision"":null,""identity_generation"":null,""generation_expression"":null}"
04_COLUMN,public.inquiries.company_name,"{""table"":""inquiries"",""column"":""company_name"",""schema"":""public"",""default"":null,""nullable"":""YES"",""position"":12,""udt_name"":""text"",""data_type"":""text"",""max_length"":null,""is_identity"":""NO"",""is_generated"":""NEVER"",""numeric_scale"":null,""numeric_precision"":null,""identity_generation"":null,""generation_expression"":null}"
04_COLUMN,public.inquiries.country_code,"{""table"":""inquiries"",""column"":""country_code"",""schema"":""public"",""default"":null,""nullable"":""YES"",""position"":16,""udt_name"":""varchar"",""data_type"":""character varying"",""max_length"":2,""is_identity"":""NO"",""is_generated"":""NEVER"",""numeric_scale"":null,""numeric_precision"":null,""identity_generation"":null,""generation_expression"":null}"
04_COLUMN,public.inquiries.created_at,"{""table"":""inquiries"",""column"":""created_at"",""schema"":""public"",""default"":""now()"",""nullable"":""NO"",""position"":20,""udt_name"":""timestamptz"",""data_type"":""timestamp with time zone"",""max_length"":null,""is_identity"":""NO"",""is_generated"":""NEVER"",""numeric_scale"":null,""numeric_precision"":null,""identity_generation"":null,""generation_expression"":null}"
04_COLUMN,public.inquiries.email,"{""table"":""inquiries"",""column"":""email"",""schema"":""public"",""default"":null,""nullable"":""NO"",""position"":13,""udt_name"":""text"",""data_type"":""text"",""max_length"":null,""is_identity"":""NO"",""is_generated"":""NEVER"",""numeric_scale"":null,""numeric_precision"":null,""identity_generation"":null,""generation_expression"":null}"
04_COLUMN,public.inquiries.full_name,"{""table"":""inquiries"",""column"":""full_name"",""schema"":""public"",""default"":null,""nullable"":""NO"",""position"":11,""udt_name"":""text"",""data_type"":""text"",""max_length"":null,""is_identity"":""NO"",""is_generated"":""NEVER"",""numeric_scale"":null,""numeric_precision"":null,""identity_generation"":null,""generation_expression"":null}"
04_COLUMN,public.inquiries.id,"{""table"":""inquiries"",""column"":""id"",""schema"":""public"",""default"":""gen_random_uuid()"",""nullable"":""NO"",""position"":1,""udt_name"":""uuid"",""data_type"":""uuid"",""max_length"":null,""is_identity"":""NO"",""is_generated"":""NEVER"",""numeric_scale"":null,""numeric_precision"":null,""identity_generation"":null,""generation_expression"":null}"
04_COLUMN,public.inquiries.inquiry_number,"{""table"":""inquiries"",""column"":""inquiry_number"",""schema"":""public"",""default"":null,""nullable"":""NO"",""position"":2,""udt_name"":""int8"",""data_type"":""bigint"",""max_length"":null,""is_identity"":""YES"",""is_generated"":""NEVER"",""numeric_scale"":0,""numeric_precision"":64,""identity_generation"":""BY DEFAULT"",""generation_expression"":null}"
04_COLUMN,public.inquiries.message,"{""table"":""inquiries"",""column"":""message"",""schema"":""public"",""default"":null,""nullable"":""YES"",""position"":18,""udt_name"":""text"",""data_type"":""text"",""max_length"":null,""is_identity"":""NO"",""is_generated"":""NEVER"",""numeric_scale"":null,""numeric_precision"":null,""identity_generation"":null,""generation_expression"":null}"
04_COLUMN,public.inquiries.offer_id,"{""table"":""inquiries"",""column"":""offer_id"",""schema"":""public"",""default"":null,""nullable"":""YES"",""position"":7,""udt_name"":""uuid"",""data_type"":""uuid"",""max_length"":null,""is_identity"":""NO"",""is_generated"":""NEVER"",""numeric_scale"":null,""numeric_precision"":null,""identity_generation"":null,""generation_expression"":null}"
04_COLUMN,public.inquiries.offer_reference_snapshot,"{""table"":""inquiries"",""column"":""offer_reference_snapshot"",""schema"":""public"",""default"":null,""nullable"":""YES"",""position"":9,""udt_name"":""text"",""data_type"":""text"",""max_length"":null,""is_identity"":""NO"",""is_generated"":""NEVER"",""numeric_scale"":null,""numeric_precision"":null,""identity_generation"":null,""generation_expression"":null}"
04_COLUMN,public.inquiries.phone,"{""table"":""inquiries"",""column"":""phone"",""schema"":""public"",""default"":null,""nullable"":""NO"",""position"":14,""udt_name"":""text"",""data_type"":""text"",""max_length"":null,""is_identity"":""NO"",""is_generated"":""NEVER"",""numeric_scale"":null,""numeric_precision"":null,""identity_generation"":null,""generation_expression"":null}"
04_COLUMN,public.inquiries.request_code,"{""table"":""inquiries"",""column"":""request_code"",""schema"":""public"",""default"":""('HC-'::text || upper(substr(replace((gen_random_uuid())::text, '-'::text, ''::text), 1, 10)))"",""nullable"":""NO"",""position"":3,""udt_name"":""text"",""data_type"":""text"",""max_length"":null,""is_identity"":""NO"",""is_generated"":""NEVER"",""numeric_scale"":null,""numeric_precision"":null,""identity_generation"":null,""generation_expression"":null}"
04_COLUMN,public.inquiries.status,"{""table"":""inquiries"",""column"":""status"",""schema"":""public"",""default"":""'NEW'::inquiry_status"",""nullable"":""NO"",""position"":19,""udt_name"":""inquiry_status"",""data_type"":""USER-DEFINED"",""max_length"":null,""is_identity"":""NO"",""is_generated"":""NEVER"",""numeric_scale"":null,""numeric_precision"":null,""identity_generation"":null,""generation_expression"":null}"
04_COLUMN,public.inquiries.subject,"{""table"":""inquiries"",""column"":""subject"",""schema"":""public"",""default"":null,""nullable"":""YES"",""position"":17,""udt_name"":""text"",""data_type"":""text"",""max_length"":null,""is_identity"":""NO"",""is_generated"":""NEVER"",""numeric_scale"":null,""numeric_precision"":null,""identity_generation"":null,""generation_expression"":null}"
04_COLUMN,public.inquiries.type,"{""table"":""inquiries"",""column"":""type"",""schema"":""public"",""default"":null,""nullable"":""NO"",""position"":4,""udt_name"":""inquiry_type"",""data_type"":""USER-DEFINED"",""max_length"":null,""is_identity"":""NO"",""is_generated"":""NEVER"",""numeric_scale"":null,""numeric_precision"":null,""identity_generation"":null,""generation_expression"":null}"
04_COLUMN,public.inquiries.updated_at,"{""table"":""inquiries"",""column"":""updated_at"",""schema"":""public"",""default"":""now()"",""nullable"":""NO"",""position"":21,""udt_name"":""timestamptz"",""data_type"":""timestamp with time zone"",""max_length"":null,""is_identity"":""NO"",""is_generated"":""NEVER"",""numeric_scale"":null,""numeric_precision"":null,""identity_generation"":null,""generation_expression"":null}"
04_COLUMN,public.inquiries.user_id,"{""table"":""inquiries"",""column"":""user_id"",""schema"":""public"",""default"":null,""nullable"":""YES"",""position"":5,""udt_name"":""uuid"",""data_type"":""uuid"",""max_length"":null,""is_identity"":""NO"",""is_generated"":""NEVER"",""numeric_scale"":null,""numeric_precision"":null,""identity_generation"":null,""generation_expression"":null}"
04_COLUMN,public.inquiries.warehouse_code_snapshot,"{""table"":""inquiries"",""column"":""warehouse_code_snapshot"",""schema"":""public"",""default"":null,""nullable"":""YES"",""position"":10,""udt_name"":""text"",""data_type"":""text"",""max_length"":null,""is_identity"":""NO"",""is_generated"":""NEVER"",""numeric_scale"":null,""numeric_precision"":null,""identity_generation"":null,""generation_expression"":null}"
04_COLUMN,public.inquiry_status_history.changed_by,"{""table"":""inquiry_status_history"",""column"":""changed_by"",""schema"":""public"",""default"":null,""nullable"":""YES"",""position"":5,""udt_name"":""uuid"",""data_type"":""uuid"",""max_length"":null,""is_identity"":""NO"",""is_generated"":""NEVER"",""numeric_scale"":null,""numeric_precision"":null,""identity_generation"":null,""generation_expression"":null}"
04_COLUMN,public.inquiry_status_history.created_at,"{""table"":""inquiry_status_history"",""column"":""created_at"",""schema"":""public"",""default"":""now()"",""nullable"":""NO"",""position"":6,""udt_name"":""timestamptz"",""data_type"":""timestamp with time zone"",""max_length"":null,""is_identity"":""NO"",""is_generated"":""NEVER"",""numeric_scale"":null,""numeric_precision"":null,""identity_generation"":null,""generation_expression"":null}"
04_COLUMN,public.inquiry_status_history.id,"{""table"":""inquiry_status_history"",""column"":""id"",""schema"":""public"",""default"":""gen_random_uuid()"",""nullable"":""NO"",""position"":1,""udt_name"":""uuid"",""data_type"":""uuid"",""max_length"":null,""is_identity"":""NO"",""is_generated"":""NEVER"",""numeric_scale"":null,""numeric_precision"":null,""identity_generation"":null,""generation_expression"":null}"
04_COLUMN,public.inquiry_status_history.inquiry_id,"{""table"":""inquiry_status_history"",""column"":""inquiry_id"",""schema"":""public"",""default"":null,""nullable"":""NO"",""position"":2,""udt_name"":""uuid"",""data_type"":""uuid"",""max_length"":null,""is_identity"":""NO"",""is_generated"":""NEVER"",""numeric_scale"":null,""numeric_precision"":null,""identity_generation"":null,""generation_expression"":null}"
04_COLUMN,public.inquiry_status_history.new_status,"{""table"":""inquiry_status_history"",""column"":""new_status"",""schema"":""public"",""default"":null,""nullable"":""NO"",""position"":4,""udt_name"":""inquiry_status"",""data_type"":""USER-DEFINED"",""max_length"":null,""is_identity"":""NO"",""is_generated"":""NEVER"",""numeric_scale"":null,""numeric_precision"":null,""identity_generation"":null,""generation_expression"":null}"
04_COLUMN,public.inquiry_status_history.old_status,"{""table"":""inquiry_status_history"",""column"":""old_status"",""schema"":""public"",""default"":null,""nullable"":""YES"",""position"":3,""udt_name"":""inquiry_status"",""data_type"":""USER-DEFINED"",""max_length"":null,""is_identity"":""NO"",""is_generated"":""NEVER"",""numeric_scale"":null,""numeric_precision"":null,""identity_generation"":null,""generation_expression"":null}"
04_COLUMN,public.media.created_at,"{""table"":""media"",""column"":""created_at"",""schema"":""public"",""default"":""now()"",""nullable"":""NO"",""position"":10,""udt_name"":""timestamptz"",""data_type"":""timestamp with time zone"",""max_length"":null,""is_identity"":""NO"",""is_generated"":""NEVER"",""numeric_scale"":null,""numeric_precision"":null,""identity_generation"":null,""generation_expression"":null}"
04_COLUMN,public.media.deleted_at,"{""table"":""media"",""column"":""deleted_at"",""schema"":""public"",""default"":null,""nullable"":""YES"",""position"":12,""udt_name"":""timestamptz"",""data_type"":""timestamp with time zone"",""max_length"":null,""is_identity"":""NO"",""is_generated"":""NEVER"",""numeric_scale"":null,""numeric_precision"":null,""identity_generation"":null,""generation_expression"":null}"
04_COLUMN,public.media.file_size_bytes,"{""table"":""media"",""column"":""file_size_bytes"",""schema"":""public"",""default"":null,""nullable"":""YES"",""position"":7,""udt_name"":""int8"",""data_type"":""bigint"",""max_length"":null,""is_identity"":""NO"",""is_generated"":""NEVER"",""numeric_scale"":0,""numeric_precision"":64,""identity_generation"":null,""generation_expression"":null}"
04_COLUMN,public.media.height,"{""table"":""media"",""column"":""height"",""schema"":""public"",""default"":null,""nullable"":""YES"",""position"":6,""udt_name"":""int4"",""data_type"":""integer"",""max_length"":null,""is_identity"":""NO"",""is_generated"":""NEVER"",""numeric_scale"":0,""numeric_precision"":32,""identity_generation"":null,""generation_expression"":null}"
04_COLUMN,public.media.id,"{""table"":""media"",""column"":""id"",""schema"":""public"",""default"":""gen_random_uuid()"",""nullable"":""NO"",""position"":1,""udt_name"":""uuid"",""data_type"":""uuid"",""max_length"":null,""is_identity"":""NO"",""is_generated"":""NEVER"",""numeric_scale"":null,""numeric_precision"":null,""identity_generation"":null,""generation_expression"":null}"
04_COLUMN,public.media.is_public,"{""table"":""media"",""column"":""is_public"",""schema"":""public"",""default"":""true"",""nullable"":""NO"",""position"":8,""udt_name"":""bool"",""data_type"":""boolean"",""max_length"":null,""is_identity"":""NO"",""is_generated"":""NEVER"",""numeric_scale"":null,""numeric_precision"":null,""identity_generation"":null,""generation_expression"":null}"
04_COLUMN,public.media.mime_type,"{""table"":""media"",""column"":""mime_type"",""schema"":""public"",""default"":null,""nullable"":""YES"",""position"":4,""udt_name"":""text"",""data_type"":""text"",""max_length"":null,""is_identity"":""NO"",""is_generated"":""NEVER"",""numeric_scale"":null,""numeric_precision"":null,""identity_generation"":null,""generation_expression"":null}"
04_COLUMN,public.media.storage_bucket,"{""table"":""media"",""column"":""storage_bucket"",""schema"":""public"",""default"":""'hills-public'::text"",""nullable"":""NO"",""position"":2,""udt_name"":""text"",""data_type"":""text"",""max_length"":null,""is_identity"":""NO"",""is_generated"":""NEVER"",""numeric_scale"":null,""numeric_precision"":null,""identity_generation"":null,""generation_expression"":null}"
04_COLUMN,public.media.storage_path,"{""table"":""media"",""column"":""storage_path"",""schema"":""public"",""default"":null,""nullable"":""NO"",""position"":3,""udt_name"":""text"",""data_type"":""text"",""max_length"":null,""is_identity"":""NO"",""is_generated"":""NEVER"",""numeric_scale"":null,""numeric_precision"":null,""identity_generation"":null,""generation_expression"":null}"
04_COLUMN,public.media.updated_at,"{""table"":""media"",""column"":""updated_at"",""schema"":""public"",""default"":""now()"",""nullable"":""NO"",""position"":11,""udt_name"":""timestamptz"",""data_type"":""timestamp with time zone"",""max_length"":null,""is_identity"":""NO"",""is_generated"":""NEVER"",""numeric_scale"":null,""numeric_precision"":null,""identity_generation"":null,""generation_expression"":null}"
04_COLUMN,public.media.uploaded_by,"{""table"":""media"",""column"":""uploaded_by"",""schema"":""public"",""default"":""auth.uid()"",""nullable"":""YES"",""position"":9,""udt_name"":""uuid"",""data_type"":""uuid"",""max_length"":null,""is_identity"":""NO"",""is_generated"":""NEVER"",""numeric_scale"":null,""numeric_precision"":null,""identity_generation"":null,""generation_expression"":null}"
04_COLUMN,public.media.width,"{""table"":""media"",""column"":""width"",""schema"":""public"",""default"":null,""nullable"":""YES"",""position"":5,""udt_name"":""int4"",""data_type"":""integer"",""max_length"":null,""is_identity"":""NO"",""is_generated"":""NEVER"",""numeric_scale"":0,""numeric_precision"":32,""identity_generation"":null,""generation_expression"":null}"
04_COLUMN,public.media_translations.alt_text,"{""table"":""media_translations"",""column"":""alt_text"",""schema"":""public"",""default"":null,""nullable"":""YES"",""position"":3,""udt_name"":""text"",""data_type"":""text"",""max_length"":null,""is_identity"":""NO"",""is_generated"":""NEVER"",""numeric_scale"":null,""numeric_precision"":null,""identity_generation"":null,""generation_expression"":null}"
04_COLUMN,public.media_translations.caption,"{""table"":""media_translations"",""column"":""caption"",""schema"":""public"",""default"":null,""nullable"":""YES"",""position"":4,""udt_name"":""text"",""data_type"":""text"",""max_length"":null,""is_identity"":""NO"",""is_generated"":""NEVER"",""numeric_scale"":null,""numeric_precision"":null,""identity_generation"":null,""generation_expression"":null}"
04_COLUMN,public.media_translations.created_at,"{""table"":""media_translations"",""column"":""created_at"",""schema"":""public"",""default"":""now()"",""nullable"":""NO"",""position"":5,""udt_name"":""timestamptz"",""data_type"":""timestamp with time zone"",""max_length"":null,""is_identity"":""NO"",""is_generated"":""NEVER"",""numeric_scale"":null,""numeric_precision"":null,""identity_generation"":null,""generation_expression"":null}"
04_COLUMN,public.media_translations.locale,"{""table"":""media_translations"",""column"":""locale"",""schema"":""public"",""default"":null,""nullable"":""NO"",""position"":2,""udt_name"":""content_locale"",""data_type"":""USER-DEFINED"",""max_length"":null,""is_identity"":""NO"",""is_generated"":""NEVER"",""numeric_scale"":null,""numeric_precision"":null,""identity_generation"":null,""generation_expression"":null}"
04_COLUMN,public.media_translations.media_id,"{""table"":""media_translations"",""column"":""media_id"",""schema"":""public"",""default"":null,""nullable"":""NO"",""position"":1,""udt_name"":""uuid"",""data_type"":""uuid"",""max_length"":null,""is_identity"":""NO"",""is_generated"":""NEVER"",""numeric_scale"":null,""numeric_precision"":null,""identity_generation"":null,""generation_expression"":null}"
04_COLUMN,public.media_translations.updated_at,"{""table"":""media_translations"",""column"":""updated_at"",""schema"":""public"",""default"":""now()"",""nullable"":""NO"",""position"":6,""udt_name"":""timestamptz"",""data_type"":""timestamp with time zone"",""max_length"":null,""is_identity"":""NO"",""is_generated"":""NEVER"",""numeric_scale"":null,""numeric_precision"":null,""identity_generation"":null,""generation_expression"":null}"
04_COLUMN,public.offer_price_tiers.created_at,"{""table"":""offer_price_tiers"",""column"":""created_at"",""schema"":""public"",""default"":""now()"",""nullable"":""NO"",""position"":5,""udt_name"":""timestamptz"",""data_type"":""timestamp with time zone"",""max_length"":null,""is_identity"":""NO"",""is_generated"":""NEVER"",""numeric_scale"":null,""numeric_precision"":null,""identity_generation"":null,""generation_expression"":null}"
04_COLUMN,public.offer_price_tiers.id,"{""table"":""offer_price_tiers"",""column"":""id"",""schema"":""public"",""default"":""gen_random_uuid()"",""nullable"":""NO"",""position"":1,""udt_name"":""uuid"",""data_type"":""uuid"",""max_length"":null,""is_identity"":""NO"",""is_generated"":""NEVER"",""numeric_scale"":null,""numeric_precision"":null,""identity_generation"":null,""generation_expression"":null}"
04_COLUMN,public.offer_price_tiers.min_bags,"{""table"":""offer_price_tiers"",""column"":""min_bags"",""schema"":""public"",""default"":null,""nullable"":""NO"",""position"":3,""udt_name"":""int4"",""data_type"":""integer"",""max_length"":null,""is_identity"":""NO"",""is_generated"":""NEVER"",""numeric_scale"":0,""numeric_precision"":32,""identity_generation"":null,""generation_expression"":null}"
04_COLUMN,public.offer_price_tiers.offer_id,"{""table"":""offer_price_tiers"",""column"":""offer_id"",""schema"":""public"",""default"":null,""nullable"":""NO"",""position"":2,""udt_name"":""uuid"",""data_type"":""uuid"",""max_length"":null,""is_identity"":""NO"",""is_generated"":""NEVER"",""numeric_scale"":null,""numeric_precision"":null,""identity_generation"":null,""generation_expression"":null}"
04_COLUMN,public.offer_price_tiers.price_per_kg_usd,"{""table"":""offer_price_tiers"",""column"":""price_per_kg_usd"",""schema"":""public"",""default"":null,""nullable"":""NO"",""position"":4,""udt_name"":""numeric"",""data_type"":""numeric"",""max_length"":null,""is_identity"":""NO"",""is_generated"":""NEVER"",""numeric_scale"":4,""numeric_precision"":12,""identity_generation"":null,""generation_expression"":null}"
04_COLUMN,public.offer_price_tiers.updated_at,"{""table"":""offer_price_tiers"",""column"":""updated_at"",""schema"":""public"",""default"":""now()"",""nullable"":""NO"",""position"":6,""udt_name"":""timestamptz"",""data_type"":""timestamp with time zone"",""max_length"":null,""is_identity"":""NO"",""is_generated"":""NEVER"",""numeric_scale"":null,""numeric_precision"":null,""identity_generation"":null,""generation_expression"":null}"
04_COLUMN,public.offer_sensory_notes.created_at,"{""table"":""offer_sensory_notes"",""column"":""created_at"",""schema"":""public"",""default"":""now()"",""nullable"":""NO"",""position"":3,""udt_name"":""timestamptz"",""data_type"":""timestamp with time zone"",""max_length"":null,""is_identity"":""NO"",""is_generated"":""NEVER"",""numeric_scale"":null,""numeric_precision"":null,""identity_generation"":null,""generation_expression"":null}"
04_COLUMN,public.offer_sensory_notes.offer_id,"{""table"":""offer_sensory_notes"",""column"":""offer_id"",""schema"":""public"",""default"":null,""nullable"":""NO"",""position"":1,""udt_name"":""uuid"",""data_type"":""uuid"",""max_length"":null,""is_identity"":""NO"",""is_generated"":""NEVER"",""numeric_scale"":null,""numeric_precision"":null,""identity_generation"":null,""generation_expression"":null}"
04_COLUMN,public.offer_sensory_notes.sensory_note_id,"{""table"":""offer_sensory_notes"",""column"":""sensory_note_id"",""schema"":""public"",""default"":null,""nullable"":""NO"",""position"":2,""udt_name"":""uuid"",""data_type"":""uuid"",""max_length"":null,""is_identity"":""NO"",""is_generated"":""NEVER"",""numeric_scale"":null,""numeric_precision"":null,""identity_generation"":null,""generation_expression"":null}"
04_COLUMN,public.offer_tags.created_at,"{""table"":""offer_tags"",""column"":""created_at"",""schema"":""public"",""default"":""now()"",""nullable"":""NO"",""position"":3,""udt_name"":""timestamptz"",""data_type"":""timestamp with time zone"",""max_length"":null,""is_identity"":""NO"",""is_generated"":""NEVER"",""numeric_scale"":null,""numeric_precision"":null,""identity_generation"":null,""generation_expression"":null}"
04_COLUMN,public.offer_tags.offer_id,"{""table"":""offer_tags"",""column"":""offer_id"",""schema"":""public"",""default"":null,""nullable"":""NO"",""position"":1,""udt_name"":""uuid"",""data_type"":""uuid"",""max_length"":null,""is_identity"":""NO"",""is_generated"":""NEVER"",""numeric_scale"":null,""numeric_precision"":null,""identity_generation"":null,""generation_expression"":null}"
04_COLUMN,public.offer_tags.tag_id,"{""table"":""offer_tags"",""column"":""tag_id"",""schema"":""public"",""default"":null,""nullable"":""NO"",""position"":2,""udt_name"":""uuid"",""data_type"":""uuid"",""max_length"":null,""is_identity"":""NO"",""is_generated"":""NEVER"",""numeric_scale"":null,""numeric_precision"":null,""identity_generation"":null,""generation_expression"":null}"
04_COLUMN,public.origin_media.created_at,"{""table"":""origin_media"",""column"":""created_at"",""schema"":""public"",""default"":""now()"",""nullable"":""NO"",""position"":5,""udt_name"":""timestamptz"",""data_type"":""timestamp with time zone"",""max_length"":null,""is_identity"":""NO"",""is_generated"":""NEVER"",""numeric_scale"":null,""numeric_precision"":null,""identity_generation"":null,""generation_expression"":null}"
04_COLUMN,public.origin_media.media_id,"{""table"":""origin_media"",""column"":""media_id"",""schema"":""public"",""default"":null,""nullable"":""NO"",""position"":2,""udt_name"":""uuid"",""data_type"":""uuid"",""max_length"":null,""is_identity"":""NO"",""is_generated"":""NEVER"",""numeric_scale"":null,""numeric_precision"":null,""identity_generation"":null,""generation_expression"":null}"
04_COLUMN,public.origin_media.origin_id,"{""table"":""origin_media"",""column"":""origin_id"",""schema"":""public"",""default"":null,""nullable"":""NO"",""position"":1,""udt_name"":""uuid"",""data_type"":""uuid"",""max_length"":null,""is_identity"":""NO"",""is_generated"":""NEVER"",""numeric_scale"":null,""numeric_precision"":null,""identity_generation"":null,""generation_expression"":null}"
04_COLUMN,public.origin_media.role,"{""table"":""origin_media"",""column"":""role"",""schema"":""public"",""default"":""'GALLERY'::text"",""nullable"":""NO"",""position"":3,""udt_name"":""text"",""data_type"":""text"",""max_length"":null,""is_identity"":""NO"",""is_generated"":""NEVER"",""numeric_scale"":null,""numeric_precision"":null,""identity_generation"":null,""generation_expression"":null}"
04_COLUMN,public.origin_media.sort_order,"{""table"":""origin_media"",""column"":""sort_order"",""schema"":""public"",""default"":""0"",""nullable"":""NO"",""position"":4,""udt_name"":""int4"",""data_type"":""integer"",""max_length"":null,""is_identity"":""NO"",""is_generated"":""NEVER"",""numeric_scale"":0,""numeric_precision"":32,""identity_generation"":null,""generation_expression"":null}"
04_COLUMN,public.origin_translations.coffee_history,"{""table"":""origin_translations"",""column"":""coffee_history"",""schema"":""public"",""default"":null,""nullable"":""YES"",""position"":5,""udt_name"":""text"",""data_type"":""text"",""max_length"":null,""is_identity"":""NO"",""is_generated"":""NEVER"",""numeric_scale"":null,""numeric_precision"":null,""identity_generation"":null,""generation_expression"":null}"
04_COLUMN,public.origin_translations.created_at,"{""table"":""origin_translations"",""column"":""created_at"",""schema"":""public"",""default"":""now()"",""nullable"":""NO"",""position"":11,""udt_name"":""timestamptz"",""data_type"":""timestamp with time zone"",""max_length"":null,""is_identity"":""NO"",""is_generated"":""NEVER"",""numeric_scale"":null,""numeric_precision"":null,""identity_generation"":null,""generation_expression"":null}"
04_COLUMN,public.origin_translations.cultivation_processing,"{""table"":""origin_translations"",""column"":""cultivation_processing"",""schema"":""public"",""default"":null,""nullable"":""YES"",""position"":6,""udt_name"":""text"",""data_type"":""text"",""max_length"":null,""is_identity"":""NO"",""is_generated"":""NEVER"",""numeric_scale"":null,""numeric_precision"":null,""identity_generation"":null,""generation_expression"":null}"
04_COLUMN,public.origin_translations.locale,"{""table"":""origin_translations"",""column"":""locale"",""schema"":""public"",""default"":null,""nullable"":""NO"",""position"":2,""udt_name"":""content_locale"",""data_type"":""USER-DEFINED"",""max_length"":null,""is_identity"":""NO"",""is_generated"":""NEVER"",""numeric_scale"":null,""numeric_precision"":null,""identity_generation"":null,""generation_expression"":null}"
04_COLUMN,public.origin_translations.name,"{""table"":""origin_translations"",""column"":""name"",""schema"":""public"",""default"":null,""nullable"":""NO"",""position"":3,""udt_name"":""text"",""data_type"":""text"",""max_length"":null,""is_identity"":""NO"",""is_generated"":""NEVER"",""numeric_scale"":null,""numeric_precision"":null,""identity_generation"":null,""generation_expression"":null}"
04_COLUMN,public.origin_translations.origin_id,"{""table"":""origin_translations"",""column"":""origin_id"",""schema"":""public"",""default"":null,""nullable"":""NO"",""position"":1,""udt_name"":""uuid"",""data_type"":""uuid"",""max_length"":null,""is_identity"":""NO"",""is_generated"":""NEVER"",""numeric_scale"":null,""numeric_precision"":null,""identity_generation"":null,""generation_expression"":null}"
04_COLUMN,public.origin_translations.seo_description,"{""table"":""origin_translations"",""column"":""seo_description"",""schema"":""public"",""default"":null,""nullable"":""YES"",""position"":10,""udt_name"":""text"",""data_type"":""text"",""max_length"":null,""is_identity"":""NO"",""is_generated"":""NEVER"",""numeric_scale"":null,""numeric_precision"":null,""identity_generation"":null,""generation_expression"":null}"
04_COLUMN,public.origin_translations.seo_title,"{""table"":""origin_translations"",""column"":""seo_title"",""schema"":""public"",""default"":null,""nullable"":""YES"",""position"":9,""udt_name"":""text"",""data_type"":""text"",""max_length"":null,""is_identity"":""NO"",""is_generated"":""NEVER"",""numeric_scale"":null,""numeric_precision"":null,""identity_generation"":null,""generation_expression"":null}"
04_COLUMN,public.origin_translations.sourcing_story,"{""table"":""origin_translations"",""column"":""sourcing_story"",""schema"":""public"",""default"":null,""nullable"":""YES"",""position"":7,""udt_name"":""text"",""data_type"":""text"",""max_length"":null,""is_identity"":""NO"",""is_generated"":""NEVER"",""numeric_scale"":null,""numeric_precision"":null,""identity_generation"":null,""generation_expression"":null}"
04_COLUMN,public.origin_translations.summary,"{""table"":""origin_translations"",""column"":""summary"",""schema"":""public"",""default"":null,""nullable"":""YES"",""position"":4,""udt_name"":""text"",""data_type"":""text"",""max_length"":null,""is_identity"":""NO"",""is_generated"":""NEVER"",""numeric_scale"":null,""numeric_precision"":null,""identity_generation"":null,""generation_expression"":null}"
04_COLUMN,public.origin_translations.sustainability,"{""table"":""origin_translations"",""column"":""sustainability"",""schema"":""public"",""default"":null,""nullable"":""YES"",""position"":8,""udt_name"":""text"",""data_type"":""text"",""max_length"":null,""is_identity"":""NO"",""is_generated"":""NEVER"",""numeric_scale"":null,""numeric_precision"":null,""identity_generation"":null,""generation_expression"":null}"
04_COLUMN,public.origin_translations.updated_at,"{""table"":""origin_translations"",""column"":""updated_at"",""schema"":""public"",""default"":""now()"",""nullable"":""NO"",""position"":12,""udt_name"":""timestamptz"",""data_type"":""timestamp with time zone"",""max_length"":null,""is_identity"":""NO"",""is_generated"":""NEVER"",""numeric_scale"":null,""numeric_precision"":null,""identity_generation"":null,""generation_expression"":null}"
04_COLUMN,public.origins.continent,"{""table"":""origins"",""column"":""continent"",""schema"":""public"",""default"":null,""nullable"":""YES"",""position"":4,""udt_name"":""text"",""data_type"":""text"",""max_length"":null,""is_identity"":""NO"",""is_generated"":""NEVER"",""numeric_scale"":null,""numeric_precision"":null,""identity_generation"":null,""generation_expression"":null}"
04_COLUMN,public.origins.country_code,"{""table"":""origins"",""column"":""country_code"",""schema"":""public"",""default"":null,""nullable"":""YES"",""position"":3,""udt_name"":""varchar"",""data_type"":""character varying"",""max_length"":2,""is_identity"":""NO"",""is_generated"":""NEVER"",""numeric_scale"":null,""numeric_precision"":null,""identity_generation"":null,""generation_expression"":null}"
04_COLUMN,public.origins.created_at,"{""table"":""origins"",""column"":""created_at"",""schema"":""public"",""default"":""now()"",""nullable"":""NO"",""position"":9,""udt_name"":""timestamptz"",""data_type"":""timestamp with time zone"",""max_length"":null,""is_identity"":""NO"",""is_generated"":""NEVER"",""numeric_scale"":null,""numeric_precision"":null,""identity_generation"":null,""generation_expression"":null}"
04_COLUMN,public.origins.created_by,"{""table"":""origins"",""column"":""created_by"",""schema"":""public"",""default"":""auth.uid()"",""nullable"":""YES"",""position"":7,""udt_name"":""uuid"",""data_type"":""uuid"",""max_length"":null,""is_identity"":""NO"",""is_generated"":""NEVER"",""numeric_scale"":null,""numeric_precision"":null,""identity_generation"":null,""generation_expression"":null}"
04_COLUMN,public.origins.deleted_at,"{""table"":""origins"",""column"":""deleted_at"",""schema"":""public"",""default"":null,""nullable"":""YES"",""position"":11,""udt_name"":""timestamptz"",""data_type"":""timestamp with time zone"",""max_length"":null,""is_identity"":""NO"",""is_generated"":""NEVER"",""numeric_scale"":null,""numeric_precision"":null,""identity_generation"":null,""generation_expression"":null}"
04_COLUMN,public.origins.featured_sort_order,"{""table"":""origins"",""column"":""featured_sort_order"",""schema"":""public"",""default"":""0"",""nullable"":""NO"",""position"":13,""udt_name"":""int4"",""data_type"":""integer"",""max_length"":null,""is_identity"":""NO"",""is_generated"":""NEVER"",""numeric_scale"":0,""numeric_precision"":32,""identity_generation"":null,""generation_expression"":null}"
04_COLUMN,public.origins.harvest_months,"{""table"":""origins"",""column"":""harvest_months"",""schema"":""public"",""default"":null,""nullable"":""YES"",""position"":5,""udt_name"":""_int2"",""data_type"":""ARRAY"",""max_length"":null,""is_identity"":""NO"",""is_generated"":""NEVER"",""numeric_scale"":null,""numeric_precision"":null,""identity_generation"":null,""generation_expression"":null}"
04_COLUMN,public.origins.id,"{""table"":""origins"",""column"":""id"",""schema"":""public"",""default"":""gen_random_uuid()"",""nullable"":""NO"",""position"":1,""udt_name"":""uuid"",""data_type"":""uuid"",""max_length"":null,""is_identity"":""NO"",""is_generated"":""NEVER"",""numeric_scale"":null,""numeric_precision"":null,""identity_generation"":null,""generation_expression"":null}"
04_COLUMN,public.origins.is_active,"{""table"":""origins"",""column"":""is_active"",""schema"":""public"",""default"":""true"",""nullable"":""NO"",""position"":6,""udt_name"":""bool"",""data_type"":""boolean"",""max_length"":null,""is_identity"":""NO"",""is_generated"":""NEVER"",""numeric_scale"":null,""numeric_precision"":null,""identity_generation"":null,""generation_expression"":null}"
04_COLUMN,public.origins.is_featured,"{""table"":""origins"",""column"":""is_featured"",""schema"":""public"",""default"":""false"",""nullable"":""NO"",""position"":12,""udt_name"":""bool"",""data_type"":""boolean"",""max_length"":null,""is_identity"":""NO"",""is_generated"":""NEVER"",""numeric_scale"":null,""numeric_precision"":null,""identity_generation"":null,""generation_expression"":null}"
04_COLUMN,public.origins.slug,"{""table"":""origins"",""column"":""slug"",""schema"":""public"",""default"":null,""nullable"":""NO"",""position"":2,""udt_name"":""text"",""data_type"":""text"",""max_length"":null,""is_identity"":""NO"",""is_generated"":""NEVER"",""numeric_scale"":null,""numeric_precision"":null,""identity_generation"":null,""generation_expression"":null}"
04_COLUMN,public.origins.updated_at,"{""table"":""origins"",""column"":""updated_at"",""schema"":""public"",""default"":""now()"",""nullable"":""NO"",""position"":10,""udt_name"":""timestamptz"",""data_type"":""timestamp with time zone"",""max_length"":null,""is_identity"":""NO"",""is_generated"":""NEVER"",""numeric_scale"":null,""numeric_precision"":null,""identity_generation"":null,""generation_expression"":null}"
04_COLUMN,public.origins.updated_by,"{""table"":""origins"",""column"":""updated_by"",""schema"":""public"",""default"":""auth.uid()"",""nullable"":""YES"",""position"":8,""udt_name"":""uuid"",""data_type"":""uuid"",""max_length"":null,""is_identity"":""NO"",""is_generated"":""NEVER"",""numeric_scale"":null,""numeric_precision"":null,""identity_generation"":null,""generation_expression"":null}"
04_COLUMN,public.packaging_type_translations.created_at,"{""table"":""packaging_type_translations"",""column"":""created_at"",""schema"":""public"",""default"":""now()"",""nullable"":""NO"",""position"":5,""udt_name"":""timestamptz"",""data_type"":""timestamp with time zone"",""max_length"":null,""is_identity"":""NO"",""is_generated"":""NEVER"",""numeric_scale"":null,""numeric_precision"":null,""identity_generation"":null,""generation_expression"":null}"
04_COLUMN,public.packaging_type_translations.description,"{""table"":""packaging_type_translations"",""column"":""description"",""schema"":""public"",""default"":null,""nullable"":""YES"",""position"":4,""udt_name"":""text"",""data_type"":""text"",""max_length"":null,""is_identity"":""NO"",""is_generated"":""NEVER"",""numeric_scale"":null,""numeric_precision"":null,""identity_generation"":null,""generation_expression"":null}"
04_COLUMN,public.packaging_type_translations.locale,"{""table"":""packaging_type_translations"",""column"":""locale"",""schema"":""public"",""default"":null,""nullable"":""NO"",""position"":2,""udt_name"":""content_locale"",""data_type"":""USER-DEFINED"",""max_length"":null,""is_identity"":""NO"",""is_generated"":""NEVER"",""numeric_scale"":null,""numeric_precision"":null,""identity_generation"":null,""generation_expression"":null}"
04_COLUMN,public.packaging_type_translations.name,"{""table"":""packaging_type_translations"",""column"":""name"",""schema"":""public"",""default"":null,""nullable"":""NO"",""position"":3,""udt_name"":""text"",""data_type"":""text"",""max_length"":null,""is_identity"":""NO"",""is_generated"":""NEVER"",""numeric_scale"":null,""numeric_precision"":null,""identity_generation"":null,""generation_expression"":null}"
04_COLUMN,public.packaging_type_translations.packaging_type_id,"{""table"":""packaging_type_translations"",""column"":""packaging_type_id"",""schema"":""public"",""default"":null,""nullable"":""NO"",""position"":1,""udt_name"":""uuid"",""data_type"":""uuid"",""max_length"":null,""is_identity"":""NO"",""is_generated"":""NEVER"",""numeric_scale"":null,""numeric_precision"":null,""identity_generation"":null,""generation_expression"":null}"
04_COLUMN,public.packaging_type_translations.updated_at,"{""table"":""packaging_type_translations"",""column"":""updated_at"",""schema"":""public"",""default"":""now()"",""nullable"":""NO"",""position"":6,""udt_name"":""timestamptz"",""data_type"":""timestamp with time zone"",""max_length"":null,""is_identity"":""NO"",""is_generated"":""NEVER"",""numeric_scale"":null,""numeric_precision"":null,""identity_generation"":null,""generation_expression"":null}"
04_COLUMN,public.packaging_types.created_at,"{""table"":""packaging_types"",""column"":""created_at"",""schema"":""public"",""default"":""now()"",""nullable"":""NO"",""position"":4,""udt_name"":""timestamptz"",""data_type"":""timestamp with time zone"",""max_length"":null,""is_identity"":""NO"",""is_generated"":""NEVER"",""numeric_scale"":null,""numeric_precision"":null,""identity_generation"":null,""generation_expression"":null}"
04_COLUMN,public.packaging_types.id,"{""table"":""packaging_types"",""column"":""id"",""schema"":""public"",""default"":""gen_random_uuid()"",""nullable"":""NO"",""position"":1,""udt_name"":""uuid"",""data_type"":""uuid"",""max_length"":null,""is_identity"":""NO"",""is_generated"":""NEVER"",""numeric_scale"":null,""numeric_precision"":null,""identity_generation"":null,""generation_expression"":null}"
04_COLUMN,public.packaging_types.is_active,"{""table"":""packaging_types"",""column"":""is_active"",""schema"":""public"",""default"":""true"",""nullable"":""NO"",""position"":3,""udt_name"":""bool"",""data_type"":""boolean"",""max_length"":null,""is_identity"":""NO"",""is_generated"":""NEVER"",""numeric_scale"":null,""numeric_precision"":null,""identity_generation"":null,""generation_expression"":null}"
04_COLUMN,public.packaging_types.slug,"{""table"":""packaging_types"",""column"":""slug"",""schema"":""public"",""default"":null,""nullable"":""NO"",""position"":2,""udt_name"":""text"",""data_type"":""text"",""max_length"":null,""is_identity"":""NO"",""is_generated"":""NEVER"",""numeric_scale"":null,""numeric_precision"":null,""identity_generation"":null,""generation_expression"":null}"
04_COLUMN,public.packaging_types.updated_at,"{""table"":""packaging_types"",""column"":""updated_at"",""schema"":""public"",""default"":""now()"",""nullable"":""NO"",""position"":5,""udt_name"":""timestamptz"",""data_type"":""timestamp with time zone"",""max_length"":null,""is_identity"":""NO"",""is_generated"":""NEVER"",""numeric_scale"":null,""numeric_precision"":null,""identity_generation"":null,""generation_expression"":null}"
04_COLUMN,public.processing_method_translations.created_at,"{""table"":""processing_method_translations"",""column"":""created_at"",""schema"":""public"",""default"":""now()"",""nullable"":""NO"",""position"":5,""udt_name"":""timestamptz"",""data_type"":""timestamp with time zone"",""max_length"":null,""is_identity"":""NO"",""is_generated"":""NEVER"",""numeric_scale"":null,""numeric_precision"":null,""identity_generation"":null,""generation_expression"":null}"
04_COLUMN,public.processing_method_translations.description,"{""table"":""processing_method_translations"",""column"":""description"",""schema"":""public"",""default"":null,""nullable"":""YES"",""position"":4,""udt_name"":""text"",""data_type"":""text"",""max_length"":null,""is_identity"":""NO"",""is_generated"":""NEVER"",""numeric_scale"":null,""numeric_precision"":null,""identity_generation"":null,""generation_expression"":null}"
04_COLUMN,public.processing_method_translations.locale,"{""table"":""processing_method_translations"",""column"":""locale"",""schema"":""public"",""default"":null,""nullable"":""NO"",""position"":2,""udt_name"":""content_locale"",""data_type"":""USER-DEFINED"",""max_length"":null,""is_identity"":""NO"",""is_generated"":""NEVER"",""numeric_scale"":null,""numeric_precision"":null,""identity_generation"":null,""generation_expression"":null}"
04_COLUMN,public.processing_method_translations.name,"{""table"":""processing_method_translations"",""column"":""name"",""schema"":""public"",""default"":null,""nullable"":""NO"",""position"":3,""udt_name"":""text"",""data_type"":""text"",""max_length"":null,""is_identity"":""NO"",""is_generated"":""NEVER"",""numeric_scale"":null,""numeric_precision"":null,""identity_generation"":null,""generation_expression"":null}"
04_COLUMN,public.processing_method_translations.processing_method_id,"{""table"":""processing_method_translations"",""column"":""processing_method_id"",""schema"":""public"",""default"":null,""nullable"":""NO"",""position"":1,""udt_name"":""uuid"",""data_type"":""uuid"",""max_length"":null,""is_identity"":""NO"",""is_generated"":""NEVER"",""numeric_scale"":null,""numeric_precision"":null,""identity_generation"":null,""generation_expression"":null}"
04_COLUMN,public.processing_method_translations.updated_at,"{""table"":""processing_method_translations"",""column"":""updated_at"",""schema"":""public"",""default"":""now()"",""nullable"":""NO"",""position"":6,""udt_name"":""timestamptz"",""data_type"":""timestamp with time zone"",""max_length"":null,""is_identity"":""NO"",""is_generated"":""NEVER"",""numeric_scale"":null,""numeric_precision"":null,""identity_generation"":null,""generation_expression"":null}"
04_COLUMN,public.processing_methods.created_at,"{""table"":""processing_methods"",""column"":""created_at"",""schema"":""public"",""default"":""now()"",""nullable"":""NO"",""position"":5,""udt_name"":""timestamptz"",""data_type"":""timestamp with time zone"",""max_length"":null,""is_identity"":""NO"",""is_generated"":""NEVER"",""numeric_scale"":null,""numeric_precision"":null,""identity_generation"":null,""generation_expression"":null}"
04_COLUMN,public.processing_methods.id,"{""table"":""processing_methods"",""column"":""id"",""schema"":""public"",""default"":""gen_random_uuid()"",""nullable"":""NO"",""position"":1,""udt_name"":""uuid"",""data_type"":""uuid"",""max_length"":null,""is_identity"":""NO"",""is_generated"":""NEVER"",""numeric_scale"":null,""numeric_precision"":null,""identity_generation"":null,""generation_expression"":null}"
04_COLUMN,public.processing_methods.is_active,"{""table"":""processing_methods"",""column"":""is_active"",""schema"":""public"",""default"":""true"",""nullable"":""NO"",""position"":3,""udt_name"":""bool"",""data_type"":""boolean"",""max_length"":null,""is_identity"":""NO"",""is_generated"":""NEVER"",""numeric_scale"":null,""numeric_precision"":null,""identity_generation"":null,""generation_expression"":null}"
04_COLUMN,public.processing_methods.slug,"{""table"":""processing_methods"",""column"":""slug"",""schema"":""public"",""default"":null,""nullable"":""NO"",""position"":2,""udt_name"":""text"",""data_type"":""text"",""max_length"":null,""is_identity"":""NO"",""is_generated"":""NEVER"",""numeric_scale"":null,""numeric_precision"":null,""identity_generation"":null,""generation_expression"":null}"
04_COLUMN,public.processing_methods.sort_order,"{""table"":""processing_methods"",""column"":""sort_order"",""schema"":""public"",""default"":""0"",""nullable"":""NO"",""position"":4,""udt_name"":""int4"",""data_type"":""integer"",""max_length"":null,""is_identity"":""NO"",""is_generated"":""NEVER"",""numeric_scale"":0,""numeric_precision"":32,""identity_generation"":null,""generation_expression"":null}"
04_COLUMN,public.processing_methods.updated_at,"{""table"":""processing_methods"",""column"":""updated_at"",""schema"":""public"",""default"":""now()"",""nullable"":""NO"",""position"":6,""udt_name"":""timestamptz"",""data_type"":""timestamp with time zone"",""max_length"":null,""is_identity"":""NO"",""is_generated"":""NEVER"",""numeric_scale"":null,""numeric_precision"":null,""identity_generation"":null,""generation_expression"":null}"
04_COLUMN,public.profiles.address,"{""table"":""profiles"",""column"":""address"",""schema"":""public"",""default"":null,""nullable"":""YES"",""position"":5,""udt_name"":""text"",""data_type"":""text"",""max_length"":null,""is_identity"":""NO"",""is_generated"":""NEVER"",""numeric_scale"":null,""numeric_precision"":null,""identity_generation"":null,""generation_expression"":null}"
04_COLUMN,public.profiles.company_name,"{""table"":""profiles"",""column"":""company_name"",""schema"":""public"",""default"":null,""nullable"":""YES"",""position"":4,""udt_name"":""text"",""data_type"":""text"",""max_length"":null,""is_identity"":""NO"",""is_generated"":""NEVER"",""numeric_scale"":null,""numeric_precision"":null,""identity_generation"":null,""generation_expression"":null}"
04_COLUMN,public.profiles.country_code,"{""table"":""profiles"",""column"":""country_code"",""schema"":""public"",""default"":null,""nullable"":""YES"",""position"":6,""udt_name"":""varchar"",""data_type"":""character varying"",""max_length"":2,""is_identity"":""NO"",""is_generated"":""NEVER"",""numeric_scale"":null,""numeric_precision"":null,""identity_generation"":null,""generation_expression"":null}"
04_COLUMN,public.profiles.created_at,"{""table"":""profiles"",""column"":""created_at"",""schema"":""public"",""default"":""now()"",""nullable"":""NO"",""position"":8,""udt_name"":""timestamptz"",""data_type"":""timestamp with time zone"",""max_length"":null,""is_identity"":""NO"",""is_generated"":""NEVER"",""numeric_scale"":null,""numeric_precision"":null,""identity_generation"":null,""generation_expression"":null}"
04_COLUMN,public.profiles.full_name,"{""table"":""profiles"",""column"":""full_name"",""schema"":""public"",""default"":""''::text"",""nullable"":""NO"",""position"":2,""udt_name"":""text"",""data_type"":""text"",""max_length"":null,""is_identity"":""NO"",""is_generated"":""NEVER"",""numeric_scale"":null,""numeric_precision"":null,""identity_generation"":null,""generation_expression"":null}"
04_COLUMN,public.profiles.id,"{""table"":""profiles"",""column"":""id"",""schema"":""public"",""default"":null,""nullable"":""NO"",""position"":1,""udt_name"":""uuid"",""data_type"":""uuid"",""max_length"":null,""is_identity"":""NO"",""is_generated"":""NEVER"",""numeric_scale"":null,""numeric_precision"":null,""identity_generation"":null,""generation_expression"":null}"
04_COLUMN,public.profiles.phone,"{""table"":""profiles"",""column"":""phone"",""schema"":""public"",""default"":null,""nullable"":""YES"",""position"":3,""udt_name"":""text"",""data_type"":""text"",""max_length"":null,""is_identity"":""NO"",""is_generated"":""NEVER"",""numeric_scale"":null,""numeric_precision"":null,""identity_generation"":null,""generation_expression"":null}"
04_COLUMN,public.profiles.role,"{""table"":""profiles"",""column"":""role"",""schema"":""public"",""default"":""'USER'::app_role"",""nullable"":""NO"",""position"":7,""udt_name"":""app_role"",""data_type"":""USER-DEFINED"",""max_length"":null,""is_identity"":""NO"",""is_generated"":""NEVER"",""numeric_scale"":null,""numeric_precision"":null,""identity_generation"":null,""generation_expression"":null}"
04_COLUMN,public.profiles.updated_at,"{""table"":""profiles"",""column"":""updated_at"",""schema"":""public"",""default"":""now()"",""nullable"":""NO"",""position"":9,""udt_name"":""timestamptz"",""data_type"":""timestamp with time zone"",""max_length"":null,""is_identity"":""NO"",""is_generated"":""NEVER"",""numeric_scale"":null,""numeric_precision"":null,""identity_generation"":null,""generation_expression"":null}"
04_COLUMN,public.region_translations.created_at,"{""table"":""region_translations"",""column"":""created_at"",""schema"":""public"",""default"":""now()"",""nullable"":""NO"",""position"":5,""udt_name"":""timestamptz"",""data_type"":""timestamp with time zone"",""max_length"":null,""is_identity"":""NO"",""is_generated"":""NEVER"",""numeric_scale"":null,""numeric_precision"":null,""identity_generation"":null,""generation_expression"":null}"
04_COLUMN,public.region_translations.description,"{""table"":""region_translations"",""column"":""description"",""schema"":""public"",""default"":null,""nullable"":""YES"",""position"":4,""udt_name"":""text"",""data_type"":""text"",""max_length"":null,""is_identity"":""NO"",""is_generated"":""NEVER"",""numeric_scale"":null,""numeric_precision"":null,""identity_generation"":null,""generation_expression"":null}"
04_COLUMN,public.region_translations.locale,"{""table"":""region_translations"",""column"":""locale"",""schema"":""public"",""default"":null,""nullable"":""NO"",""position"":2,""udt_name"":""content_locale"",""data_type"":""USER-DEFINED"",""max_length"":null,""is_identity"":""NO"",""is_generated"":""NEVER"",""numeric_scale"":null,""numeric_precision"":null,""identity_generation"":null,""generation_expression"":null}"
04_COLUMN,public.region_translations.name,"{""table"":""region_translations"",""column"":""name"",""schema"":""public"",""default"":null,""nullable"":""NO"",""position"":3,""udt_name"":""text"",""data_type"":""text"",""max_length"":null,""is_identity"":""NO"",""is_generated"":""NEVER"",""numeric_scale"":null,""numeric_precision"":null,""identity_generation"":null,""generation_expression"":null}"
04_COLUMN,public.region_translations.region_id,"{""table"":""region_translations"",""column"":""region_id"",""schema"":""public"",""default"":null,""nullable"":""NO"",""position"":1,""udt_name"":""uuid"",""data_type"":""uuid"",""max_length"":null,""is_identity"":""NO"",""is_generated"":""NEVER"",""numeric_scale"":null,""numeric_precision"":null,""identity_generation"":null,""generation_expression"":null}"
04_COLUMN,public.region_translations.updated_at,"{""table"":""region_translations"",""column"":""updated_at"",""schema"":""public"",""default"":""now()"",""nullable"":""NO"",""position"":6,""udt_name"":""timestamptz"",""data_type"":""timestamp with time zone"",""max_length"":null,""is_identity"":""NO"",""is_generated"":""NEVER"",""numeric_scale"":null,""numeric_precision"":null,""identity_generation"":null,""generation_expression"":null}"
04_COLUMN,public.regions.created_at,"{""table"":""regions"",""column"":""created_at"",""schema"":""public"",""default"":""now()"",""nullable"":""NO"",""position"":7,""udt_name"":""timestamptz"",""data_type"":""timestamp with time zone"",""max_length"":null,""is_identity"":""NO"",""is_generated"":""NEVER"",""numeric_scale"":null,""numeric_precision"":null,""identity_generation"":null,""generation_expression"":null}"
04_COLUMN,public.regions.created_by,"{""table"":""regions"",""column"":""created_by"",""schema"":""public"",""default"":""auth.uid()"",""nullable"":""YES"",""position"":5,""udt_name"":""uuid"",""data_type"":""uuid"",""max_length"":null,""is_identity"":""NO"",""is_generated"":""NEVER"",""numeric_scale"":null,""numeric_precision"":null,""identity_generation"":null,""generation_expression"":null}"
04_COLUMN,public.regions.deleted_at,"{""table"":""regions"",""column"":""deleted_at"",""schema"":""public"",""default"":null,""nullable"":""YES"",""position"":9,""udt_name"":""timestamptz"",""data_type"":""timestamp with time zone"",""max_length"":null,""is_identity"":""NO"",""is_generated"":""NEVER"",""numeric_scale"":null,""numeric_precision"":null,""identity_generation"":null,""generation_expression"":null}"
04_COLUMN,public.regions.id,"{""table"":""regions"",""column"":""id"",""schema"":""public"",""default"":""gen_random_uuid()"",""nullable"":""NO"",""position"":1,""udt_name"":""uuid"",""data_type"":""uuid"",""max_length"":null,""is_identity"":""NO"",""is_generated"":""NEVER"",""numeric_scale"":null,""numeric_precision"":null,""identity_generation"":null,""generation_expression"":null}"
04_COLUMN,public.regions.is_active,"{""table"":""regions"",""column"":""is_active"",""schema"":""public"",""default"":""true"",""nullable"":""NO"",""position"":4,""udt_name"":""bool"",""data_type"":""boolean"",""max_length"":null,""is_identity"":""NO"",""is_generated"":""NEVER"",""numeric_scale"":null,""numeric_precision"":null,""identity_generation"":null,""generation_expression"":null}"
04_COLUMN,public.regions.origin_id,"{""table"":""regions"",""column"":""origin_id"",""schema"":""public"",""default"":null,""nullable"":""NO"",""position"":2,""udt_name"":""uuid"",""data_type"":""uuid"",""max_length"":null,""is_identity"":""NO"",""is_generated"":""NEVER"",""numeric_scale"":null,""numeric_precision"":null,""identity_generation"":null,""generation_expression"":null}"
04_COLUMN,public.regions.slug,"{""table"":""regions"",""column"":""slug"",""schema"":""public"",""default"":null,""nullable"":""NO"",""position"":3,""udt_name"":""text"",""data_type"":""text"",""max_length"":null,""is_identity"":""NO"",""is_generated"":""NEVER"",""numeric_scale"":null,""numeric_precision"":null,""identity_generation"":null,""generation_expression"":null}"
04_COLUMN,public.regions.updated_at,"{""table"":""regions"",""column"":""updated_at"",""schema"":""public"",""default"":""now()"",""nullable"":""NO"",""position"":8,""udt_name"":""timestamptz"",""data_type"":""timestamp with time zone"",""max_length"":null,""is_identity"":""NO"",""is_generated"":""NEVER"",""numeric_scale"":null,""numeric_precision"":null,""identity_generation"":null,""generation_expression"":null}"
04_COLUMN,public.regions.updated_by,"{""table"":""regions"",""column"":""updated_by"",""schema"":""public"",""default"":""auth.uid()"",""nullable"":""YES"",""position"":6,""udt_name"":""uuid"",""data_type"":""uuid"",""max_length"":null,""is_identity"":""NO"",""is_generated"":""NEVER"",""numeric_scale"":null,""numeric_precision"":null,""identity_generation"":null,""generation_expression"":null}"
04_COLUMN,public.sensory_note_translations.created_at,"{""table"":""sensory_note_translations"",""column"":""created_at"",""schema"":""public"",""default"":""now()"",""nullable"":""NO"",""position"":4,""udt_name"":""timestamptz"",""data_type"":""timestamp with time zone"",""max_length"":null,""is_identity"":""NO"",""is_generated"":""NEVER"",""numeric_scale"":null,""numeric_precision"":null,""identity_generation"":null,""generation_expression"":null}"
04_COLUMN,public.sensory_note_translations.locale,"{""table"":""sensory_note_translations"",""column"":""locale"",""schema"":""public"",""default"":null,""nullable"":""NO"",""position"":2,""udt_name"":""content_locale"",""data_type"":""USER-DEFINED"",""max_length"":null,""is_identity"":""NO"",""is_generated"":""NEVER"",""numeric_scale"":null,""numeric_precision"":null,""identity_generation"":null,""generation_expression"":null}"
04_COLUMN,public.sensory_note_translations.name,"{""table"":""sensory_note_translations"",""column"":""name"",""schema"":""public"",""default"":null,""nullable"":""NO"",""position"":3,""udt_name"":""text"",""data_type"":""text"",""max_length"":null,""is_identity"":""NO"",""is_generated"":""NEVER"",""numeric_scale"":null,""numeric_precision"":null,""identity_generation"":null,""generation_expression"":null}"
04_COLUMN,public.sensory_note_translations.sensory_note_id,"{""table"":""sensory_note_translations"",""column"":""sensory_note_id"",""schema"":""public"",""default"":null,""nullable"":""NO"",""position"":1,""udt_name"":""uuid"",""data_type"":""uuid"",""max_length"":null,""is_identity"":""NO"",""is_generated"":""NEVER"",""numeric_scale"":null,""numeric_precision"":null,""identity_generation"":null,""generation_expression"":null}"
04_COLUMN,public.sensory_note_translations.updated_at,"{""table"":""sensory_note_translations"",""column"":""updated_at"",""schema"":""public"",""default"":""now()"",""nullable"":""NO"",""position"":5,""udt_name"":""timestamptz"",""data_type"":""timestamp with time zone"",""max_length"":null,""is_identity"":""NO"",""is_generated"":""NEVER"",""numeric_scale"":null,""numeric_precision"":null,""identity_generation"":null,""generation_expression"":null}"
04_COLUMN,public.sensory_notes.category,"{""table"":""sensory_notes"",""column"":""category"",""schema"":""public"",""default"":null,""nullable"":""YES"",""position"":3,""udt_name"":""text"",""data_type"":""text"",""max_length"":null,""is_identity"":""NO"",""is_generated"":""NEVER"",""numeric_scale"":null,""numeric_precision"":null,""identity_generation"":null,""generation_expression"":null}"
04_COLUMN,public.sensory_notes.created_at,"{""table"":""sensory_notes"",""column"":""created_at"",""schema"":""public"",""default"":""now()"",""nullable"":""NO"",""position"":5,""udt_name"":""timestamptz"",""data_type"":""timestamp with time zone"",""max_length"":null,""is_identity"":""NO"",""is_generated"":""NEVER"",""numeric_scale"":null,""numeric_precision"":null,""identity_generation"":null,""generation_expression"":null}"
04_COLUMN,public.sensory_notes.id,"{""table"":""sensory_notes"",""column"":""id"",""schema"":""public"",""default"":""gen_random_uuid()"",""nullable"":""NO"",""position"":1,""udt_name"":""uuid"",""data_type"":""uuid"",""max_length"":null,""is_identity"":""NO"",""is_generated"":""NEVER"",""numeric_scale"":null,""numeric_precision"":null,""identity_generation"":null,""generation_expression"":null}"
04_COLUMN,public.sensory_notes.is_active,"{""table"":""sensory_notes"",""column"":""is_active"",""schema"":""public"",""default"":""true"",""nullable"":""NO"",""position"":4,""udt_name"":""bool"",""data_type"":""boolean"",""max_length"":null,""is_identity"":""NO"",""is_generated"":""NEVER"",""numeric_scale"":null,""numeric_precision"":null,""identity_generation"":null,""generation_expression"":null}"
04_COLUMN,public.sensory_notes.slug,"{""table"":""sensory_notes"",""column"":""slug"",""schema"":""public"",""default"":null,""nullable"":""NO"",""position"":2,""udt_name"":""text"",""data_type"":""text"",""max_length"":null,""is_identity"":""NO"",""is_generated"":""NEVER"",""numeric_scale"":null,""numeric_precision"":null,""identity_generation"":null,""generation_expression"":null}"
04_COLUMN,public.sensory_notes.updated_at,"{""table"":""sensory_notes"",""column"":""updated_at"",""schema"":""public"",""default"":""now()"",""nullable"":""NO"",""position"":6,""udt_name"":""timestamptz"",""data_type"":""timestamp with time zone"",""max_length"":null,""is_identity"":""NO"",""is_generated"":""NEVER"",""numeric_scale"":null,""numeric_precision"":null,""identity_generation"":null,""generation_expression"":null}"
04_COLUMN,public.site_page_section_translations.body_markdown,"{""table"":""site_page_section_translations"",""column"":""body_markdown"",""schema"":""public"",""default"":null,""nullable"":""YES"",""position"":5,""udt_name"":""text"",""data_type"":""text"",""max_length"":null,""is_identity"":""NO"",""is_generated"":""NEVER"",""numeric_scale"":null,""numeric_precision"":null,""identity_generation"":null,""generation_expression"":null}"
04_COLUMN,public.site_page_section_translations.created_at,"{""table"":""site_page_section_translations"",""column"":""created_at"",""schema"":""public"",""default"":""now()"",""nullable"":""NO"",""position"":7,""udt_name"":""timestamptz"",""data_type"":""timestamp with time zone"",""max_length"":null,""is_identity"":""NO"",""is_generated"":""NEVER"",""numeric_scale"":null,""numeric_precision"":null,""identity_generation"":null,""generation_expression"":null}"
04_COLUMN,public.site_page_section_translations.cta_label,"{""table"":""site_page_section_translations"",""column"":""cta_label"",""schema"":""public"",""default"":null,""nullable"":""YES"",""position"":6,""udt_name"":""text"",""data_type"":""text"",""max_length"":null,""is_identity"":""NO"",""is_generated"":""NEVER"",""numeric_scale"":null,""numeric_precision"":null,""identity_generation"":null,""generation_expression"":null}"
04_COLUMN,public.site_page_section_translations.heading,"{""table"":""site_page_section_translations"",""column"":""heading"",""schema"":""public"",""default"":null,""nullable"":""YES"",""position"":3,""udt_name"":""text"",""data_type"":""text"",""max_length"":null,""is_identity"":""NO"",""is_generated"":""NEVER"",""numeric_scale"":null,""numeric_precision"":null,""identity_generation"":null,""generation_expression"":null}"
04_COLUMN,public.site_page_section_translations.locale,"{""table"":""site_page_section_translations"",""column"":""locale"",""schema"":""public"",""default"":null,""nullable"":""NO"",""position"":2,""udt_name"":""content_locale"",""data_type"":""USER-DEFINED"",""max_length"":null,""is_identity"":""NO"",""is_generated"":""NEVER"",""numeric_scale"":null,""numeric_precision"":null,""identity_generation"":null,""generation_expression"":null}"
04_COLUMN,public.site_page_section_translations.section_id,"{""table"":""site_page_section_translations"",""column"":""section_id"",""schema"":""public"",""default"":null,""nullable"":""NO"",""position"":1,""udt_name"":""uuid"",""data_type"":""uuid"",""max_length"":null,""is_identity"":""NO"",""is_generated"":""NEVER"",""numeric_scale"":null,""numeric_precision"":null,""identity_generation"":null,""generation_expression"":null}"
04_COLUMN,public.site_page_section_translations.subheading,"{""table"":""site_page_section_translations"",""column"":""subheading"",""schema"":""public"",""default"":null,""nullable"":""YES"",""position"":4,""udt_name"":""text"",""data_type"":""text"",""max_length"":null,""is_identity"":""NO"",""is_generated"":""NEVER"",""numeric_scale"":null,""numeric_precision"":null,""identity_generation"":null,""generation_expression"":null}"
04_COLUMN,public.site_page_section_translations.updated_at,"{""table"":""site_page_section_translations"",""column"":""updated_at"",""schema"":""public"",""default"":""now()"",""nullable"":""NO"",""position"":8,""udt_name"":""timestamptz"",""data_type"":""timestamp with time zone"",""max_length"":null,""is_identity"":""NO"",""is_generated"":""NEVER"",""numeric_scale"":null,""numeric_precision"":null,""identity_generation"":null,""generation_expression"":null}"
04_COLUMN,public.site_page_sections.created_at,"{""table"":""site_page_sections"",""column"":""created_at"",""schema"":""public"",""default"":""now()"",""nullable"":""NO"",""position"":11,""udt_name"":""timestamptz"",""data_type"":""timestamp with time zone"",""max_length"":null,""is_identity"":""NO"",""is_generated"":""NEVER"",""numeric_scale"":null,""numeric_precision"":null,""identity_generation"":null,""generation_expression"":null}"
04_COLUMN,public.site_page_sections.cta_href,"{""table"":""site_page_sections"",""column"":""cta_href"",""schema"":""public"",""default"":null,""nullable"":""YES"",""position"":8,""udt_name"":""text"",""data_type"":""text"",""max_length"":null,""is_identity"":""NO"",""is_generated"":""NEVER"",""numeric_scale"":null,""numeric_precision"":null,""identity_generation"":null,""generation_expression"":null}"
04_COLUMN,public.site_page_sections.entity_limit,"{""table"":""site_page_sections"",""column"":""entity_limit"",""schema"":""public"",""default"":null,""nullable"":""YES"",""position"":10,""udt_name"":""int4"",""data_type"":""integer"",""max_length"":null,""is_identity"":""NO"",""is_generated"":""NEVER"",""numeric_scale"":0,""numeric_precision"":32,""identity_generation"":null,""generation_expression"":null}"
04_COLUMN,public.site_page_sections.entity_ref,"{""table"":""site_page_sections"",""column"":""entity_ref"",""schema"":""public"",""default"":null,""nullable"":""YES"",""position"":9,""udt_name"":""text"",""data_type"":""text"",""max_length"":null,""is_identity"":""NO"",""is_generated"":""NEVER"",""numeric_scale"":null,""numeric_precision"":null,""identity_generation"":null,""generation_expression"":null}"
04_COLUMN,public.site_page_sections.id,"{""table"":""site_page_sections"",""column"":""id"",""schema"":""public"",""default"":""gen_random_uuid()"",""nullable"":""NO"",""position"":1,""udt_name"":""uuid"",""data_type"":""uuid"",""max_length"":null,""is_identity"":""NO"",""is_generated"":""NEVER"",""numeric_scale"":null,""numeric_precision"":null,""identity_generation"":null,""generation_expression"":null}"
04_COLUMN,public.site_page_sections.is_visible,"{""table"":""site_page_sections"",""column"":""is_visible"",""schema"":""public"",""default"":""true"",""nullable"":""NO"",""position"":6,""udt_name"":""bool"",""data_type"":""boolean"",""max_length"":null,""is_identity"":""NO"",""is_generated"":""NEVER"",""numeric_scale"":null,""numeric_precision"":null,""identity_generation"":null,""generation_expression"":null}"
04_COLUMN,public.site_page_sections.media_id,"{""table"":""site_page_sections"",""column"":""media_id"",""schema"":""public"",""default"":null,""nullable"":""YES"",""position"":7,""udt_name"":""uuid"",""data_type"":""uuid"",""max_length"":null,""is_identity"":""NO"",""is_generated"":""NEVER"",""numeric_scale"":null,""numeric_precision"":null,""identity_generation"":null,""generation_expression"":null}"
04_COLUMN,public.site_page_sections.page_id,"{""table"":""site_page_sections"",""column"":""page_id"",""schema"":""public"",""default"":null,""nullable"":""NO"",""position"":2,""udt_name"":""uuid"",""data_type"":""uuid"",""max_length"":null,""is_identity"":""NO"",""is_generated"":""NEVER"",""numeric_scale"":null,""numeric_precision"":null,""identity_generation"":null,""generation_expression"":null}"
04_COLUMN,public.site_page_sections.section_key,"{""table"":""site_page_sections"",""column"":""section_key"",""schema"":""public"",""default"":null,""nullable"":""NO"",""position"":3,""udt_name"":""text"",""data_type"":""text"",""max_length"":null,""is_identity"":""NO"",""is_generated"":""NEVER"",""numeric_scale"":null,""numeric_precision"":null,""identity_generation"":null,""generation_expression"":null}"
04_COLUMN,public.site_page_sections.section_type,"{""table"":""site_page_sections"",""column"":""section_type"",""schema"":""public"",""default"":null,""nullable"":""NO"",""position"":4,""udt_name"":""text"",""data_type"":""text"",""max_length"":null,""is_identity"":""NO"",""is_generated"":""NEVER"",""numeric_scale"":null,""numeric_precision"":null,""identity_generation"":null,""generation_expression"":null}"
04_COLUMN,public.site_page_sections.sort_order,"{""table"":""site_page_sections"",""column"":""sort_order"",""schema"":""public"",""default"":""0"",""nullable"":""NO"",""position"":5,""udt_name"":""int4"",""data_type"":""integer"",""max_length"":null,""is_identity"":""NO"",""is_generated"":""NEVER"",""numeric_scale"":0,""numeric_precision"":32,""identity_generation"":null,""generation_expression"":null}"
04_COLUMN,public.site_page_sections.updated_at,"{""table"":""site_page_sections"",""column"":""updated_at"",""schema"":""public"",""default"":""now()"",""nullable"":""NO"",""position"":12,""udt_name"":""timestamptz"",""data_type"":""timestamp with time zone"",""max_length"":null,""is_identity"":""NO"",""is_generated"":""NEVER"",""numeric_scale"":null,""numeric_precision"":null,""identity_generation"":null,""generation_expression"":null}"
04_COLUMN,public.site_page_translations.body_markdown,"{""table"":""site_page_translations"",""column"":""body_markdown"",""schema"":""public"",""default"":null,""nullable"":""YES"",""position"":6,""udt_name"":""text"",""data_type"":""text"",""max_length"":null,""is_identity"":""NO"",""is_generated"":""NEVER"",""numeric_scale"":null,""numeric_precision"":null,""identity_generation"":null,""generation_expression"":null}"
04_COLUMN,public.site_page_translations.created_at,"{""table"":""site_page_translations"",""column"":""created_at"",""schema"":""public"",""default"":""now()"",""nullable"":""NO"",""position"":10,""udt_name"":""timestamptz"",""data_type"":""timestamp with time zone"",""max_length"":null,""is_identity"":""NO"",""is_generated"":""NEVER"",""numeric_scale"":null,""numeric_precision"":null,""identity_generation"":null,""generation_expression"":null}"
04_COLUMN,public.site_page_translations.cta_label,"{""table"":""site_page_translations"",""column"":""cta_label"",""schema"":""public"",""default"":null,""nullable"":""YES"",""position"":9,""udt_name"":""text"",""data_type"":""text"",""max_length"":null,""is_identity"":""NO"",""is_generated"":""NEVER"",""numeric_scale"":null,""numeric_precision"":null,""identity_generation"":null,""generation_expression"":null}"
04_COLUMN,public.site_page_translations.h1,"{""table"":""site_page_translations"",""column"":""h1"",""schema"":""public"",""default"":null,""nullable"":""YES"",""position"":4,""udt_name"":""text"",""data_type"":""text"",""max_length"":null,""is_identity"":""NO"",""is_generated"":""NEVER"",""numeric_scale"":null,""numeric_precision"":null,""identity_generation"":null,""generation_expression"":null}"
04_COLUMN,public.site_page_translations.locale,"{""table"":""site_page_translations"",""column"":""locale"",""schema"":""public"",""default"":null,""nullable"":""NO"",""position"":2,""udt_name"":""content_locale"",""data_type"":""USER-DEFINED"",""max_length"":null,""is_identity"":""NO"",""is_generated"":""NEVER"",""numeric_scale"":null,""numeric_precision"":null,""identity_generation"":null,""generation_expression"":null}"
04_COLUMN,public.site_page_translations.page_id,"{""table"":""site_page_translations"",""column"":""page_id"",""schema"":""public"",""default"":null,""nullable"":""NO"",""position"":1,""udt_name"":""uuid"",""data_type"":""uuid"",""max_length"":null,""is_identity"":""NO"",""is_generated"":""NEVER"",""numeric_scale"":null,""numeric_precision"":null,""identity_generation"":null,""generation_expression"":null}"
04_COLUMN,public.site_page_translations.seo_description,"{""table"":""site_page_translations"",""column"":""seo_description"",""schema"":""public"",""default"":null,""nullable"":""YES"",""position"":8,""udt_name"":""text"",""data_type"":""text"",""max_length"":null,""is_identity"":""NO"",""is_generated"":""NEVER"",""numeric_scale"":null,""numeric_precision"":null,""identity_generation"":null,""generation_expression"":null}"
04_COLUMN,public.site_page_translations.seo_title,"{""table"":""site_page_translations"",""column"":""seo_title"",""schema"":""public"",""default"":null,""nullable"":""YES"",""position"":7,""udt_name"":""text"",""data_type"":""text"",""max_length"":null,""is_identity"":""NO"",""is_generated"":""NEVER"",""numeric_scale"":null,""numeric_precision"":null,""identity_generation"":null,""generation_expression"":null}"
04_COLUMN,public.site_page_translations.summary,"{""table"":""site_page_translations"",""column"":""summary"",""schema"":""public"",""default"":null,""nullable"":""YES"",""position"":5,""udt_name"":""text"",""data_type"":""text"",""max_length"":null,""is_identity"":""NO"",""is_generated"":""NEVER"",""numeric_scale"":null,""numeric_precision"":null,""identity_generation"":null,""generation_expression"":null}"
04_COLUMN,public.site_page_translations.title,"{""table"":""site_page_translations"",""column"":""title"",""schema"":""public"",""default"":null,""nullable"":""NO"",""position"":3,""udt_name"":""text"",""data_type"":""text"",""max_length"":null,""is_identity"":""NO"",""is_generated"":""NEVER"",""numeric_scale"":null,""numeric_precision"":null,""identity_generation"":null,""generation_expression"":null}"
04_COLUMN,public.site_page_translations.updated_at,"{""table"":""site_page_translations"",""column"":""updated_at"",""schema"":""public"",""default"":""now()"",""nullable"":""NO"",""position"":11,""udt_name"":""timestamptz"",""data_type"":""timestamp with time zone"",""max_length"":null,""is_identity"":""NO"",""is_generated"":""NEVER"",""numeric_scale"":null,""numeric_precision"":null,""identity_generation"":null,""generation_expression"":null}"
04_COLUMN,public.site_pages.created_at,"{""table"":""site_pages"",""column"":""created_at"",""schema"":""public"",""default"":""now()"",""nullable"":""NO"",""position"":12,""udt_name"":""timestamptz"",""data_type"":""timestamp with time zone"",""max_length"":null,""is_identity"":""NO"",""is_generated"":""NEVER"",""numeric_scale"":null,""numeric_precision"":null,""identity_generation"":null,""generation_expression"":null}"
04_COLUMN,public.site_pages.created_by,"{""table"":""site_pages"",""column"":""created_by"",""schema"":""public"",""default"":""auth.uid()"",""nullable"":""YES"",""position"":10,""udt_name"":""uuid"",""data_type"":""uuid"",""max_length"":null,""is_identity"":""NO"",""is_generated"":""NEVER"",""numeric_scale"":null,""numeric_precision"":null,""identity_generation"":null,""generation_expression"":null}"
04_COLUMN,public.site_pages.deleted_at,"{""table"":""site_pages"",""column"":""deleted_at"",""schema"":""public"",""default"":null,""nullable"":""YES"",""position"":14,""udt_name"":""timestamptz"",""data_type"":""timestamp with time zone"",""max_length"":null,""is_identity"":""NO"",""is_generated"":""NEVER"",""numeric_scale"":null,""numeric_precision"":null,""identity_generation"":null,""generation_expression"":null}"
04_COLUMN,public.site_pages.id,"{""table"":""site_pages"",""column"":""id"",""schema"":""public"",""default"":""gen_random_uuid()"",""nullable"":""NO"",""position"":1,""udt_name"":""uuid"",""data_type"":""uuid"",""max_length"":null,""is_identity"":""NO"",""is_generated"":""NEVER"",""numeric_scale"":null,""numeric_precision"":null,""identity_generation"":null,""generation_expression"":null}"
04_COLUMN,public.site_pages.is_active,"{""table"":""site_pages"",""column"":""is_active"",""schema"":""public"",""default"":""true"",""nullable"":""NO"",""position"":8,""udt_name"":""bool"",""data_type"":""boolean"",""max_length"":null,""is_identity"":""NO"",""is_generated"":""NEVER"",""numeric_scale"":null,""numeric_precision"":null,""identity_generation"":null,""generation_expression"":null}"
04_COLUMN,public.site_pages.og_media_id,"{""table"":""site_pages"",""column"":""og_media_id"",""schema"":""public"",""default"":null,""nullable"":""YES"",""position"":9,""udt_name"":""uuid"",""data_type"":""uuid"",""max_length"":null,""is_identity"":""NO"",""is_generated"":""NEVER"",""numeric_scale"":null,""numeric_precision"":null,""identity_generation"":null,""generation_expression"":null}"
04_COLUMN,public.site_pages.page_key,"{""table"":""site_pages"",""column"":""page_key"",""schema"":""public"",""default"":null,""nullable"":""NO"",""position"":2,""udt_name"":""text"",""data_type"":""text"",""max_length"":null,""is_identity"":""NO"",""is_generated"":""NEVER"",""numeric_scale"":null,""numeric_precision"":null,""identity_generation"":null,""generation_expression"":null}"
04_COLUMN,public.site_pages.published_at,"{""table"":""site_pages"",""column"":""published_at"",""schema"":""public"",""default"":null,""nullable"":""YES"",""position"":6,""udt_name"":""timestamptz"",""data_type"":""timestamp with time zone"",""max_length"":null,""is_identity"":""NO"",""is_generated"":""NEVER"",""numeric_scale"":null,""numeric_precision"":null,""identity_generation"":null,""generation_expression"":null}"
04_COLUMN,public.site_pages.route_path,"{""table"":""site_pages"",""column"":""route_path"",""schema"":""public"",""default"":null,""nullable"":""YES"",""position"":4,""udt_name"":""text"",""data_type"":""text"",""max_length"":null,""is_identity"":""NO"",""is_generated"":""NEVER"",""numeric_scale"":null,""numeric_precision"":null,""identity_generation"":null,""generation_expression"":null}"
04_COLUMN,public.site_pages.sort_order,"{""table"":""site_pages"",""column"":""sort_order"",""schema"":""public"",""default"":""0"",""nullable"":""NO"",""position"":7,""udt_name"":""int4"",""data_type"":""integer"",""max_length"":null,""is_identity"":""NO"",""is_generated"":""NEVER"",""numeric_scale"":0,""numeric_precision"":32,""identity_generation"":null,""generation_expression"":null}"
04_COLUMN,public.site_pages.status,"{""table"":""site_pages"",""column"":""status"",""schema"":""public"",""default"":""'DRAFT'::article_status"",""nullable"":""NO"",""position"":5,""udt_name"":""article_status"",""data_type"":""USER-DEFINED"",""max_length"":null,""is_identity"":""NO"",""is_generated"":""NEVER"",""numeric_scale"":null,""numeric_precision"":null,""identity_generation"":null,""generation_expression"":null}"
04_COLUMN,public.site_pages.template,"{""table"":""site_pages"",""column"":""template"",""schema"":""public"",""default"":null,""nullable"":""NO"",""position"":3,""udt_name"":""text"",""data_type"":""text"",""max_length"":null,""is_identity"":""NO"",""is_generated"":""NEVER"",""numeric_scale"":null,""numeric_precision"":null,""identity_generation"":null,""generation_expression"":null}"
04_COLUMN,public.site_pages.updated_at,"{""table"":""site_pages"",""column"":""updated_at"",""schema"":""public"",""default"":""now()"",""nullable"":""NO"",""position"":13,""udt_name"":""timestamptz"",""data_type"":""timestamp with time zone"",""max_length"":null,""is_identity"":""NO"",""is_generated"":""NEVER"",""numeric_scale"":null,""numeric_precision"":null,""identity_generation"":null,""generation_expression"":null}"
04_COLUMN,public.site_pages.updated_by,"{""table"":""site_pages"",""column"":""updated_by"",""schema"":""public"",""default"":""auth.uid()"",""nullable"":""YES"",""position"":11,""udt_name"":""uuid"",""data_type"":""uuid"",""max_length"":null,""is_identity"":""NO"",""is_generated"":""NEVER"",""numeric_scale"":null,""numeric_precision"":null,""identity_generation"":null,""generation_expression"":null}"
04_COLUMN,public.site_settings.created_at,"{""table"":""site_settings"",""column"":""created_at"",""schema"":""public"",""default"":""now()"",""nullable"":""NO"",""position"":13,""udt_name"":""timestamptz"",""data_type"":""timestamp with time zone"",""max_length"":null,""is_identity"":""NO"",""is_generated"":""NEVER"",""numeric_scale"":null,""numeric_precision"":null,""identity_generation"":null,""generation_expression"":null}"
04_COLUMN,public.site_settings.default_seo_description,"{""table"":""site_settings"",""column"":""default_seo_description"",""schema"":""public"",""default"":null,""nullable"":""YES"",""position"":10,""udt_name"":""text"",""data_type"":""text"",""max_length"":null,""is_identity"":""NO"",""is_generated"":""NEVER"",""numeric_scale"":null,""numeric_precision"":null,""identity_generation"":null,""generation_expression"":null}"
04_COLUMN,public.site_settings.default_seo_title_template,"{""table"":""site_settings"",""column"":""default_seo_title_template"",""schema"":""public"",""default"":null,""nullable"":""YES"",""position"":9,""udt_name"":""text"",""data_type"":""text"",""max_length"":null,""is_identity"":""NO"",""is_generated"":""NEVER"",""numeric_scale"":null,""numeric_precision"":null,""identity_generation"":null,""generation_expression"":null}"
04_COLUMN,public.site_settings.id,"{""table"":""site_settings"",""column"":""id"",""schema"":""public"",""default"":""1"",""nullable"":""NO"",""position"":1,""udt_name"":""int2"",""data_type"":""smallint"",""max_length"":null,""is_identity"":""NO"",""is_generated"":""NEVER"",""numeric_scale"":0,""numeric_precision"":16,""identity_generation"":null,""generation_expression"":null}"
04_COLUMN,public.site_settings.low_stock_threshold,"{""table"":""site_settings"",""column"":""low_stock_threshold"",""schema"":""public"",""default"":""30"",""nullable"":""NO"",""position"":11,""udt_name"":""int4"",""data_type"":""integer"",""max_length"":null,""is_identity"":""NO"",""is_generated"":""NEVER"",""numeric_scale"":0,""numeric_precision"":32,""identity_generation"":null,""generation_expression"":null}"
04_COLUMN,public.site_settings.org_brand_name,"{""table"":""site_settings"",""column"":""org_brand_name"",""schema"":""public"",""default"":null,""nullable"":""YES"",""position"":3,""udt_name"":""text"",""data_type"":""text"",""max_length"":null,""is_identity"":""NO"",""is_generated"":""NEVER"",""numeric_scale"":null,""numeric_precision"":null,""identity_generation"":null,""generation_expression"":null}"
04_COLUMN,public.site_settings.org_default_og_media_id,"{""table"":""site_settings"",""column"":""org_default_og_media_id"",""schema"":""public"",""default"":null,""nullable"":""YES"",""position"":7,""udt_name"":""uuid"",""data_type"":""uuid"",""max_length"":null,""is_identity"":""NO"",""is_generated"":""NEVER"",""numeric_scale"":null,""numeric_precision"":null,""identity_generation"":null,""generation_expression"":null}"
04_COLUMN,public.site_settings.org_email,"{""table"":""site_settings"",""column"":""org_email"",""schema"":""public"",""default"":null,""nullable"":""YES"",""position"":4,""udt_name"":""text"",""data_type"":""text"",""max_length"":null,""is_identity"":""NO"",""is_generated"":""NEVER"",""numeric_scale"":null,""numeric_precision"":null,""identity_generation"":null,""generation_expression"":null}"
04_COLUMN,public.site_settings.org_legal_name,"{""table"":""site_settings"",""column"":""org_legal_name"",""schema"":""public"",""default"":null,""nullable"":""YES"",""position"":2,""udt_name"":""text"",""data_type"":""text"",""max_length"":null,""is_identity"":""NO"",""is_generated"":""NEVER"",""numeric_scale"":null,""numeric_precision"":null,""identity_generation"":null,""generation_expression"":null}"
04_COLUMN,public.site_settings.org_logo_media_id,"{""table"":""site_settings"",""column"":""org_logo_media_id"",""schema"":""public"",""default"":null,""nullable"":""YES"",""position"":6,""udt_name"":""uuid"",""data_type"":""uuid"",""max_length"":null,""is_identity"":""NO"",""is_generated"":""NEVER"",""numeric_scale"":null,""numeric_precision"":null,""identity_generation"":null,""generation_expression"":null}"
04_COLUMN,public.site_settings.org_phone,"{""table"":""site_settings"",""column"":""org_phone"",""schema"":""public"",""default"":null,""nullable"":""YES"",""position"":5,""udt_name"":""text"",""data_type"":""text"",""max_length"":null,""is_identity"":""NO"",""is_generated"":""NEVER"",""numeric_scale"":null,""numeric_precision"":null,""identity_generation"":null,""generation_expression"":null}"
04_COLUMN,public.site_settings.org_same_as,"{""table"":""site_settings"",""column"":""org_same_as"",""schema"":""public"",""default"":""'{}'::text[]"",""nullable"":""NO"",""position"":8,""udt_name"":""_text"",""data_type"":""ARRAY"",""max_length"":null,""is_identity"":""NO"",""is_generated"":""NEVER"",""numeric_scale"":null,""numeric_precision"":null,""identity_generation"":null,""generation_expression"":null}"
04_COLUMN,public.site_settings.updated_at,"{""table"":""site_settings"",""column"":""updated_at"",""schema"":""public"",""default"":""now()"",""nullable"":""NO"",""position"":14,""udt_name"":""timestamptz"",""data_type"":""timestamp with time zone"",""max_length"":null,""is_identity"":""NO"",""is_generated"":""NEVER"",""numeric_scale"":null,""numeric_precision"":null,""identity_generation"":null,""generation_expression"":null}"
04_COLUMN,public.site_settings.updated_by,"{""table"":""site_settings"",""column"":""updated_by"",""schema"":""public"",""default"":""auth.uid()"",""nullable"":""YES"",""position"":12,""udt_name"":""uuid"",""data_type"":""uuid"",""max_length"":null,""is_identity"":""NO"",""is_generated"":""NEVER"",""numeric_scale"":null,""numeric_precision"":null,""identity_generation"":null,""generation_expression"":null}"
04_COLUMN,public.site_settings_translations.created_at,"{""table"":""site_settings_translations"",""column"":""created_at"",""schema"":""public"",""default"":""now()"",""nullable"":""NO"",""position"":9,""udt_name"":""timestamptz"",""data_type"":""timestamp with time zone"",""max_length"":null,""is_identity"":""NO"",""is_generated"":""NEVER"",""numeric_scale"":null,""numeric_precision"":null,""identity_generation"":null,""generation_expression"":null}"
04_COLUMN,public.site_settings_translations.default_seo_description,"{""table"":""site_settings_translations"",""column"":""default_seo_description"",""schema"":""public"",""default"":null,""nullable"":""YES"",""position"":7,""udt_name"":""text"",""data_type"":""text"",""max_length"":null,""is_identity"":""NO"",""is_generated"":""NEVER"",""numeric_scale"":null,""numeric_precision"":null,""identity_generation"":null,""generation_expression"":null}"
04_COLUMN,public.site_settings_translations.default_seo_title,"{""table"":""site_settings_translations"",""column"":""default_seo_title"",""schema"":""public"",""default"":null,""nullable"":""YES"",""position"":6,""udt_name"":""text"",""data_type"":""text"",""max_length"":null,""is_identity"":""NO"",""is_generated"":""NEVER"",""numeric_scale"":null,""numeric_precision"":null,""identity_generation"":null,""generation_expression"":null}"
04_COLUMN,public.site_settings_translations.global_cta_label,"{""table"":""site_settings_translations"",""column"":""global_cta_label"",""schema"":""public"",""default"":null,""nullable"":""YES"",""position"":8,""udt_name"":""text"",""data_type"":""text"",""max_length"":null,""is_identity"":""NO"",""is_generated"":""NEVER"",""numeric_scale"":null,""numeric_precision"":null,""identity_generation"":null,""generation_expression"":null}"
04_COLUMN,public.site_settings_translations.locale,"{""table"":""site_settings_translations"",""column"":""locale"",""schema"":""public"",""default"":null,""nullable"":""NO"",""position"":2,""udt_name"":""content_locale"",""data_type"":""USER-DEFINED"",""max_length"":null,""is_identity"":""NO"",""is_generated"":""NEVER"",""numeric_scale"":null,""numeric_precision"":null,""identity_generation"":null,""generation_expression"":null}"
04_COLUMN,public.site_settings_translations.org_address,"{""table"":""site_settings_translations"",""column"":""org_address"",""schema"":""public"",""default"":null,""nullable"":""YES"",""position"":5,""udt_name"":""text"",""data_type"":""text"",""max_length"":null,""is_identity"":""NO"",""is_generated"":""NEVER"",""numeric_scale"":null,""numeric_precision"":null,""identity_generation"":null,""generation_expression"":null}"
04_COLUMN,public.site_settings_translations.org_display_name,"{""table"":""site_settings_translations"",""column"":""org_display_name"",""schema"":""public"",""default"":null,""nullable"":""YES"",""position"":3,""udt_name"":""text"",""data_type"":""text"",""max_length"":null,""is_identity"":""NO"",""is_generated"":""NEVER"",""numeric_scale"":null,""numeric_precision"":null,""identity_generation"":null,""generation_expression"":null}"
04_COLUMN,public.site_settings_translations.org_tagline,"{""table"":""site_settings_translations"",""column"":""org_tagline"",""schema"":""public"",""default"":null,""nullable"":""YES"",""position"":4,""udt_name"":""text"",""data_type"":""text"",""max_length"":null,""is_identity"":""NO"",""is_generated"":""NEVER"",""numeric_scale"":null,""numeric_precision"":null,""identity_generation"":null,""generation_expression"":null}"
04_COLUMN,public.site_settings_translations.settings_id,"{""table"":""site_settings_translations"",""column"":""settings_id"",""schema"":""public"",""default"":""1"",""nullable"":""NO"",""position"":1,""udt_name"":""int2"",""data_type"":""smallint"",""max_length"":null,""is_identity"":""NO"",""is_generated"":""NEVER"",""numeric_scale"":0,""numeric_precision"":16,""identity_generation"":null,""generation_expression"":null}"
04_COLUMN,public.site_settings_translations.updated_at,"{""table"":""site_settings_translations"",""column"":""updated_at"",""schema"":""public"",""default"":""now()"",""nullable"":""NO"",""position"":10,""udt_name"":""timestamptz"",""data_type"":""timestamp with time zone"",""max_length"":null,""is_identity"":""NO"",""is_generated"":""NEVER"",""numeric_scale"":null,""numeric_precision"":null,""identity_generation"":null,""generation_expression"":null}"
04_COLUMN,public.tag_translations.created_at,"{""table"":""tag_translations"",""column"":""created_at"",""schema"":""public"",""default"":""now()"",""nullable"":""NO"",""position"":4,""udt_name"":""timestamptz"",""data_type"":""timestamp with time zone"",""max_length"":null,""is_identity"":""NO"",""is_generated"":""NEVER"",""numeric_scale"":null,""numeric_precision"":null,""identity_generation"":null,""generation_expression"":null}"
04_COLUMN,public.tag_translations.locale,"{""table"":""tag_translations"",""column"":""locale"",""schema"":""public"",""default"":null,""nullable"":""NO"",""position"":2,""udt_name"":""content_locale"",""data_type"":""USER-DEFINED"",""max_length"":null,""is_identity"":""NO"",""is_generated"":""NEVER"",""numeric_scale"":null,""numeric_precision"":null,""identity_generation"":null,""generation_expression"":null}"
04_COLUMN,public.tag_translations.name,"{""table"":""tag_translations"",""column"":""name"",""schema"":""public"",""default"":null,""nullable"":""NO"",""position"":3,""udt_name"":""text"",""data_type"":""text"",""max_length"":null,""is_identity"":""NO"",""is_generated"":""NEVER"",""numeric_scale"":null,""numeric_precision"":null,""identity_generation"":null,""generation_expression"":null}"
04_COLUMN,public.tag_translations.tag_id,"{""table"":""tag_translations"",""column"":""tag_id"",""schema"":""public"",""default"":null,""nullable"":""NO"",""position"":1,""udt_name"":""uuid"",""data_type"":""uuid"",""max_length"":null,""is_identity"":""NO"",""is_generated"":""NEVER"",""numeric_scale"":null,""numeric_precision"":null,""identity_generation"":null,""generation_expression"":null}"
04_COLUMN,public.tag_translations.updated_at,"{""table"":""tag_translations"",""column"":""updated_at"",""schema"":""public"",""default"":""now()"",""nullable"":""NO"",""position"":5,""udt_name"":""timestamptz"",""data_type"":""timestamp with time zone"",""max_length"":null,""is_identity"":""NO"",""is_generated"":""NEVER"",""numeric_scale"":null,""numeric_precision"":null,""identity_generation"":null,""generation_expression"":null}"
04_COLUMN,public.tags.created_at,"{""table"":""tags"",""column"":""created_at"",""schema"":""public"",""default"":""now()"",""nullable"":""NO"",""position"":4,""udt_name"":""timestamptz"",""data_type"":""timestamp with time zone"",""max_length"":null,""is_identity"":""NO"",""is_generated"":""NEVER"",""numeric_scale"":null,""numeric_precision"":null,""identity_generation"":null,""generation_expression"":null}"
04_COLUMN,public.tags.id,"{""table"":""tags"",""column"":""id"",""schema"":""public"",""default"":""gen_random_uuid()"",""nullable"":""NO"",""position"":1,""udt_name"":""uuid"",""data_type"":""uuid"",""max_length"":null,""is_identity"":""NO"",""is_generated"":""NEVER"",""numeric_scale"":null,""numeric_precision"":null,""identity_generation"":null,""generation_expression"":null}"
04_COLUMN,public.tags.is_active,"{""table"":""tags"",""column"":""is_active"",""schema"":""public"",""default"":""true"",""nullable"":""NO"",""position"":3,""udt_name"":""bool"",""data_type"":""boolean"",""max_length"":null,""is_identity"":""NO"",""is_generated"":""NEVER"",""numeric_scale"":null,""numeric_precision"":null,""identity_generation"":null,""generation_expression"":null}"
04_COLUMN,public.tags.slug,"{""table"":""tags"",""column"":""slug"",""schema"":""public"",""default"":null,""nullable"":""NO"",""position"":2,""udt_name"":""text"",""data_type"":""text"",""max_length"":null,""is_identity"":""NO"",""is_generated"":""NEVER"",""numeric_scale"":null,""numeric_precision"":null,""identity_generation"":null,""generation_expression"":null}"
04_COLUMN,public.tags.updated_at,"{""table"":""tags"",""column"":""updated_at"",""schema"":""public"",""default"":""now()"",""nullable"":""NO"",""position"":5,""udt_name"":""timestamptz"",""data_type"":""timestamp with time zone"",""max_length"":null,""is_identity"":""NO"",""is_generated"":""NEVER"",""numeric_scale"":null,""numeric_precision"":null,""identity_generation"":null,""generation_expression"":null}"
04_COLUMN,public.varieties.created_at,"{""table"":""varieties"",""column"":""created_at"",""schema"":""public"",""default"":""now()"",""nullable"":""NO"",""position"":5,""udt_name"":""timestamptz"",""data_type"":""timestamp with time zone"",""max_length"":null,""is_identity"":""NO"",""is_generated"":""NEVER"",""numeric_scale"":null,""numeric_precision"":null,""identity_generation"":null,""generation_expression"":null}"
04_COLUMN,public.varieties.id,"{""table"":""varieties"",""column"":""id"",""schema"":""public"",""default"":""gen_random_uuid()"",""nullable"":""NO"",""position"":1,""udt_name"":""uuid"",""data_type"":""uuid"",""max_length"":null,""is_identity"":""NO"",""is_generated"":""NEVER"",""numeric_scale"":null,""numeric_precision"":null,""identity_generation"":null,""generation_expression"":null}"
04_COLUMN,public.varieties.is_active,"{""table"":""varieties"",""column"":""is_active"",""schema"":""public"",""default"":""true"",""nullable"":""NO"",""position"":4,""udt_name"":""bool"",""data_type"":""boolean"",""max_length"":null,""is_identity"":""NO"",""is_generated"":""NEVER"",""numeric_scale"":null,""numeric_precision"":null,""identity_generation"":null,""generation_expression"":null}"
04_COLUMN,public.varieties.name,"{""table"":""varieties"",""column"":""name"",""schema"":""public"",""default"":null,""nullable"":""NO"",""position"":3,""udt_name"":""text"",""data_type"":""text"",""max_length"":null,""is_identity"":""NO"",""is_generated"":""NEVER"",""numeric_scale"":null,""numeric_precision"":null,""identity_generation"":null,""generation_expression"":null}"
04_COLUMN,public.varieties.slug,"{""table"":""varieties"",""column"":""slug"",""schema"":""public"",""default"":null,""nullable"":""NO"",""position"":2,""udt_name"":""text"",""data_type"":""text"",""max_length"":null,""is_identity"":""NO"",""is_generated"":""NEVER"",""numeric_scale"":null,""numeric_precision"":null,""identity_generation"":null,""generation_expression"":null}"
04_COLUMN,public.varieties.updated_at,"{""table"":""varieties"",""column"":""updated_at"",""schema"":""public"",""default"":""now()"",""nullable"":""NO"",""position"":6,""udt_name"":""timestamptz"",""data_type"":""timestamp with time zone"",""max_length"":null,""is_identity"":""NO"",""is_generated"":""NEVER"",""numeric_scale"":null,""numeric_precision"":null,""identity_generation"":null,""generation_expression"":null}"
04_COLUMN,public.warehouse_translations.address,"{""table"":""warehouse_translations"",""column"":""address"",""schema"":""public"",""default"":null,""nullable"":""YES"",""position"":5,""udt_name"":""text"",""data_type"":""text"",""max_length"":null,""is_identity"":""NO"",""is_generated"":""NEVER"",""numeric_scale"":null,""numeric_precision"":null,""identity_generation"":null,""generation_expression"":null}"
04_COLUMN,public.warehouse_translations.city,"{""table"":""warehouse_translations"",""column"":""city"",""schema"":""public"",""default"":null,""nullable"":""YES"",""position"":4,""udt_name"":""text"",""data_type"":""text"",""max_length"":null,""is_identity"":""NO"",""is_generated"":""NEVER"",""numeric_scale"":null,""numeric_precision"":null,""identity_generation"":null,""generation_expression"":null}"
04_COLUMN,public.warehouse_translations.created_at,"{""table"":""warehouse_translations"",""column"":""created_at"",""schema"":""public"",""default"":""now()"",""nullable"":""NO"",""position"":7,""udt_name"":""timestamptz"",""data_type"":""timestamp with time zone"",""max_length"":null,""is_identity"":""NO"",""is_generated"":""NEVER"",""numeric_scale"":null,""numeric_precision"":null,""identity_generation"":null,""generation_expression"":null}"
04_COLUMN,public.warehouse_translations.locale,"{""table"":""warehouse_translations"",""column"":""locale"",""schema"":""public"",""default"":null,""nullable"":""NO"",""position"":2,""udt_name"":""content_locale"",""data_type"":""USER-DEFINED"",""max_length"":null,""is_identity"":""NO"",""is_generated"":""NEVER"",""numeric_scale"":null,""numeric_precision"":null,""identity_generation"":null,""generation_expression"":null}"
04_COLUMN,public.warehouse_translations.name,"{""table"":""warehouse_translations"",""column"":""name"",""schema"":""public"",""default"":null,""nullable"":""NO"",""position"":3,""udt_name"":""text"",""data_type"":""text"",""max_length"":null,""is_identity"":""NO"",""is_generated"":""NEVER"",""numeric_scale"":null,""numeric_precision"":null,""identity_generation"":null,""generation_expression"":null}"
04_COLUMN,public.warehouse_translations.service_region,"{""table"":""warehouse_translations"",""column"":""service_region"",""schema"":""public"",""default"":null,""nullable"":""YES"",""position"":6,""udt_name"":""text"",""data_type"":""text"",""max_length"":null,""is_identity"":""NO"",""is_generated"":""NEVER"",""numeric_scale"":null,""numeric_precision"":null,""identity_generation"":null,""generation_expression"":null}"
04_COLUMN,public.warehouse_translations.updated_at,"{""table"":""warehouse_translations"",""column"":""updated_at"",""schema"":""public"",""default"":""now()"",""nullable"":""NO"",""position"":8,""udt_name"":""timestamptz"",""data_type"":""timestamp with time zone"",""max_length"":null,""is_identity"":""NO"",""is_generated"":""NEVER"",""numeric_scale"":null,""numeric_precision"":null,""identity_generation"":null,""generation_expression"":null}"
04_COLUMN,public.warehouse_translations.warehouse_id,"{""table"":""warehouse_translations"",""column"":""warehouse_id"",""schema"":""public"",""default"":null,""nullable"":""NO"",""position"":1,""udt_name"":""uuid"",""data_type"":""uuid"",""max_length"":null,""is_identity"":""NO"",""is_generated"":""NEVER"",""numeric_scale"":null,""numeric_precision"":null,""identity_generation"":null,""generation_expression"":null}"
04_COLUMN,public.warehouses.address,"{""table"":""warehouses"",""column"":""address"",""schema"":""public"",""default"":null,""nullable"":""YES"",""position"":6,""udt_name"":""text"",""data_type"":""text"",""max_length"":null,""is_identity"":""NO"",""is_generated"":""NEVER"",""numeric_scale"":null,""numeric_precision"":null,""identity_generation"":null,""generation_expression"":null}"
04_COLUMN,public.warehouses.city,"{""table"":""warehouses"",""column"":""city"",""schema"":""public"",""default"":null,""nullable"":""YES"",""position"":5,""udt_name"":""text"",""data_type"":""text"",""max_length"":null,""is_identity"":""NO"",""is_generated"":""NEVER"",""numeric_scale"":null,""numeric_precision"":null,""identity_generation"":null,""generation_expression"":null}"
04_COLUMN,public.warehouses.code,"{""table"":""warehouses"",""column"":""code"",""schema"":""public"",""default"":null,""nullable"":""NO"",""position"":2,""udt_name"":""text"",""data_type"":""text"",""max_length"":null,""is_identity"":""NO"",""is_generated"":""NEVER"",""numeric_scale"":null,""numeric_precision"":null,""identity_generation"":null,""generation_expression"":null}"
04_COLUMN,public.warehouses.country_code,"{""table"":""warehouses"",""column"":""country_code"",""schema"":""public"",""default"":null,""nullable"":""NO"",""position"":4,""udt_name"":""varchar"",""data_type"":""character varying"",""max_length"":2,""is_identity"":""NO"",""is_generated"":""NEVER"",""numeric_scale"":null,""numeric_precision"":null,""identity_generation"":null,""generation_expression"":null}"
04_COLUMN,public.warehouses.created_at,"{""table"":""warehouses"",""column"":""created_at"",""schema"":""public"",""default"":""now()"",""nullable"":""NO"",""position"":11,""udt_name"":""timestamptz"",""data_type"":""timestamp with time zone"",""max_length"":null,""is_identity"":""NO"",""is_generated"":""NEVER"",""numeric_scale"":null,""numeric_precision"":null,""identity_generation"":null,""generation_expression"":null}"
04_COLUMN,public.warehouses.email,"{""table"":""warehouses"",""column"":""email"",""schema"":""public"",""default"":null,""nullable"":""YES"",""position"":8,""udt_name"":""text"",""data_type"":""text"",""max_length"":null,""is_identity"":""NO"",""is_generated"":""NEVER"",""numeric_scale"":null,""numeric_precision"":null,""identity_generation"":null,""generation_expression"":null}"
04_COLUMN,public.warehouses.id,"{""table"":""warehouses"",""column"":""id"",""schema"":""public"",""default"":""gen_random_uuid()"",""nullable"":""NO"",""position"":1,""udt_name"":""uuid"",""data_type"":""uuid"",""max_length"":null,""is_identity"":""NO"",""is_generated"":""NEVER"",""numeric_scale"":null,""numeric_precision"":null,""identity_generation"":null,""generation_expression"":null}"
04_COLUMN,public.warehouses.is_active,"{""table"":""warehouses"",""column"":""is_active"",""schema"":""public"",""default"":""true"",""nullable"":""NO"",""position"":10,""udt_name"":""bool"",""data_type"":""boolean"",""max_length"":null,""is_identity"":""NO"",""is_generated"":""NEVER"",""numeric_scale"":null,""numeric_precision"":null,""identity_generation"":null,""generation_expression"":null}"
04_COLUMN,public.warehouses.name,"{""table"":""warehouses"",""column"":""name"",""schema"":""public"",""default"":null,""nullable"":""NO"",""position"":3,""udt_name"":""text"",""data_type"":""text"",""max_length"":null,""is_identity"":""NO"",""is_generated"":""NEVER"",""numeric_scale"":null,""numeric_precision"":null,""identity_generation"":null,""generation_expression"":null}"
04_COLUMN,public.warehouses.phone,"{""table"":""warehouses"",""column"":""phone"",""schema"":""public"",""default"":null,""nullable"":""YES"",""position"":7,""udt_name"":""text"",""data_type"":""text"",""max_length"":null,""is_identity"":""NO"",""is_generated"":""NEVER"",""numeric_scale"":null,""numeric_precision"":null,""identity_generation"":null,""generation_expression"":null}"
04_COLUMN,public.warehouses.service_region,"{""table"":""warehouses"",""column"":""service_region"",""schema"":""public"",""default"":null,""nullable"":""YES"",""position"":9,""udt_name"":""text"",""data_type"":""text"",""max_length"":null,""is_identity"":""NO"",""is_generated"":""NEVER"",""numeric_scale"":null,""numeric_precision"":null,""identity_generation"":null,""generation_expression"":null}"
04_COLUMN,public.warehouses.updated_at,"{""table"":""warehouses"",""column"":""updated_at"",""schema"":""public"",""default"":""now()"",""nullable"":""NO"",""position"":12,""udt_name"":""timestamptz"",""data_type"":""timestamp with time zone"",""max_length"":null,""is_identity"":""NO"",""is_generated"":""NEVER"",""numeric_scale"":null,""numeric_precision"":null,""identity_generation"":null,""generation_expression"":null}"
04_COLUMN,storage.buckets.allowed_mime_types,"{""table"":""buckets"",""column"":""allowed_mime_types"",""schema"":""storage"",""default"":null,""nullable"":""YES"",""position"":9,""udt_name"":""_text"",""data_type"":""ARRAY"",""max_length"":null,""is_identity"":""NO"",""is_generated"":""NEVER"",""numeric_scale"":null,""numeric_precision"":null,""identity_generation"":null,""generation_expression"":null}"
04_COLUMN,storage.buckets.avif_autodetection,"{""table"":""buckets"",""column"":""avif_autodetection"",""schema"":""storage"",""default"":""false"",""nullable"":""YES"",""position"":7,""udt_name"":""bool"",""data_type"":""boolean"",""max_length"":null,""is_identity"":""NO"",""is_generated"":""NEVER"",""numeric_scale"":null,""numeric_precision"":null,""identity_generation"":null,""generation_expression"":null}"
04_COLUMN,storage.buckets.created_at,"{""table"":""buckets"",""column"":""created_at"",""schema"":""storage"",""default"":""now()"",""nullable"":""YES"",""position"":4,""udt_name"":""timestamptz"",""data_type"":""timestamp with time zone"",""max_length"":null,""is_identity"":""NO"",""is_generated"":""NEVER"",""numeric_scale"":null,""numeric_precision"":null,""identity_generation"":null,""generation_expression"":null}"
04_COLUMN,storage.buckets.file_size_limit,"{""table"":""buckets"",""column"":""file_size_limit"",""schema"":""storage"",""default"":null,""nullable"":""YES"",""position"":8,""udt_name"":""int8"",""data_type"":""bigint"",""max_length"":null,""is_identity"":""NO"",""is_generated"":""NEVER"",""numeric_scale"":0,""numeric_precision"":64,""identity_generation"":null,""generation_expression"":null}"
04_COLUMN,storage.buckets.id,"{""table"":""buckets"",""column"":""id"",""schema"":""storage"",""default"":null,""nullable"":""NO"",""position"":1,""udt_name"":""text"",""data_type"":""text"",""max_length"":null,""is_identity"":""NO"",""is_generated"":""NEVER"",""numeric_scale"":null,""numeric_precision"":null,""identity_generation"":null,""generation_expression"":null}"
04_COLUMN,storage.buckets.name,"{""table"":""buckets"",""column"":""name"",""schema"":""storage"",""default"":null,""nullable"":""NO"",""position"":2,""udt_name"":""text"",""data_type"":""text"",""max_length"":null,""is_identity"":""NO"",""is_generated"":""NEVER"",""numeric_scale"":null,""numeric_precision"":null,""identity_generation"":null,""generation_expression"":null}"
04_COLUMN,storage.buckets.owner,"{""table"":""buckets"",""column"":""owner"",""schema"":""storage"",""default"":null,""nullable"":""YES"",""position"":3,""udt_name"":""uuid"",""data_type"":""uuid"",""max_length"":null,""is_identity"":""NO"",""is_generated"":""NEVER"",""numeric_scale"":null,""numeric_precision"":null,""identity_generation"":null,""generation_expression"":null}"
04_COLUMN,storage.buckets.owner_id,"{""table"":""buckets"",""column"":""owner_id"",""schema"":""storage"",""default"":null,""nullable"":""YES"",""position"":10,""udt_name"":""text"",""data_type"":""text"",""max_length"":null,""is_identity"":""NO"",""is_generated"":""NEVER"",""numeric_scale"":null,""numeric_precision"":null,""identity_generation"":null,""generation_expression"":null}"
04_COLUMN,storage.buckets.public,"{""table"":""buckets"",""column"":""public"",""schema"":""storage"",""default"":""false"",""nullable"":""YES"",""position"":6,""udt_name"":""bool"",""data_type"":""boolean"",""max_length"":null,""is_identity"":""NO"",""is_generated"":""NEVER"",""numeric_scale"":null,""numeric_precision"":null,""identity_generation"":null,""generation_expression"":null}"
04_COLUMN,storage.buckets.type,"{""table"":""buckets"",""column"":""type"",""schema"":""storage"",""default"":""'STANDARD'::storage.buckettype"",""nullable"":""NO"",""position"":11,""udt_name"":""buckettype"",""data_type"":""USER-DEFINED"",""max_length"":null,""is_identity"":""NO"",""is_generated"":""NEVER"",""numeric_scale"":null,""numeric_precision"":null,""identity_generation"":null,""generation_expression"":null}"
04_COLUMN,storage.buckets.updated_at,"{""table"":""buckets"",""column"":""updated_at"",""schema"":""storage"",""default"":""now()"",""nullable"":""YES"",""position"":5,""udt_name"":""timestamptz"",""data_type"":""timestamp with time zone"",""max_length"":null,""is_identity"":""NO"",""is_generated"":""NEVER"",""numeric_scale"":null,""numeric_precision"":null,""identity_generation"":null,""generation_expression"":null}"
04_COLUMN,storage.buckets.versioning_status,"{""table"":""buckets"",""column"":""versioning_status"",""schema"":""storage"",""default"":""'DISABLED'::text"",""nullable"":""NO"",""position"":12,""udt_name"":""text"",""data_type"":""text"",""max_length"":null,""is_identity"":""NO"",""is_generated"":""NEVER"",""numeric_scale"":null,""numeric_precision"":null,""identity_generation"":null,""generation_expression"":null}"
04_COLUMN,storage.objects.archived_at,"{""table"":""objects"",""column"":""archived_at"",""schema"":""storage"",""default"":null,""nullable"":""YES"",""position"":13,""udt_name"":""timestamptz"",""data_type"":""timestamp with time zone"",""max_length"":null,""is_identity"":""NO"",""is_generated"":""NEVER"",""numeric_scale"":null,""numeric_precision"":null,""identity_generation"":null,""generation_expression"":null}"
04_COLUMN,storage.objects.bucket_id,"{""table"":""objects"",""column"":""bucket_id"",""schema"":""storage"",""default"":null,""nullable"":""YES"",""position"":2,""udt_name"":""text"",""data_type"":""text"",""max_length"":null,""is_identity"":""NO"",""is_generated"":""NEVER"",""numeric_scale"":null,""numeric_precision"":null,""identity_generation"":null,""generation_expression"":null}"
04_COLUMN,storage.objects.created_at,"{""table"":""objects"",""column"":""created_at"",""schema"":""storage"",""default"":""now()"",""nullable"":""YES"",""position"":5,""udt_name"":""timestamptz"",""data_type"":""timestamp with time zone"",""max_length"":null,""is_identity"":""NO"",""is_generated"":""NEVER"",""numeric_scale"":null,""numeric_precision"":null,""identity_generation"":null,""generation_expression"":null}"
04_COLUMN,storage.objects.id,"{""table"":""objects"",""column"":""id"",""schema"":""storage"",""default"":""gen_random_uuid()"",""nullable"":""NO"",""position"":1,""udt_name"":""uuid"",""data_type"":""uuid"",""max_length"":null,""is_identity"":""NO"",""is_generated"":""NEVER"",""numeric_scale"":null,""numeric_precision"":null,""identity_generation"":null,""generation_expression"":null}"
04_COLUMN,storage.objects.is_delete_marker,"{""table"":""objects"",""column"":""is_delete_marker"",""schema"":""storage"",""default"":""false"",""nullable"":""NO"",""position"":14,""udt_name"":""bool"",""data_type"":""boolean"",""max_length"":null,""is_identity"":""NO"",""is_generated"":""NEVER"",""numeric_scale"":null,""numeric_precision"":null,""identity_generation"":null,""generation_expression"":null}"
04_COLUMN,storage.objects.is_versioned,"{""table"":""objects"",""column"":""is_versioned"",""schema"":""storage"",""default"":""false"",""nullable"":""NO"",""position"":15,""udt_name"":""bool"",""data_type"":""boolean"",""max_length"":null,""is_identity"":""NO"",""is_generated"":""NEVER"",""numeric_scale"":null,""numeric_precision"":null,""identity_generation"":null,""generation_expression"":null}"
04_COLUMN,storage.objects.last_accessed_at,"{""table"":""objects"",""column"":""last_accessed_at"",""schema"":""storage"",""default"":""now()"",""nullable"":""YES"",""position"":7,""udt_name"":""timestamptz"",""data_type"":""timestamp with time zone"",""max_length"":null,""is_identity"":""NO"",""is_generated"":""NEVER"",""numeric_scale"":null,""numeric_precision"":null,""identity_generation"":null,""generation_expression"":null}"
04_COLUMN,storage.objects.metadata,"{""table"":""objects"",""column"":""metadata"",""schema"":""storage"",""default"":null,""nullable"":""YES"",""position"":8,""udt_name"":""jsonb"",""data_type"":""jsonb"",""max_length"":null,""is_identity"":""NO"",""is_generated"":""NEVER"",""numeric_scale"":null,""numeric_precision"":null,""identity_generation"":null,""generation_expression"":null}"
04_COLUMN,storage.objects.name,"{""table"":""objects"",""column"":""name"",""schema"":""storage"",""default"":null,""nullable"":""YES"",""position"":3,""udt_name"":""text"",""data_type"":""text"",""max_length"":null,""is_identity"":""NO"",""is_generated"":""NEVER"",""numeric_scale"":null,""numeric_precision"":null,""identity_generation"":null,""generation_expression"":null}"
04_COLUMN,storage.objects.owner,"{""table"":""objects"",""column"":""owner"",""schema"":""storage"",""default"":null,""nullable"":""YES"",""position"":4,""udt_name"":""uuid"",""data_type"":""uuid"",""max_length"":null,""is_identity"":""NO"",""is_generated"":""NEVER"",""numeric_scale"":null,""numeric_precision"":null,""identity_generation"":null,""generation_expression"":null}"
04_COLUMN,storage.objects.owner_id,"{""table"":""objects"",""column"":""owner_id"",""schema"":""storage"",""default"":null,""nullable"":""YES"",""position"":11,""udt_name"":""text"",""data_type"":""text"",""max_length"":null,""is_identity"":""NO"",""is_generated"":""NEVER"",""numeric_scale"":null,""numeric_precision"":null,""identity_generation"":null,""generation_expression"":null}"
04_COLUMN,storage.objects.path_tokens,"{""table"":""objects"",""column"":""path_tokens"",""schema"":""storage"",""default"":null,""nullable"":""YES"",""position"":9,""udt_name"":""_text"",""data_type"":""ARRAY"",""max_length"":null,""is_identity"":""NO"",""is_generated"":""ALWAYS"",""numeric_scale"":null,""numeric_precision"":null,""identity_generation"":null,""generation_expression"":""string_to_array(name, '/'::text)""}"
04_COLUMN,storage.objects.updated_at,"{""table"":""objects"",""column"":""updated_at"",""schema"":""storage"",""default"":""now()"",""nullable"":""YES"",""position"":6,""udt_name"":""timestamptz"",""data_type"":""timestamp with time zone"",""max_length"":null,""is_identity"":""NO"",""is_generated"":""NEVER"",""numeric_scale"":null,""numeric_precision"":null,""identity_generation"":null,""generation_expression"":null}"
04_COLUMN,storage.objects.user_metadata,"{""table"":""objects"",""column"":""user_metadata"",""schema"":""storage"",""default"":null,""nullable"":""YES"",""position"":12,""udt_name"":""jsonb"",""data_type"":""jsonb"",""max_length"":null,""is_identity"":""NO"",""is_generated"":""NEVER"",""numeric_scale"":null,""numeric_precision"":null,""identity_generation"":null,""generation_expression"":null}"
04_COLUMN,storage.objects.version,"{""table"":""objects"",""column"":""version"",""schema"":""storage"",""default"":null,""nullable"":""YES"",""position"":10,""udt_name"":""text"",""data_type"":""text"",""max_length"":null,""is_identity"":""NO"",""is_generated"":""NEVER"",""numeric_scale"":null,""numeric_precision"":null,""identity_generation"":null,""generation_expression"":null}"
05_PRIMARY_KEY,auth.users.users_pkey,"{""table"":""users"",""schema"":""auth"",""deferred"":false,""validated"":true,""deferrable"":false,""definition"":""PRIMARY KEY (id)"",""constraint_name"":""users_pkey"",""constraint_type"":""PRIMARY KEY""}"
05_PRIMARY_KEY,public.article_categories.article_categories_pkey,"{""table"":""article_categories"",""schema"":""public"",""deferred"":false,""validated"":true,""deferrable"":false,""definition"":""PRIMARY KEY (id)"",""constraint_name"":""article_categories_pkey"",""constraint_type"":""PRIMARY KEY""}"
05_PRIMARY_KEY,public.article_category_translations.article_category_translations_pkey,"{""table"":""article_category_translations"",""schema"":""public"",""deferred"":false,""validated"":true,""deferrable"":false,""definition"":""PRIMARY KEY (category_id, locale)"",""constraint_name"":""article_category_translations_pkey"",""constraint_type"":""PRIMARY KEY""}"
05_PRIMARY_KEY,public.article_translations.article_translations_pkey,"{""table"":""article_translations"",""schema"":""public"",""deferred"":false,""validated"":true,""deferrable"":false,""definition"":""PRIMARY KEY (article_id, locale)"",""constraint_name"":""article_translations_pkey"",""constraint_type"":""PRIMARY KEY""}"
05_PRIMARY_KEY,public.articles.articles_pkey,"{""table"":""articles"",""schema"":""public"",""deferred"":false,""validated"":true,""deferrable"":false,""definition"":""PRIMARY KEY (id)"",""constraint_name"":""articles_pkey"",""constraint_type"":""PRIMARY KEY""}"
05_PRIMARY_KEY,public.audit_logs.audit_logs_pkey,"{""table"":""audit_logs"",""schema"":""public"",""deferred"":false,""validated"":true,""deferrable"":false,""definition"":""PRIMARY KEY (id)"",""constraint_name"":""audit_logs_pkey"",""constraint_type"":""PRIMARY KEY""}"
05_PRIMARY_KEY,public.certification_translations.certification_translations_pkey,"{""table"":""certification_translations"",""schema"":""public"",""deferred"":false,""validated"":true,""deferrable"":false,""definition"":""PRIMARY KEY (certification_id, locale)"",""constraint_name"":""certification_translations_pkey"",""constraint_type"":""PRIMARY KEY""}"
05_PRIMARY_KEY,public.certifications.certifications_pkey,"{""table"":""certifications"",""schema"":""public"",""deferred"":false,""validated"":true,""deferrable"":false,""definition"":""PRIMARY KEY (id)"",""constraint_name"":""certifications_pkey"",""constraint_type"":""PRIMARY KEY""}"
05_PRIMARY_KEY,public.coffee_certifications.coffee_certifications_pkey,"{""table"":""coffee_certifications"",""schema"":""public"",""deferred"":false,""validated"":true,""deferrable"":false,""definition"":""PRIMARY KEY (coffee_id, certification_id)"",""constraint_name"":""coffee_certifications_pkey"",""constraint_type"":""PRIMARY KEY""}"
05_PRIMARY_KEY,public.coffee_media.coffee_media_pkey,"{""table"":""coffee_media"",""schema"":""public"",""deferred"":false,""validated"":true,""deferrable"":false,""definition"":""PRIMARY KEY (coffee_id, media_id)"",""constraint_name"":""coffee_media_pkey"",""constraint_type"":""PRIMARY KEY""}"
05_PRIMARY_KEY,public.coffee_offers.coffee_offers_pkey,"{""table"":""coffee_offers"",""schema"":""public"",""deferred"":false,""validated"":true,""deferrable"":false,""definition"":""PRIMARY KEY (id)"",""constraint_name"":""coffee_offers_pkey"",""constraint_type"":""PRIMARY KEY""}"
05_PRIMARY_KEY,public.coffee_tags.coffee_tags_pkey,"{""table"":""coffee_tags"",""schema"":""public"",""deferred"":false,""validated"":true,""deferrable"":false,""definition"":""PRIMARY KEY (coffee_id, tag_id)"",""constraint_name"":""coffee_tags_pkey"",""constraint_type"":""PRIMARY KEY""}"
05_PRIMARY_KEY,public.coffee_translations.coffee_translations_pkey,"{""table"":""coffee_translations"",""schema"":""public"",""deferred"":false,""validated"":true,""deferrable"":false,""definition"":""PRIMARY KEY (coffee_id, locale)"",""constraint_name"":""coffee_translations_pkey"",""constraint_type"":""PRIMARY KEY""}"
05_PRIMARY_KEY,public.coffee_type_translations.coffee_type_translations_pkey,"{""table"":""coffee_type_translations"",""schema"":""public"",""deferred"":false,""validated"":true,""deferrable"":false,""definition"":""PRIMARY KEY (coffee_type_id, locale)"",""constraint_name"":""coffee_type_translations_pkey"",""constraint_type"":""PRIMARY KEY""}"
05_PRIMARY_KEY,public.coffee_types.coffee_types_pkey,"{""table"":""coffee_types"",""schema"":""public"",""deferred"":false,""validated"":true,""deferrable"":false,""definition"":""PRIMARY KEY (id)"",""constraint_name"":""coffee_types_pkey"",""constraint_type"":""PRIMARY KEY""}"
05_PRIMARY_KEY,public.coffee_varieties.coffee_varieties_pkey,"{""table"":""coffee_varieties"",""schema"":""public"",""deferred"":false,""validated"":true,""deferrable"":false,""definition"":""PRIMARY KEY (coffee_id, variety_id)"",""constraint_name"":""coffee_varieties_pkey"",""constraint_type"":""PRIMARY KEY""}"
05_PRIMARY_KEY,public.coffees.coffees_pkey,"{""table"":""coffees"",""schema"":""public"",""deferred"":false,""validated"":true,""deferrable"":false,""definition"":""PRIMARY KEY (id)"",""constraint_name"":""coffees_pkey"",""constraint_type"":""PRIMARY KEY""}"
05_PRIMARY_KEY,public.favorites.favorites_pkey,"{""table"":""favorites"",""schema"":""public"",""deferred"":false,""validated"":true,""deferrable"":false,""definition"":""PRIMARY KEY (user_id, coffee_id)"",""constraint_name"":""favorites_pkey"",""constraint_type"":""PRIMARY KEY""}"
05_PRIMARY_KEY,public.inquiries.inquiries_pkey,"{""table"":""inquiries"",""schema"":""public"",""deferred"":false,""validated"":true,""deferrable"":false,""definition"":""PRIMARY KEY (id)"",""constraint_name"":""inquiries_pkey"",""constraint_type"":""PRIMARY KEY""}"
05_PRIMARY_KEY,public.inquiry_status_history.inquiry_status_history_pkey,"{""table"":""inquiry_status_history"",""schema"":""public"",""deferred"":false,""validated"":true,""deferrable"":false,""definition"":""PRIMARY KEY (id)"",""constraint_name"":""inquiry_status_history_pkey"",""constraint_type"":""PRIMARY KEY""}"
05_PRIMARY_KEY,public.media.media_pkey,"{""table"":""media"",""schema"":""public"",""deferred"":false,""validated"":true,""deferrable"":false,""definition"":""PRIMARY KEY (id)"",""constraint_name"":""media_pkey"",""constraint_type"":""PRIMARY KEY""}"
05_PRIMARY_KEY,public.media_translations.media_translations_pkey,"{""table"":""media_translations"",""schema"":""public"",""deferred"":false,""validated"":true,""deferrable"":false,""definition"":""PRIMARY KEY (media_id, locale)"",""constraint_name"":""media_translations_pkey"",""constraint_type"":""PRIMARY KEY""}"
05_PRIMARY_KEY,public.offer_price_tiers.offer_price_tiers_pkey,"{""table"":""offer_price_tiers"",""schema"":""public"",""deferred"":false,""validated"":true,""deferrable"":false,""definition"":""PRIMARY KEY (id)"",""constraint_name"":""offer_price_tiers_pkey"",""constraint_type"":""PRIMARY KEY""}"
05_PRIMARY_KEY,public.offer_sensory_notes.offer_sensory_notes_pkey,"{""table"":""offer_sensory_notes"",""schema"":""public"",""deferred"":false,""validated"":true,""deferrable"":false,""definition"":""PRIMARY KEY (offer_id, sensory_note_id)"",""constraint_name"":""offer_sensory_notes_pkey"",""constraint_type"":""PRIMARY KEY""}"
05_PRIMARY_KEY,public.offer_tags.offer_tags_pkey,"{""table"":""offer_tags"",""schema"":""public"",""deferred"":false,""validated"":true,""deferrable"":false,""definition"":""PRIMARY KEY (offer_id, tag_id)"",""constraint_name"":""offer_tags_pkey"",""constraint_type"":""PRIMARY KEY""}"
05_PRIMARY_KEY,public.origin_media.origin_media_pkey,"{""table"":""origin_media"",""schema"":""public"",""deferred"":false,""validated"":true,""deferrable"":false,""definition"":""PRIMARY KEY (origin_id, media_id)"",""constraint_name"":""origin_media_pkey"",""constraint_type"":""PRIMARY KEY""}"
05_PRIMARY_KEY,public.origin_translations.origin_translations_pkey,"{""table"":""origin_translations"",""schema"":""public"",""deferred"":false,""validated"":true,""deferrable"":false,""definition"":""PRIMARY KEY (origin_id, locale)"",""constraint_name"":""origin_translations_pkey"",""constraint_type"":""PRIMARY KEY""}"
05_PRIMARY_KEY,public.origins.origins_pkey,"{""table"":""origins"",""schema"":""public"",""deferred"":false,""validated"":true,""deferrable"":false,""definition"":""PRIMARY KEY (id)"",""constraint_name"":""origins_pkey"",""constraint_type"":""PRIMARY KEY""}"
05_PRIMARY_KEY,public.packaging_type_translations.packaging_type_translations_pkey,"{""table"":""packaging_type_translations"",""schema"":""public"",""deferred"":false,""validated"":true,""deferrable"":false,""definition"":""PRIMARY KEY (packaging_type_id, locale)"",""constraint_name"":""packaging_type_translations_pkey"",""constraint_type"":""PRIMARY KEY""}"
05_PRIMARY_KEY,public.packaging_types.packaging_types_pkey,"{""table"":""packaging_types"",""schema"":""public"",""deferred"":false,""validated"":true,""deferrable"":false,""definition"":""PRIMARY KEY (id)"",""constraint_name"":""packaging_types_pkey"",""constraint_type"":""PRIMARY KEY""}"
05_PRIMARY_KEY,public.processing_method_translations.processing_method_translations_pkey,"{""table"":""processing_method_translations"",""schema"":""public"",""deferred"":false,""validated"":true,""deferrable"":false,""definition"":""PRIMARY KEY (processing_method_id, locale)"",""constraint_name"":""processing_method_translations_pkey"",""constraint_type"":""PRIMARY KEY""}"
05_PRIMARY_KEY,public.processing_methods.processing_methods_pkey,"{""table"":""processing_methods"",""schema"":""public"",""deferred"":false,""validated"":true,""deferrable"":false,""definition"":""PRIMARY KEY (id)"",""constraint_name"":""processing_methods_pkey"",""constraint_type"":""PRIMARY KEY""}"
05_PRIMARY_KEY,public.profiles.profiles_pkey,"{""table"":""profiles"",""schema"":""public"",""deferred"":false,""validated"":true,""deferrable"":false,""definition"":""PRIMARY KEY (id)"",""constraint_name"":""profiles_pkey"",""constraint_type"":""PRIMARY KEY""}"
05_PRIMARY_KEY,public.region_translations.region_translations_pkey,"{""table"":""region_translations"",""schema"":""public"",""deferred"":false,""validated"":true,""deferrable"":false,""definition"":""PRIMARY KEY (region_id, locale)"",""constraint_name"":""region_translations_pkey"",""constraint_type"":""PRIMARY KEY""}"
05_PRIMARY_KEY,public.regions.regions_pkey,"{""table"":""regions"",""schema"":""public"",""deferred"":false,""validated"":true,""deferrable"":false,""definition"":""PRIMARY KEY (id)"",""constraint_name"":""regions_pkey"",""constraint_type"":""PRIMARY KEY""}"
05_PRIMARY_KEY,public.sensory_note_translations.sensory_note_translations_pkey,"{""table"":""sensory_note_translations"",""schema"":""public"",""deferred"":false,""validated"":true,""deferrable"":false,""definition"":""PRIMARY KEY (sensory_note_id, locale)"",""constraint_name"":""sensory_note_translations_pkey"",""constraint_type"":""PRIMARY KEY""}"
05_PRIMARY_KEY,public.sensory_notes.sensory_notes_pkey,"{""table"":""sensory_notes"",""schema"":""public"",""deferred"":false,""validated"":true,""deferrable"":false,""definition"":""PRIMARY KEY (id)"",""constraint_name"":""sensory_notes_pkey"",""constraint_type"":""PRIMARY KEY""}"
05_PRIMARY_KEY,public.site_page_section_translations.site_page_section_translations_pkey,"{""table"":""site_page_section_translations"",""schema"":""public"",""deferred"":false,""validated"":true,""deferrable"":false,""definition"":""PRIMARY KEY (section_id, locale)"",""constraint_name"":""site_page_section_translations_pkey"",""constraint_type"":""PRIMARY KEY""}"
05_PRIMARY_KEY,public.site_page_sections.site_page_sections_pkey,"{""table"":""site_page_sections"",""schema"":""public"",""deferred"":false,""validated"":true,""deferrable"":false,""definition"":""PRIMARY KEY (id)"",""constraint_name"":""site_page_sections_pkey"",""constraint_type"":""PRIMARY KEY""}"
05_PRIMARY_KEY,public.site_page_translations.site_page_translations_pkey,"{""table"":""site_page_translations"",""schema"":""public"",""deferred"":false,""validated"":true,""deferrable"":false,""definition"":""PRIMARY KEY (page_id, locale)"",""constraint_name"":""site_page_translations_pkey"",""constraint_type"":""PRIMARY KEY""}"
05_PRIMARY_KEY,public.site_pages.site_pages_pkey,"{""table"":""site_pages"",""schema"":""public"",""deferred"":false,""validated"":true,""deferrable"":false,""definition"":""PRIMARY KEY (id)"",""constraint_name"":""site_pages_pkey"",""constraint_type"":""PRIMARY KEY""}"
05_PRIMARY_KEY,public.site_settings.site_settings_pkey,"{""table"":""site_settings"",""schema"":""public"",""deferred"":false,""validated"":true,""deferrable"":false,""definition"":""PRIMARY KEY (id)"",""constraint_name"":""site_settings_pkey"",""constraint_type"":""PRIMARY KEY""}"
05_PRIMARY_KEY,public.site_settings_translations.site_settings_translations_pkey,"{""table"":""site_settings_translations"",""schema"":""public"",""deferred"":false,""validated"":true,""deferrable"":false,""definition"":""PRIMARY KEY (settings_id, locale)"",""constraint_name"":""site_settings_translations_pkey"",""constraint_type"":""PRIMARY KEY""}"
05_PRIMARY_KEY,public.tag_translations.tag_translations_pkey,"{""table"":""tag_translations"",""schema"":""public"",""deferred"":false,""validated"":true,""deferrable"":false,""definition"":""PRIMARY KEY (tag_id, locale)"",""constraint_name"":""tag_translations_pkey"",""constraint_type"":""PRIMARY KEY""}"
05_PRIMARY_KEY,public.tags.tags_pkey,"{""table"":""tags"",""schema"":""public"",""deferred"":false,""validated"":true,""deferrable"":false,""definition"":""PRIMARY KEY (id)"",""constraint_name"":""tags_pkey"",""constraint_type"":""PRIMARY KEY""}"
05_PRIMARY_KEY,public.varieties.varieties_pkey,"{""table"":""varieties"",""schema"":""public"",""deferred"":false,""validated"":true,""deferrable"":false,""definition"":""PRIMARY KEY (id)"",""constraint_name"":""varieties_pkey"",""constraint_type"":""PRIMARY KEY""}"
05_PRIMARY_KEY,public.warehouse_translations.warehouse_translations_pkey,"{""table"":""warehouse_translations"",""schema"":""public"",""deferred"":false,""validated"":true,""deferrable"":false,""definition"":""PRIMARY KEY (warehouse_id, locale)"",""constraint_name"":""warehouse_translations_pkey"",""constraint_type"":""PRIMARY KEY""}"
05_PRIMARY_KEY,public.warehouses.warehouses_pkey,"{""table"":""warehouses"",""schema"":""public"",""deferred"":false,""validated"":true,""deferrable"":false,""definition"":""PRIMARY KEY (id)"",""constraint_name"":""warehouses_pkey"",""constraint_type"":""PRIMARY KEY""}"
05_PRIMARY_KEY,storage.buckets.buckets_pkey,"{""table"":""buckets"",""schema"":""storage"",""deferred"":false,""validated"":true,""deferrable"":false,""definition"":""PRIMARY KEY (id)"",""constraint_name"":""buckets_pkey"",""constraint_type"":""PRIMARY KEY""}"
05_PRIMARY_KEY,storage.objects.objects_pkey,"{""table"":""objects"",""schema"":""storage"",""deferred"":false,""validated"":true,""deferrable"":false,""definition"":""PRIMARY KEY (id)"",""constraint_name"":""objects_pkey"",""constraint_type"":""PRIMARY KEY""}"
06_FOREIGN_KEY,public.article_category_translations.article_category_translations_category_id_fkey,"{""table"":""article_category_translations"",""schema"":""public"",""deferred"":false,""validated"":true,""deferrable"":false,""definition"":""FOREIGN KEY (category_id) REFERENCES article_categories(id) ON DELETE CASCADE"",""constraint_name"":""article_category_translations_category_id_fkey"",""constraint_type"":""FOREIGN KEY""}"
06_FOREIGN_KEY,public.article_translations.article_translations_article_id_fkey,"{""table"":""article_translations"",""schema"":""public"",""deferred"":false,""validated"":true,""deferrable"":false,""definition"":""FOREIGN KEY (article_id) REFERENCES articles(id) ON DELETE CASCADE"",""constraint_name"":""article_translations_article_id_fkey"",""constraint_type"":""FOREIGN KEY""}"
06_FOREIGN_KEY,public.articles.articles_category_id_fkey,"{""table"":""articles"",""schema"":""public"",""deferred"":false,""validated"":true,""deferrable"":false,""definition"":""FOREIGN KEY (category_id) REFERENCES article_categories(id) ON DELETE SET NULL"",""constraint_name"":""articles_category_id_fkey"",""constraint_type"":""FOREIGN KEY""}"
06_FOREIGN_KEY,public.articles.articles_created_by_fkey,"{""table"":""articles"",""schema"":""public"",""deferred"":false,""validated"":true,""deferrable"":false,""definition"":""FOREIGN KEY (created_by) REFERENCES auth.users(id) ON DELETE SET NULL"",""constraint_name"":""articles_created_by_fkey"",""constraint_type"":""FOREIGN KEY""}"
06_FOREIGN_KEY,public.articles.articles_featured_media_id_fkey,"{""table"":""articles"",""schema"":""public"",""deferred"":false,""validated"":true,""deferrable"":false,""definition"":""FOREIGN KEY (featured_media_id) REFERENCES media(id) ON DELETE SET NULL"",""constraint_name"":""articles_featured_media_id_fkey"",""constraint_type"":""FOREIGN KEY""}"
06_FOREIGN_KEY,public.articles.articles_updated_by_fkey,"{""table"":""articles"",""schema"":""public"",""deferred"":false,""validated"":true,""deferrable"":false,""definition"":""FOREIGN KEY (updated_by) REFERENCES auth.users(id) ON DELETE SET NULL"",""constraint_name"":""articles_updated_by_fkey"",""constraint_type"":""FOREIGN KEY""}"
06_FOREIGN_KEY,public.audit_logs.audit_logs_actor_user_id_fkey,"{""table"":""audit_logs"",""schema"":""public"",""deferred"":false,""validated"":true,""deferrable"":false,""definition"":""FOREIGN KEY (actor_user_id) REFERENCES auth.users(id) ON DELETE SET NULL"",""constraint_name"":""audit_logs_actor_user_id_fkey"",""constraint_type"":""FOREIGN KEY""}"
06_FOREIGN_KEY,public.certification_translations.certification_translations_certification_id_fkey,"{""table"":""certification_translations"",""schema"":""public"",""deferred"":false,""validated"":true,""deferrable"":false,""definition"":""FOREIGN KEY (certification_id) REFERENCES certifications(id) ON DELETE CASCADE"",""constraint_name"":""certification_translations_certification_id_fkey"",""constraint_type"":""FOREIGN KEY""}"
06_FOREIGN_KEY,public.coffee_certifications.coffee_certifications_certification_id_fkey,"{""table"":""coffee_certifications"",""schema"":""public"",""deferred"":false,""validated"":true,""deferrable"":false,""definition"":""FOREIGN KEY (certification_id) REFERENCES certifications(id) ON DELETE RESTRICT"",""constraint_name"":""coffee_certifications_certification_id_fkey"",""constraint_type"":""FOREIGN KEY""}"
06_FOREIGN_KEY,public.coffee_certifications.coffee_certifications_coffee_id_fkey,"{""table"":""coffee_certifications"",""schema"":""public"",""deferred"":false,""validated"":true,""deferrable"":false,""definition"":""FOREIGN KEY (coffee_id) REFERENCES coffees(id) ON DELETE CASCADE"",""constraint_name"":""coffee_certifications_coffee_id_fkey"",""constraint_type"":""FOREIGN KEY""}"
06_FOREIGN_KEY,public.coffee_media.coffee_media_coffee_id_fkey,"{""table"":""coffee_media"",""schema"":""public"",""deferred"":false,""validated"":true,""deferrable"":false,""definition"":""FOREIGN KEY (coffee_id) REFERENCES coffees(id) ON DELETE CASCADE"",""constraint_name"":""coffee_media_coffee_id_fkey"",""constraint_type"":""FOREIGN KEY""}"
06_FOREIGN_KEY,public.coffee_media.coffee_media_media_id_fkey,"{""table"":""coffee_media"",""schema"":""public"",""deferred"":false,""validated"":true,""deferrable"":false,""definition"":""FOREIGN KEY (media_id) REFERENCES media(id) ON DELETE RESTRICT"",""constraint_name"":""coffee_media_media_id_fkey"",""constraint_type"":""FOREIGN KEY""}"
06_FOREIGN_KEY,public.coffee_offers.coffee_offers_coffee_id_fkey,"{""table"":""coffee_offers"",""schema"":""public"",""deferred"":false,""validated"":true,""deferrable"":false,""definition"":""FOREIGN KEY (coffee_id) REFERENCES coffees(id) ON DELETE RESTRICT"",""constraint_name"":""coffee_offers_coffee_id_fkey"",""constraint_type"":""FOREIGN KEY""}"
06_FOREIGN_KEY,public.coffee_offers.coffee_offers_created_by_fkey,"{""table"":""coffee_offers"",""schema"":""public"",""deferred"":false,""validated"":true,""deferrable"":false,""definition"":""FOREIGN KEY (created_by) REFERENCES auth.users(id) ON DELETE SET NULL"",""constraint_name"":""coffee_offers_created_by_fkey"",""constraint_type"":""FOREIGN KEY""}"
06_FOREIGN_KEY,public.coffee_offers.coffee_offers_packaging_type_id_fkey,"{""table"":""coffee_offers"",""schema"":""public"",""deferred"":false,""validated"":true,""deferrable"":false,""definition"":""FOREIGN KEY (packaging_type_id) REFERENCES packaging_types(id) ON DELETE SET NULL"",""constraint_name"":""coffee_offers_packaging_type_id_fkey"",""constraint_type"":""FOREIGN KEY""}"
06_FOREIGN_KEY,public.coffee_offers.coffee_offers_updated_by_fkey,"{""table"":""coffee_offers"",""schema"":""public"",""deferred"":false,""validated"":true,""deferrable"":false,""definition"":""FOREIGN KEY (updated_by) REFERENCES auth.users(id) ON DELETE SET NULL"",""constraint_name"":""coffee_offers_updated_by_fkey"",""constraint_type"":""FOREIGN KEY""}"
06_FOREIGN_KEY,public.coffee_offers.coffee_offers_warehouse_id_fkey,"{""table"":""coffee_offers"",""schema"":""public"",""deferred"":false,""validated"":true,""deferrable"":false,""definition"":""FOREIGN KEY (warehouse_id) REFERENCES warehouses(id) ON DELETE RESTRICT"",""constraint_name"":""coffee_offers_warehouse_id_fkey"",""constraint_type"":""FOREIGN KEY""}"
06_FOREIGN_KEY,public.coffee_tags.coffee_tags_coffee_id_fkey,"{""table"":""coffee_tags"",""schema"":""public"",""deferred"":false,""validated"":true,""deferrable"":false,""definition"":""FOREIGN KEY (coffee_id) REFERENCES coffees(id) ON DELETE CASCADE"",""constraint_name"":""coffee_tags_coffee_id_fkey"",""constraint_type"":""FOREIGN KEY""}"
06_FOREIGN_KEY,public.coffee_tags.coffee_tags_tag_id_fkey,"{""table"":""coffee_tags"",""schema"":""public"",""deferred"":false,""validated"":true,""deferrable"":false,""definition"":""FOREIGN KEY (tag_id) REFERENCES tags(id) ON DELETE RESTRICT"",""constraint_name"":""coffee_tags_tag_id_fkey"",""constraint_type"":""FOREIGN KEY""}"
06_FOREIGN_KEY,public.coffee_translations.coffee_translations_coffee_id_fkey,"{""table"":""coffee_translations"",""schema"":""public"",""deferred"":false,""validated"":true,""deferrable"":false,""definition"":""FOREIGN KEY (coffee_id) REFERENCES coffees(id) ON DELETE CASCADE"",""constraint_name"":""coffee_translations_coffee_id_fkey"",""constraint_type"":""FOREIGN KEY""}"
06_FOREIGN_KEY,public.coffee_type_translations.coffee_type_translations_coffee_type_id_fkey,"{""table"":""coffee_type_translations"",""schema"":""public"",""deferred"":false,""validated"":true,""deferrable"":false,""definition"":""FOREIGN KEY (coffee_type_id) REFERENCES coffee_types(id) ON DELETE CASCADE"",""constraint_name"":""coffee_type_translations_coffee_type_id_fkey"",""constraint_type"":""FOREIGN KEY""}"
06_FOREIGN_KEY,public.coffee_varieties.coffee_varieties_coffee_id_fkey,"{""table"":""coffee_varieties"",""schema"":""public"",""deferred"":false,""validated"":true,""deferrable"":false,""definition"":""FOREIGN KEY (coffee_id) REFERENCES coffees(id) ON DELETE CASCADE"",""constraint_name"":""coffee_varieties_coffee_id_fkey"",""constraint_type"":""FOREIGN KEY""}"
06_FOREIGN_KEY,public.coffee_varieties.coffee_varieties_variety_id_fkey,"{""table"":""coffee_varieties"",""schema"":""public"",""deferred"":false,""validated"":true,""deferrable"":false,""definition"":""FOREIGN KEY (variety_id) REFERENCES varieties(id) ON DELETE RESTRICT"",""constraint_name"":""coffee_varieties_variety_id_fkey"",""constraint_type"":""FOREIGN KEY""}"
06_FOREIGN_KEY,public.coffees.coffees_coffee_type_id_fkey,"{""table"":""coffees"",""schema"":""public"",""deferred"":false,""validated"":true,""deferrable"":false,""definition"":""FOREIGN KEY (coffee_type_id) REFERENCES coffee_types(id) ON DELETE RESTRICT"",""constraint_name"":""coffees_coffee_type_id_fkey"",""constraint_type"":""FOREIGN KEY""}"
06_FOREIGN_KEY,public.coffees.coffees_created_by_fkey,"{""table"":""coffees"",""schema"":""public"",""deferred"":false,""validated"":true,""deferrable"":false,""definition"":""FOREIGN KEY (created_by) REFERENCES auth.users(id) ON DELETE SET NULL"",""constraint_name"":""coffees_created_by_fkey"",""constraint_type"":""FOREIGN KEY""}"
06_FOREIGN_KEY,public.coffees.coffees_origin_id_fkey,"{""table"":""coffees"",""schema"":""public"",""deferred"":false,""validated"":true,""deferrable"":false,""definition"":""FOREIGN KEY (origin_id) REFERENCES origins(id) ON DELETE RESTRICT"",""constraint_name"":""coffees_origin_id_fkey"",""constraint_type"":""FOREIGN KEY""}"
06_FOREIGN_KEY,public.coffees.coffees_processing_method_id_fkey,"{""table"":""coffees"",""schema"":""public"",""deferred"":false,""validated"":true,""deferrable"":false,""definition"":""FOREIGN KEY (processing_method_id) REFERENCES processing_methods(id) ON DELETE SET NULL"",""constraint_name"":""coffees_processing_method_id_fkey"",""constraint_type"":""FOREIGN KEY""}"
06_FOREIGN_KEY,public.coffees.coffees_region_id_fkey,"{""table"":""coffees"",""schema"":""public"",""deferred"":false,""validated"":true,""deferrable"":false,""definition"":""FOREIGN KEY (region_id) REFERENCES regions(id) ON DELETE SET NULL"",""constraint_name"":""coffees_region_id_fkey"",""constraint_type"":""FOREIGN KEY""}"
06_FOREIGN_KEY,public.coffees.coffees_updated_by_fkey,"{""table"":""coffees"",""schema"":""public"",""deferred"":false,""validated"":true,""deferrable"":false,""definition"":""FOREIGN KEY (updated_by) REFERENCES auth.users(id) ON DELETE SET NULL"",""constraint_name"":""coffees_updated_by_fkey"",""constraint_type"":""FOREIGN KEY""}"
06_FOREIGN_KEY,public.favorites.favorites_coffee_id_fkey,"{""table"":""favorites"",""schema"":""public"",""deferred"":false,""validated"":true,""deferrable"":false,""definition"":""FOREIGN KEY (coffee_id) REFERENCES coffees(id) ON DELETE CASCADE"",""constraint_name"":""favorites_coffee_id_fkey"",""constraint_type"":""FOREIGN KEY""}"
06_FOREIGN_KEY,public.favorites.favorites_user_id_fkey,"{""table"":""favorites"",""schema"":""public"",""deferred"":false,""validated"":true,""deferrable"":false,""definition"":""FOREIGN KEY (user_id) REFERENCES auth.users(id) ON DELETE CASCADE"",""constraint_name"":""favorites_user_id_fkey"",""constraint_type"":""FOREIGN KEY""}"
06_FOREIGN_KEY,public.inquiries.inquiries_coffee_id_fkey,"{""table"":""inquiries"",""schema"":""public"",""deferred"":false,""validated"":true,""deferrable"":false,""definition"":""FOREIGN KEY (coffee_id) REFERENCES coffees(id) ON DELETE SET NULL"",""constraint_name"":""inquiries_coffee_id_fkey"",""constraint_type"":""FOREIGN KEY""}"
06_FOREIGN_KEY,public.inquiries.inquiries_offer_id_fkey,"{""table"":""inquiries"",""schema"":""public"",""deferred"":false,""validated"":true,""deferrable"":false,""definition"":""FOREIGN KEY (offer_id) REFERENCES coffee_offers(id) ON DELETE SET NULL"",""constraint_name"":""inquiries_offer_id_fkey"",""constraint_type"":""FOREIGN KEY""}"
06_FOREIGN_KEY,public.inquiries.inquiries_user_id_fkey,"{""table"":""inquiries"",""schema"":""public"",""deferred"":false,""validated"":true,""deferrable"":false,""definition"":""FOREIGN KEY (user_id) REFERENCES auth.users(id) ON DELETE SET NULL"",""constraint_name"":""inquiries_user_id_fkey"",""constraint_type"":""FOREIGN KEY""}"
06_FOREIGN_KEY,public.inquiry_status_history.inquiry_status_history_changed_by_fkey,"{""table"":""inquiry_status_history"",""schema"":""public"",""deferred"":false,""validated"":true,""deferrable"":false,""definition"":""FOREIGN KEY (changed_by) REFERENCES auth.users(id) ON DELETE SET NULL"",""constraint_name"":""inquiry_status_history_changed_by_fkey"",""constraint_type"":""FOREIGN KEY""}"
06_FOREIGN_KEY,public.inquiry_status_history.inquiry_status_history_inquiry_id_fkey,"{""table"":""inquiry_status_history"",""schema"":""public"",""deferred"":false,""validated"":true,""deferrable"":false,""definition"":""FOREIGN KEY (inquiry_id) REFERENCES inquiries(id) ON DELETE CASCADE"",""constraint_name"":""inquiry_status_history_inquiry_id_fkey"",""constraint_type"":""FOREIGN KEY""}"
06_FOREIGN_KEY,public.media.media_uploaded_by_fkey,"{""table"":""media"",""schema"":""public"",""deferred"":false,""validated"":true,""deferrable"":false,""definition"":""FOREIGN KEY (uploaded_by) REFERENCES auth.users(id) ON DELETE SET NULL"",""constraint_name"":""media_uploaded_by_fkey"",""constraint_type"":""FOREIGN KEY""}"
06_FOREIGN_KEY,public.media_translations.media_translations_media_id_fkey,"{""table"":""media_translations"",""schema"":""public"",""deferred"":false,""validated"":true,""deferrable"":false,""definition"":""FOREIGN KEY (media_id) REFERENCES media(id) ON DELETE CASCADE"",""constraint_name"":""media_translations_media_id_fkey"",""constraint_type"":""FOREIGN KEY""}"
06_FOREIGN_KEY,public.offer_price_tiers.offer_price_tiers_offer_id_fkey,"{""table"":""offer_price_tiers"",""schema"":""public"",""deferred"":false,""validated"":true,""deferrable"":false,""definition"":""FOREIGN KEY (offer_id) REFERENCES coffee_offers(id) ON DELETE CASCADE"",""constraint_name"":""offer_price_tiers_offer_id_fkey"",""constraint_type"":""FOREIGN KEY""}"
06_FOREIGN_KEY,public.offer_sensory_notes.offer_sensory_notes_offer_id_fkey,"{""table"":""offer_sensory_notes"",""schema"":""public"",""deferred"":false,""validated"":true,""deferrable"":false,""definition"":""FOREIGN KEY (offer_id) REFERENCES coffee_offers(id) ON DELETE CASCADE"",""constraint_name"":""offer_sensory_notes_offer_id_fkey"",""constraint_type"":""FOREIGN KEY""}"
06_FOREIGN_KEY,public.offer_sensory_notes.offer_sensory_notes_sensory_note_id_fkey,"{""table"":""offer_sensory_notes"",""schema"":""public"",""deferred"":false,""validated"":true,""deferrable"":false,""definition"":""FOREIGN KEY (sensory_note_id) REFERENCES sensory_notes(id) ON DELETE RESTRICT"",""constraint_name"":""offer_sensory_notes_sensory_note_id_fkey"",""constraint_type"":""FOREIGN KEY""}"
06_FOREIGN_KEY,public.offer_tags.offer_tags_offer_id_fkey,"{""table"":""offer_tags"",""schema"":""public"",""deferred"":false,""validated"":true,""deferrable"":false,""definition"":""FOREIGN KEY (offer_id) REFERENCES coffee_offers(id) ON DELETE CASCADE"",""constraint_name"":""offer_tags_offer_id_fkey"",""constraint_type"":""FOREIGN KEY""}"
06_FOREIGN_KEY,public.offer_tags.offer_tags_tag_id_fkey,"{""table"":""offer_tags"",""schema"":""public"",""deferred"":false,""validated"":true,""deferrable"":false,""definition"":""FOREIGN KEY (tag_id) REFERENCES tags(id) ON DELETE RESTRICT"",""constraint_name"":""offer_tags_tag_id_fkey"",""constraint_type"":""FOREIGN KEY""}"
06_FOREIGN_KEY,public.origin_media.origin_media_media_id_fkey,"{""table"":""origin_media"",""schema"":""public"",""deferred"":false,""validated"":true,""deferrable"":false,""definition"":""FOREIGN KEY (media_id) REFERENCES media(id) ON DELETE RESTRICT"",""constraint_name"":""origin_media_media_id_fkey"",""constraint_type"":""FOREIGN KEY""}"
06_FOREIGN_KEY,public.origin_media.origin_media_origin_id_fkey,"{""table"":""origin_media"",""schema"":""public"",""deferred"":false,""validated"":true,""deferrable"":false,""definition"":""FOREIGN KEY (origin_id) REFERENCES origins(id) ON DELETE CASCADE"",""constraint_name"":""origin_media_origin_id_fkey"",""constraint_type"":""FOREIGN KEY""}"
06_FOREIGN_KEY,public.origin_translations.origin_translations_origin_id_fkey,"{""table"":""origin_translations"",""schema"":""public"",""deferred"":false,""validated"":true,""deferrable"":false,""definition"":""FOREIGN KEY (origin_id) REFERENCES origins(id) ON DELETE CASCADE"",""constraint_name"":""origin_translations_origin_id_fkey"",""constraint_type"":""FOREIGN KEY""}"
06_FOREIGN_KEY,public.origins.origins_created_by_fkey,"{""table"":""origins"",""schema"":""public"",""deferred"":false,""validated"":true,""deferrable"":false,""definition"":""FOREIGN KEY (created_by) REFERENCES auth.users(id) ON DELETE SET NULL"",""constraint_name"":""origins_created_by_fkey"",""constraint_type"":""FOREIGN KEY""}"
06_FOREIGN_KEY,public.origins.origins_updated_by_fkey,"{""table"":""origins"",""schema"":""public"",""deferred"":false,""validated"":true,""deferrable"":false,""definition"":""FOREIGN KEY (updated_by) REFERENCES auth.users(id) ON DELETE SET NULL"",""constraint_name"":""origins_updated_by_fkey"",""constraint_type"":""FOREIGN KEY""}"
06_FOREIGN_KEY,public.packaging_type_translations.packaging_type_translations_packaging_type_id_fkey,"{""table"":""packaging_type_translations"",""schema"":""public"",""deferred"":false,""validated"":true,""deferrable"":false,""definition"":""FOREIGN KEY (packaging_type_id) REFERENCES packaging_types(id) ON DELETE CASCADE"",""constraint_name"":""packaging_type_translations_packaging_type_id_fkey"",""constraint_type"":""FOREIGN KEY""}"
06_FOREIGN_KEY,public.processing_method_translations.processing_method_translations_processing_method_id_fkey,"{""table"":""processing_method_translations"",""schema"":""public"",""deferred"":false,""validated"":true,""deferrable"":false,""definition"":""FOREIGN KEY (processing_method_id) REFERENCES processing_methods(id) ON DELETE CASCADE"",""constraint_name"":""processing_method_translations_processing_method_id_fkey"",""constraint_type"":""FOREIGN KEY""}"
06_FOREIGN_KEY,public.profiles.profiles_id_fkey,"{""table"":""profiles"",""schema"":""public"",""deferred"":false,""validated"":true,""deferrable"":false,""definition"":""FOREIGN KEY (id) REFERENCES auth.users(id) ON DELETE CASCADE"",""constraint_name"":""profiles_id_fkey"",""constraint_type"":""FOREIGN KEY""}"
06_FOREIGN_KEY,public.region_translations.region_translations_region_id_fkey,"{""table"":""region_translations"",""schema"":""public"",""deferred"":false,""validated"":true,""deferrable"":false,""definition"":""FOREIGN KEY (region_id) REFERENCES regions(id) ON DELETE CASCADE"",""constraint_name"":""region_translations_region_id_fkey"",""constraint_type"":""FOREIGN KEY""}"
06_FOREIGN_KEY,public.regions.regions_created_by_fkey,"{""table"":""regions"",""schema"":""public"",""deferred"":false,""validated"":true,""deferrable"":false,""definition"":""FOREIGN KEY (created_by) REFERENCES auth.users(id) ON DELETE SET NULL"",""constraint_name"":""regions_created_by_fkey"",""constraint_type"":""FOREIGN KEY""}"
06_FOREIGN_KEY,public.regions.regions_origin_id_fkey,"{""table"":""regions"",""schema"":""public"",""deferred"":false,""validated"":true,""deferrable"":false,""definition"":""FOREIGN KEY (origin_id) REFERENCES origins(id) ON DELETE RESTRICT"",""constraint_name"":""regions_origin_id_fkey"",""constraint_type"":""FOREIGN KEY""}"
06_FOREIGN_KEY,public.regions.regions_updated_by_fkey,"{""table"":""regions"",""schema"":""public"",""deferred"":false,""validated"":true,""deferrable"":false,""definition"":""FOREIGN KEY (updated_by) REFERENCES auth.users(id) ON DELETE SET NULL"",""constraint_name"":""regions_updated_by_fkey"",""constraint_type"":""FOREIGN KEY""}"
06_FOREIGN_KEY,public.sensory_note_translations.sensory_note_translations_sensory_note_id_fkey,"{""table"":""sensory_note_translations"",""schema"":""public"",""deferred"":false,""validated"":true,""deferrable"":false,""definition"":""FOREIGN KEY (sensory_note_id) REFERENCES sensory_notes(id) ON DELETE CASCADE"",""constraint_name"":""sensory_note_translations_sensory_note_id_fkey"",""constraint_type"":""FOREIGN KEY""}"
06_FOREIGN_KEY,public.site_page_section_translations.site_page_section_translations_section_fkey,"{""table"":""site_page_section_translations"",""schema"":""public"",""deferred"":false,""validated"":true,""deferrable"":false,""definition"":""FOREIGN KEY (section_id) REFERENCES site_page_sections(id) ON DELETE CASCADE"",""constraint_name"":""site_page_section_translations_section_fkey"",""constraint_type"":""FOREIGN KEY""}"
06_FOREIGN_KEY,public.site_page_sections.site_page_sections_media_fkey,"{""table"":""site_page_sections"",""schema"":""public"",""deferred"":false,""validated"":true,""deferrable"":false,""definition"":""FOREIGN KEY (media_id) REFERENCES media(id) ON DELETE SET NULL"",""constraint_name"":""site_page_sections_media_fkey"",""constraint_type"":""FOREIGN KEY""}"
06_FOREIGN_KEY,public.site_page_sections.site_page_sections_page_fkey,"{""table"":""site_page_sections"",""schema"":""public"",""deferred"":false,""validated"":true,""deferrable"":false,""definition"":""FOREIGN KEY (page_id) REFERENCES site_pages(id) ON DELETE CASCADE"",""constraint_name"":""site_page_sections_page_fkey"",""constraint_type"":""FOREIGN KEY""}"
06_FOREIGN_KEY,public.site_page_translations.site_page_translations_page_fkey,"{""table"":""site_page_translations"",""schema"":""public"",""deferred"":false,""validated"":true,""deferrable"":false,""definition"":""FOREIGN KEY (page_id) REFERENCES site_pages(id) ON DELETE CASCADE"",""constraint_name"":""site_page_translations_page_fkey"",""constraint_type"":""FOREIGN KEY""}"
06_FOREIGN_KEY,public.site_pages.site_pages_created_by_fkey,"{""table"":""site_pages"",""schema"":""public"",""deferred"":false,""validated"":true,""deferrable"":false,""definition"":""FOREIGN KEY (created_by) REFERENCES auth.users(id) ON DELETE SET NULL"",""constraint_name"":""site_pages_created_by_fkey"",""constraint_type"":""FOREIGN KEY""}"
06_FOREIGN_KEY,public.site_pages.site_pages_og_media_fkey,"{""table"":""site_pages"",""schema"":""public"",""deferred"":false,""validated"":true,""deferrable"":false,""definition"":""FOREIGN KEY (og_media_id) REFERENCES media(id) ON DELETE SET NULL"",""constraint_name"":""site_pages_og_media_fkey"",""constraint_type"":""FOREIGN KEY""}"
06_FOREIGN_KEY,public.site_pages.site_pages_updated_by_fkey,"{""table"":""site_pages"",""schema"":""public"",""deferred"":false,""validated"":true,""deferrable"":false,""definition"":""FOREIGN KEY (updated_by) REFERENCES auth.users(id) ON DELETE SET NULL"",""constraint_name"":""site_pages_updated_by_fkey"",""constraint_type"":""FOREIGN KEY""}"
06_FOREIGN_KEY,public.site_settings.site_settings_logo_media_fkey,"{""table"":""site_settings"",""schema"":""public"",""deferred"":false,""validated"":true,""deferrable"":false,""definition"":""FOREIGN KEY (org_logo_media_id) REFERENCES media(id) ON DELETE SET NULL"",""constraint_name"":""site_settings_logo_media_fkey"",""constraint_type"":""FOREIGN KEY""}"
06_FOREIGN_KEY,public.site_settings.site_settings_og_media_fkey,"{""table"":""site_settings"",""schema"":""public"",""deferred"":false,""validated"":true,""deferrable"":false,""definition"":""FOREIGN KEY (org_default_og_media_id) REFERENCES media(id) ON DELETE SET NULL"",""constraint_name"":""site_settings_og_media_fkey"",""constraint_type"":""FOREIGN KEY""}"
06_FOREIGN_KEY,public.site_settings.site_settings_updated_by_fkey,"{""table"":""site_settings"",""schema"":""public"",""deferred"":false,""validated"":true,""deferrable"":false,""definition"":""FOREIGN KEY (updated_by) REFERENCES auth.users(id) ON DELETE SET NULL"",""constraint_name"":""site_settings_updated_by_fkey"",""constraint_type"":""FOREIGN KEY""}"
06_FOREIGN_KEY,public.site_settings_translations.site_settings_translations_settings_fkey,"{""table"":""site_settings_translations"",""schema"":""public"",""deferred"":false,""validated"":true,""deferrable"":false,""definition"":""FOREIGN KEY (settings_id) REFERENCES site_settings(id) ON DELETE CASCADE"",""constraint_name"":""site_settings_translations_settings_fkey"",""constraint_type"":""FOREIGN KEY""}"
06_FOREIGN_KEY,public.tag_translations.tag_translations_tag_id_fkey,"{""table"":""tag_translations"",""schema"":""public"",""deferred"":false,""validated"":true,""deferrable"":false,""definition"":""FOREIGN KEY (tag_id) REFERENCES tags(id) ON DELETE CASCADE"",""constraint_name"":""tag_translations_tag_id_fkey"",""constraint_type"":""FOREIGN KEY""}"
06_FOREIGN_KEY,public.warehouse_translations.warehouse_translations_warehouse_fkey,"{""table"":""warehouse_translations"",""schema"":""public"",""deferred"":false,""validated"":true,""deferrable"":false,""definition"":""FOREIGN KEY (warehouse_id) REFERENCES warehouses(id) ON DELETE CASCADE"",""constraint_name"":""warehouse_translations_warehouse_fkey"",""constraint_type"":""FOREIGN KEY""}"
06_FOREIGN_KEY,storage.objects.objects_bucketId_fkey,"{""table"":""objects"",""schema"":""storage"",""deferred"":false,""validated"":true,""deferrable"":false,""definition"":""FOREIGN KEY (bucket_id) REFERENCES storage.buckets(id)"",""constraint_name"":""objects_bucketId_fkey"",""constraint_type"":""FOREIGN KEY""}"
07_UNIQUE_CONSTRAINT,auth.users.users_phone_key,"{""table"":""users"",""schema"":""auth"",""deferred"":false,""validated"":true,""deferrable"":false,""definition"":""UNIQUE (phone)"",""constraint_name"":""users_phone_key"",""constraint_type"":""UNIQUE""}"
07_UNIQUE_CONSTRAINT,public.article_categories.article_categories_slug_key,"{""table"":""article_categories"",""schema"":""public"",""deferred"":false,""validated"":true,""deferrable"":false,""definition"":""UNIQUE (slug)"",""constraint_name"":""article_categories_slug_key"",""constraint_type"":""UNIQUE""}"
07_UNIQUE_CONSTRAINT,public.article_translations.article_translations_locale_slug_key,"{""table"":""article_translations"",""schema"":""public"",""deferred"":false,""validated"":true,""deferrable"":false,""definition"":""UNIQUE (locale, slug)"",""constraint_name"":""article_translations_locale_slug_key"",""constraint_type"":""UNIQUE""}"
07_UNIQUE_CONSTRAINT,public.certifications.certifications_slug_key,"{""table"":""certifications"",""schema"":""public"",""deferred"":false,""validated"":true,""deferrable"":false,""definition"":""UNIQUE (slug)"",""constraint_name"":""certifications_slug_key"",""constraint_type"":""UNIQUE""}"
07_UNIQUE_CONSTRAINT,public.coffee_types.coffee_types_slug_key,"{""table"":""coffee_types"",""schema"":""public"",""deferred"":false,""validated"":true,""deferrable"":false,""definition"":""UNIQUE (slug)"",""constraint_name"":""coffee_types_slug_key"",""constraint_type"":""UNIQUE""}"
07_UNIQUE_CONSTRAINT,public.coffees.coffees_slug_key,"{""table"":""coffees"",""schema"":""public"",""deferred"":false,""validated"":true,""deferrable"":false,""definition"":""UNIQUE (slug)"",""constraint_name"":""coffees_slug_key"",""constraint_type"":""UNIQUE""}"
07_UNIQUE_CONSTRAINT,public.inquiries.inquiries_inquiry_number_key,"{""table"":""inquiries"",""schema"":""public"",""deferred"":false,""validated"":true,""deferrable"":false,""definition"":""UNIQUE (inquiry_number)"",""constraint_name"":""inquiries_inquiry_number_key"",""constraint_type"":""UNIQUE""}"
07_UNIQUE_CONSTRAINT,public.inquiries.inquiries_request_code_key,"{""table"":""inquiries"",""schema"":""public"",""deferred"":false,""validated"":true,""deferrable"":false,""definition"":""UNIQUE (request_code)"",""constraint_name"":""inquiries_request_code_key"",""constraint_type"":""UNIQUE""}"
07_UNIQUE_CONSTRAINT,public.media.media_storage_bucket_storage_path_key,"{""table"":""media"",""schema"":""public"",""deferred"":false,""validated"":true,""deferrable"":false,""definition"":""UNIQUE (storage_bucket, storage_path)"",""constraint_name"":""media_storage_bucket_storage_path_key"",""constraint_type"":""UNIQUE""}"
07_UNIQUE_CONSTRAINT,public.offer_price_tiers.offer_price_tiers_offer_id_min_bags_key,"{""table"":""offer_price_tiers"",""schema"":""public"",""deferred"":false,""validated"":true,""deferrable"":false,""definition"":""UNIQUE (offer_id, min_bags)"",""constraint_name"":""offer_price_tiers_offer_id_min_bags_key"",""constraint_type"":""UNIQUE""}"
07_UNIQUE_CONSTRAINT,public.origins.origins_slug_key,"{""table"":""origins"",""schema"":""public"",""deferred"":false,""validated"":true,""deferrable"":false,""definition"":""UNIQUE (slug)"",""constraint_name"":""origins_slug_key"",""constraint_type"":""UNIQUE""}"
07_UNIQUE_CONSTRAINT,public.packaging_types.packaging_types_slug_key,"{""table"":""packaging_types"",""schema"":""public"",""deferred"":false,""validated"":true,""deferrable"":false,""definition"":""UNIQUE (slug)"",""constraint_name"":""packaging_types_slug_key"",""constraint_type"":""UNIQUE""}"
07_UNIQUE_CONSTRAINT,public.processing_methods.processing_methods_slug_key,"{""table"":""processing_methods"",""schema"":""public"",""deferred"":false,""validated"":true,""deferrable"":false,""definition"":""UNIQUE (slug)"",""constraint_name"":""processing_methods_slug_key"",""constraint_type"":""UNIQUE""}"
07_UNIQUE_CONSTRAINT,public.regions.regions_origin_id_slug_key,"{""table"":""regions"",""schema"":""public"",""deferred"":false,""validated"":true,""deferrable"":false,""definition"":""UNIQUE (origin_id, slug)"",""constraint_name"":""regions_origin_id_slug_key"",""constraint_type"":""UNIQUE""}"
07_UNIQUE_CONSTRAINT,public.sensory_notes.sensory_notes_slug_key,"{""table"":""sensory_notes"",""schema"":""public"",""deferred"":false,""validated"":true,""deferrable"":false,""definition"":""UNIQUE (slug)"",""constraint_name"":""sensory_notes_slug_key"",""constraint_type"":""UNIQUE""}"
07_UNIQUE_CONSTRAINT,public.site_page_sections.site_page_sections_page_key_unique,"{""table"":""site_page_sections"",""schema"":""public"",""deferred"":false,""validated"":true,""deferrable"":false,""definition"":""UNIQUE (page_id, section_key)"",""constraint_name"":""site_page_sections_page_key_unique"",""constraint_type"":""UNIQUE""}"
07_UNIQUE_CONSTRAINT,public.site_pages.site_pages_page_key_key,"{""table"":""site_pages"",""schema"":""public"",""deferred"":false,""validated"":true,""deferrable"":false,""definition"":""UNIQUE (page_key)"",""constraint_name"":""site_pages_page_key_key"",""constraint_type"":""UNIQUE""}"
07_UNIQUE_CONSTRAINT,public.site_pages.site_pages_route_path_key,"{""table"":""site_pages"",""schema"":""public"",""deferred"":false,""validated"":true,""deferrable"":false,""definition"":""UNIQUE (route_path)"",""constraint_name"":""site_pages_route_path_key"",""constraint_type"":""UNIQUE""}"
07_UNIQUE_CONSTRAINT,public.tags.tags_slug_key,"{""table"":""tags"",""schema"":""public"",""deferred"":false,""validated"":true,""deferrable"":false,""definition"":""UNIQUE (slug)"",""constraint_name"":""tags_slug_key"",""constraint_type"":""UNIQUE""}"
07_UNIQUE_CONSTRAINT,public.varieties.varieties_slug_key,"{""table"":""varieties"",""schema"":""public"",""deferred"":false,""validated"":true,""deferrable"":false,""definition"":""UNIQUE (slug)"",""constraint_name"":""varieties_slug_key"",""constraint_type"":""UNIQUE""}"
07_UNIQUE_CONSTRAINT,public.warehouses.warehouses_code_key,"{""table"":""warehouses"",""schema"":""public"",""deferred"":false,""validated"":true,""deferrable"":false,""definition"":""UNIQUE (code)"",""constraint_name"":""warehouses_code_key"",""constraint_type"":""UNIQUE""}"
08_CHECK_CONSTRAINT,auth.users.users_email_change_confirm_status_check,"{""table"":""users"",""schema"":""auth"",""deferred"":false,""validated"":true,""deferrable"":false,""definition"":""CHECK (email_change_confirm_status >= 0 AND email_change_confirm_status <= 2)"",""constraint_name"":""users_email_change_confirm_status_check"",""constraint_type"":""CHECK""}"
08_CHECK_CONSTRAINT,public.article_translations.article_translation_title_not_empty,"{""table"":""article_translations"",""schema"":""public"",""deferred"":false,""validated"":true,""deferrable"":false,""definition"":""CHECK (char_length(TRIM(BOTH FROM title)) > 0)"",""constraint_name"":""article_translation_title_not_empty"",""constraint_type"":""CHECK""}"
08_CHECK_CONSTRAINT,public.articles.articles_published_requires_date,"{""table"":""articles"",""schema"":""public"",""deferred"":false,""validated"":true,""deferrable"":false,""definition"":""CHECK (status <> 'PUBLISHED'::article_status OR published_at IS NOT NULL)"",""constraint_name"":""articles_published_requires_date"",""constraint_type"":""CHECK""}"
08_CHECK_CONSTRAINT,public.coffee_media.coffee_media_role,"{""table"":""coffee_media"",""schema"":""public"",""deferred"":false,""validated"":true,""deferrable"":false,""definition"":""CHECK (role = ANY (ARRAY['MAIN'::text, 'GALLERY'::text]))"",""constraint_name"":""coffee_media_role"",""constraint_type"":""CHECK""}"
08_CHECK_CONSTRAINT,public.coffee_offers.coffee_offers_bag_weight_positive,"{""table"":""coffee_offers"",""schema"":""public"",""deferred"":false,""validated"":true,""deferrable"":false,""definition"":""CHECK (bag_weight_kg > 0::numeric)"",""constraint_name"":""coffee_offers_bag_weight_positive"",""constraint_type"":""CHECK""}"
08_CHECK_CONSTRAINT,public.coffee_offers.coffee_offers_bags_non_negative,"{""table"":""coffee_offers"",""schema"":""public"",""deferred"":false,""validated"":true,""deferrable"":false,""definition"":""CHECK (bags_quantity >= 0)"",""constraint_name"":""coffee_offers_bags_non_negative"",""constraint_type"":""CHECK""}"
08_CHECK_CONSTRAINT,public.coffee_offers.coffee_offers_cup_score,"{""table"":""coffee_offers"",""schema"":""public"",""deferred"":false,""validated"":true,""deferrable"":false,""definition"":""CHECK (cup_score IS NULL OR cup_score >= 0::numeric AND cup_score <= 100::numeric)"",""constraint_name"":""coffee_offers_cup_score"",""constraint_type"":""CHECK""}"
08_CHECK_CONSTRAINT,public.coffee_offers.coffee_offers_currency_usd,"{""table"":""coffee_offers"",""schema"":""public"",""deferred"":false,""validated"":true,""deferrable"":false,""definition"":""CHECK (currency_code::text = 'USD'::text)"",""constraint_name"":""coffee_offers_currency_usd"",""constraint_type"":""CHECK""}"
08_CHECK_CONSTRAINT,public.coffee_offers.coffee_offers_pricing_unit_kg,"{""table"":""coffee_offers"",""schema"":""public"",""deferred"":false,""validated"":true,""deferrable"":false,""definition"":""CHECK (pricing_unit::text = 'KG'::text)"",""constraint_name"":""coffee_offers_pricing_unit_kg"",""constraint_type"":""CHECK""}"
08_CHECK_CONSTRAINT,public.coffee_translations.coffee_translation_name_not_empty,"{""table"":""coffee_translations"",""schema"":""public"",""deferred"":false,""validated"":true,""deferrable"":false,""definition"":""CHECK (char_length(TRIM(BOTH FROM name)) > 0)"",""constraint_name"":""coffee_translation_name_not_empty"",""constraint_type"":""CHECK""}"
08_CHECK_CONSTRAINT,public.coffee_types.coffee_types_slug_format,"{""table"":""coffee_types"",""schema"":""public"",""deferred"":false,""validated"":true,""deferrable"":false,""definition"":""CHECK (slug ~ '^[a-z0-9]+(?:-[a-z0-9]+)*$'::text)"",""constraint_name"":""coffee_types_slug_format"",""constraint_type"":""CHECK""}"
08_CHECK_CONSTRAINT,public.coffees.coffees_altitude_max_positive,"{""table"":""coffees"",""schema"":""public"",""deferred"":false,""validated"":true,""deferrable"":false,""definition"":""CHECK (altitude_max_meters IS NULL OR altitude_max_meters >= 0)"",""constraint_name"":""coffees_altitude_max_positive"",""constraint_type"":""CHECK""}"
08_CHECK_CONSTRAINT,public.coffees.coffees_altitude_min_positive,"{""table"":""coffees"",""schema"":""public"",""deferred"":false,""validated"":true,""deferrable"":false,""definition"":""CHECK (altitude_min_meters IS NULL OR altitude_min_meters >= 0)"",""constraint_name"":""coffees_altitude_min_positive"",""constraint_type"":""CHECK""}"
08_CHECK_CONSTRAINT,public.coffees.coffees_altitude_range,"{""table"":""coffees"",""schema"":""public"",""deferred"":false,""validated"":true,""deferrable"":false,""definition"":""CHECK (altitude_min_meters IS NULL OR altitude_max_meters IS NULL OR altitude_max_meters >= altitude_min_meters)"",""constraint_name"":""coffees_altitude_range"",""constraint_type"":""CHECK""}"
08_CHECK_CONSTRAINT,public.coffees.coffees_farm_size_positive,"{""table"":""coffees"",""schema"":""public"",""deferred"":false,""validated"":true,""deferrable"":false,""definition"":""CHECK (farm_size_hectares IS NULL OR farm_size_hectares >= 0::numeric)"",""constraint_name"":""coffees_farm_size_positive"",""constraint_type"":""CHECK""}"
08_CHECK_CONSTRAINT,public.coffees.coffees_harvest_months,"{""table"":""coffees"",""schema"":""public"",""deferred"":false,""validated"":true,""deferrable"":false,""definition"":""CHECK (is_valid_month_array(harvest_months))"",""constraint_name"":""coffees_harvest_months"",""constraint_type"":""CHECK""}"
08_CHECK_CONSTRAINT,public.coffees.coffees_published_requires_date,"{""table"":""coffees"",""schema"":""public"",""deferred"":false,""validated"":true,""deferrable"":false,""definition"":""CHECK (status <> 'PUBLISHED'::coffee_status OR published_at IS NOT NULL)"",""constraint_name"":""coffees_published_requires_date"",""constraint_type"":""CHECK""}"
08_CHECK_CONSTRAINT,public.coffees.coffees_slug_format,"{""table"":""coffees"",""schema"":""public"",""deferred"":false,""validated"":true,""deferrable"":false,""definition"":""CHECK (slug ~ '^[a-z0-9]+(?:-[a-z0-9]+)*$'::text)"",""constraint_name"":""coffees_slug_format"",""constraint_type"":""CHECK""}"
08_CHECK_CONSTRAINT,public.inquiries.inquiries_country_code_length,"{""table"":""inquiries"",""schema"":""public"",""deferred"":false,""validated"":true,""deferrable"":false,""definition"":""CHECK (country_code IS NULL OR char_length(country_code::text) = 2)"",""constraint_name"":""inquiries_country_code_length"",""constraint_type"":""CHECK""}"
08_CHECK_CONSTRAINT,public.inquiries.inquiries_email_not_empty,"{""table"":""inquiries"",""schema"":""public"",""deferred"":false,""validated"":true,""deferrable"":false,""definition"":""CHECK (char_length(TRIM(BOTH FROM email)) > 0)"",""constraint_name"":""inquiries_email_not_empty"",""constraint_type"":""CHECK""}"
08_CHECK_CONSTRAINT,public.inquiries.inquiries_full_name_not_empty,"{""table"":""inquiries"",""schema"":""public"",""deferred"":false,""validated"":true,""deferrable"":false,""definition"":""CHECK (char_length(TRIM(BOTH FROM full_name)) > 0)"",""constraint_name"":""inquiries_full_name_not_empty"",""constraint_type"":""CHECK""}"
08_CHECK_CONSTRAINT,public.inquiries.inquiries_phone_not_empty,"{""table"":""inquiries"",""schema"":""public"",""deferred"":false,""validated"":true,""deferrable"":false,""definition"":""CHECK (char_length(TRIM(BOTH FROM phone)) > 0)"",""constraint_name"":""inquiries_phone_not_empty"",""constraint_type"":""CHECK""}"
08_CHECK_CONSTRAINT,public.inquiries.inquiries_product_needs_coffee,"{""table"":""inquiries"",""schema"":""public"",""deferred"":false,""validated"":true,""deferrable"":false,""definition"":""CHECK (type = 'GENERAL'::inquiry_type OR coffee_id IS NOT NULL)"",""constraint_name"":""inquiries_product_needs_coffee"",""constraint_type"":""CHECK""}"
08_CHECK_CONSTRAINT,public.inquiries.inquiries_product_needs_user,"{""table"":""inquiries"",""schema"":""public"",""deferred"":false,""validated"":true,""deferrable"":false,""definition"":""CHECK (type = 'GENERAL'::inquiry_type OR user_id IS NOT NULL)"",""constraint_name"":""inquiries_product_needs_user"",""constraint_type"":""CHECK""}"
08_CHECK_CONSTRAINT,public.media.media_file_size_positive,"{""table"":""media"",""schema"":""public"",""deferred"":false,""validated"":true,""deferrable"":false,""definition"":""CHECK (file_size_bytes IS NULL OR file_size_bytes >= 0)"",""constraint_name"":""media_file_size_positive"",""constraint_type"":""CHECK""}"
08_CHECK_CONSTRAINT,public.media.media_height_positive,"{""table"":""media"",""schema"":""public"",""deferred"":false,""validated"":true,""deferrable"":false,""definition"":""CHECK (height IS NULL OR height > 0)"",""constraint_name"":""media_height_positive"",""constraint_type"":""CHECK""}"
08_CHECK_CONSTRAINT,public.media.media_width_positive,"{""table"":""media"",""schema"":""public"",""deferred"":false,""validated"":true,""deferrable"":false,""definition"":""CHECK (width IS NULL OR width > 0)"",""constraint_name"":""media_width_positive"",""constraint_type"":""CHECK""}"
08_CHECK_CONSTRAINT,public.offer_price_tiers.offer_price_tiers_min_bags_positive,"{""table"":""offer_price_tiers"",""schema"":""public"",""deferred"":false,""validated"":true,""deferrable"":false,""definition"":""CHECK (min_bags >= 1)"",""constraint_name"":""offer_price_tiers_min_bags_positive"",""constraint_type"":""CHECK""}"
08_CHECK_CONSTRAINT,public.offer_price_tiers.offer_price_tiers_price_positive,"{""table"":""offer_price_tiers"",""schema"":""public"",""deferred"":false,""validated"":true,""deferrable"":false,""definition"":""CHECK (price_per_kg_usd > 0::numeric)"",""constraint_name"":""offer_price_tiers_price_positive"",""constraint_type"":""CHECK""}"
08_CHECK_CONSTRAINT,public.origin_media.origin_media_role,"{""table"":""origin_media"",""schema"":""public"",""deferred"":false,""validated"":true,""deferrable"":false,""definition"":""CHECK (role = ANY (ARRAY['HERO'::text, 'GALLERY'::text]))"",""constraint_name"":""origin_media_role"",""constraint_type"":""CHECK""}"
08_CHECK_CONSTRAINT,public.origins.origins_country_code_length,"{""table"":""origins"",""schema"":""public"",""deferred"":false,""validated"":true,""deferrable"":false,""definition"":""CHECK (country_code IS NULL OR char_length(country_code::text) = 2)"",""constraint_name"":""origins_country_code_length"",""constraint_type"":""CHECK""}"
08_CHECK_CONSTRAINT,public.origins.origins_harvest_months,"{""table"":""origins"",""schema"":""public"",""deferred"":false,""validated"":true,""deferrable"":false,""definition"":""CHECK (is_valid_month_array(harvest_months))"",""constraint_name"":""origins_harvest_months"",""constraint_type"":""CHECK""}"
08_CHECK_CONSTRAINT,public.profiles.profiles_country_code_length,"{""table"":""profiles"",""schema"":""public"",""deferred"":false,""validated"":true,""deferrable"":false,""definition"":""CHECK (country_code IS NULL OR char_length(country_code::text) = 2)"",""constraint_name"":""profiles_country_code_length"",""constraint_type"":""CHECK""}"
08_CHECK_CONSTRAINT,public.profiles.profiles_full_name_length,"{""table"":""profiles"",""schema"":""public"",""deferred"":false,""validated"":true,""deferrable"":false,""definition"":""CHECK (char_length(full_name) <= 200)"",""constraint_name"":""profiles_full_name_length"",""constraint_type"":""CHECK""}"
08_CHECK_CONSTRAINT,public.site_page_sections.site_page_sections_cta_href_check,"{""table"":""site_page_sections"",""schema"":""public"",""deferred"":false,""validated"":true,""deferrable"":false,""definition"":""CHECK (cta_href IS NULL OR \""left\""(cta_href, 1) = '/'::text AND \""left\""(cta_href, 2) <> '//'::text)"",""constraint_name"":""site_page_sections_cta_href_check"",""constraint_type"":""CHECK""}"
08_CHECK_CONSTRAINT,public.site_page_sections.site_page_sections_entity_limit_check,"{""table"":""site_page_sections"",""schema"":""public"",""deferred"":false,""validated"":true,""deferrable"":false,""definition"":""CHECK (entity_limit IS NULL OR entity_limit >= 1 AND entity_limit <= 50)"",""constraint_name"":""site_page_sections_entity_limit_check"",""constraint_type"":""CHECK""}"
08_CHECK_CONSTRAINT,public.site_page_sections.site_page_sections_entity_ref_check,"{""table"":""site_page_sections"",""schema"":""public"",""deferred"":false,""validated"":true,""deferrable"":false,""definition"":""CHECK (entity_ref IS NULL OR (entity_ref = ANY (ARRAY['FEATURED_COFFEES'::text, 'FEATURED_ORIGINS'::text, 'WAREHOUSES'::text, 'LATEST_ARTICLES'::text, 'COMMERCIAL_PAGES'::text])))"",""constraint_name"":""site_page_sections_entity_ref_check"",""constraint_type"":""CHECK""}"
08_CHECK_CONSTRAINT,public.site_page_sections.site_page_sections_key_format,"{""table"":""site_page_sections"",""schema"":""public"",""deferred"":false,""validated"":true,""deferrable"":false,""definition"":""CHECK (section_key ~ '^[a-z0-9]+(_[a-z0-9]+)*$'::text)"",""constraint_name"":""site_page_sections_key_format"",""constraint_type"":""CHECK""}"
08_CHECK_CONSTRAINT,public.site_page_sections.site_page_sections_type_check,"{""table"":""site_page_sections"",""schema"":""public"",""deferred"":false,""validated"":true,""deferrable"":false,""definition"":""CHECK (section_type = ANY (ARRAY['HERO'::text, 'RICH_TEXT'::text, 'CARD_GRID'::text, 'MEDIA_SPLIT'::text, 'CTA'::text, 'STAT_ROW'::text, 'FAQ'::text, 'ENTITY_LIST'::text]))"",""constraint_name"":""site_page_sections_type_check"",""constraint_type"":""CHECK""}"
08_CHECK_CONSTRAINT,public.site_page_translations.site_page_translations_title_check,"{""table"":""site_page_translations"",""schema"":""public"",""deferred"":false,""validated"":true,""deferrable"":false,""definition"":""CHECK (char_length(TRIM(BOTH FROM title)) > 0)"",""constraint_name"":""site_page_translations_title_check"",""constraint_type"":""CHECK""}"
08_CHECK_CONSTRAINT,public.site_pages.site_pages_page_key_format,"{""table"":""site_pages"",""schema"":""public"",""deferred"":false,""validated"":true,""deferrable"":false,""definition"":""CHECK (page_key ~ '^[a-z0-9]+(-[a-z0-9]+)*$'::text)"",""constraint_name"":""site_pages_page_key_format"",""constraint_type"":""CHECK""}"
08_CHECK_CONSTRAINT,public.site_pages.site_pages_publish_check,"{""table"":""site_pages"",""schema"":""public"",""deferred"":false,""validated"":true,""deferrable"":false,""definition"":""CHECK (status <> 'PUBLISHED'::article_status OR published_at IS NOT NULL)"",""constraint_name"":""site_pages_publish_check"",""constraint_type"":""CHECK""}"
08_CHECK_CONSTRAINT,public.site_pages.site_pages_route_path_check,"{""table"":""site_pages"",""schema"":""public"",""deferred"":false,""validated"":true,""deferrable"":false,""definition"":""CHECK (route_path IS NULL OR \""left\""(route_path, 1) = '/'::text AND \""right\""(route_path, 1) = '/'::text AND POSITION(('//'::text) IN (route_path)) = 0)"",""constraint_name"":""site_pages_route_path_check"",""constraint_type"":""CHECK""}"
08_CHECK_CONSTRAINT,public.site_pages.site_pages_template_check,"{""table"":""site_pages"",""schema"":""public"",""deferred"":false,""validated"":true,""deferrable"":false,""definition"":""CHECK (template = ANY (ARRAY['HOME'::text, 'ABOUT'::text, 'COMMERCIAL'::text, 'SEGMENT'::text, 'PRICING'::text, 'SUPPORT'::text, 'LEGAL'::text, 'CONTACT'::text]))"",""constraint_name"":""site_pages_template_check"",""constraint_type"":""CHECK""}"
08_CHECK_CONSTRAINT,public.site_settings.site_settings_low_stock_check,"{""table"":""site_settings"",""schema"":""public"",""deferred"":false,""validated"":true,""deferrable"":false,""definition"":""CHECK (low_stock_threshold >= 0)"",""constraint_name"":""site_settings_low_stock_check"",""constraint_type"":""CHECK""}"
08_CHECK_CONSTRAINT,public.site_settings.site_settings_singleton_check,"{""table"":""site_settings"",""schema"":""public"",""deferred"":false,""validated"":true,""deferrable"":false,""definition"":""CHECK (id = 1)"",""constraint_name"":""site_settings_singleton_check"",""constraint_type"":""CHECK""}"
08_CHECK_CONSTRAINT,public.warehouse_translations.warehouse_translations_name_check,"{""table"":""warehouse_translations"",""schema"":""public"",""deferred"":false,""validated"":true,""deferrable"":false,""definition"":""CHECK (char_length(TRIM(BOTH FROM name)) > 0)"",""constraint_name"":""warehouse_translations_name_check"",""constraint_type"":""CHECK""}"
08_CHECK_CONSTRAINT,public.warehouses.warehouses_allowed_codes,"{""table"":""warehouses"",""schema"":""public"",""deferred"":false,""validated"":true,""deferrable"":false,""definition"":""CHECK (code = ANY (ARRAY['EGYPT'::text, 'DUBAI'::text]))"",""constraint_name"":""warehouses_allowed_codes"",""constraint_type"":""CHECK""}"
08_CHECK_CONSTRAINT,public.warehouses.warehouses_country_code_length,"{""table"":""warehouses"",""schema"":""public"",""deferred"":false,""validated"":true,""deferrable"":false,""definition"":""CHECK (char_length(country_code::text) = 2)"",""constraint_name"":""warehouses_country_code_length"",""constraint_type"":""CHECK""}"
08_CHECK_CONSTRAINT,storage.buckets.buckets_versioning_dark_check,"{""table"":""buckets"",""schema"":""storage"",""deferred"":false,""validated"":true,""deferrable"":false,""definition"":""CHECK (versioning_status = 'DISABLED'::text)"",""constraint_name"":""buckets_versioning_dark_check"",""constraint_type"":""CHECK""}"
08_CHECK_CONSTRAINT,storage.buckets.buckets_versioning_standard_only_check,"{""table"":""buckets"",""schema"":""storage"",""deferred"":false,""validated"":true,""deferrable"":false,""definition"":""CHECK (type = 'STANDARD'::storage.buckettype OR versioning_status = 'DISABLED'::text)"",""constraint_name"":""buckets_versioning_standard_only_check"",""constraint_type"":""CHECK""}"
08_CHECK_CONSTRAINT,storage.buckets.buckets_versioning_status_check,"{""table"":""buckets"",""schema"":""storage"",""deferred"":false,""validated"":true,""deferrable"":false,""definition"":""CHECK (versioning_status = ANY (ARRAY['DISABLED'::text, 'ENABLED'::text, 'SUSPENDED'::text]))"",""constraint_name"":""buckets_versioning_status_check"",""constraint_type"":""CHECK""}"
10_INDEX,auth.confirmation_token_idx,"{""index"":""confirmation_token_idx"",""table"":""users"",""schema"":""auth"",""definition"":""CREATE UNIQUE INDEX confirmation_token_idx ON auth.users USING btree (confirmation_token) WHERE ((confirmation_token)::text !~ '^[0-9 ]*$'::text)""}"
10_INDEX,auth.email_change_token_current_idx,"{""index"":""email_change_token_current_idx"",""table"":""users"",""schema"":""auth"",""definition"":""CREATE UNIQUE INDEX email_change_token_current_idx ON auth.users USING btree (email_change_token_current) WHERE ((email_change_token_current)::text !~ '^[0-9 ]*$'::text)""}"
10_INDEX,auth.email_change_token_new_idx,"{""index"":""email_change_token_new_idx"",""table"":""users"",""schema"":""auth"",""definition"":""CREATE UNIQUE INDEX email_change_token_new_idx ON auth.users USING btree (email_change_token_new) WHERE ((email_change_token_new)::text !~ '^[0-9 ]*$'::text)""}"
10_INDEX,auth.idx_users_created_at_desc,"{""index"":""idx_users_created_at_desc"",""table"":""users"",""schema"":""auth"",""definition"":""CREATE INDEX idx_users_created_at_desc ON auth.users USING btree (created_at DESC)""}"
10_INDEX,auth.idx_users_email,"{""index"":""idx_users_email"",""table"":""users"",""schema"":""auth"",""definition"":""CREATE INDEX idx_users_email ON auth.users USING btree (email)""}"
10_INDEX,auth.idx_users_last_sign_in_at_desc,"{""index"":""idx_users_last_sign_in_at_desc"",""table"":""users"",""schema"":""auth"",""definition"":""CREATE INDEX idx_users_last_sign_in_at_desc ON auth.users USING btree (last_sign_in_at DESC)""}"
10_INDEX,auth.idx_users_name,"{""index"":""idx_users_name"",""table"":""users"",""schema"":""auth"",""definition"":""CREATE INDEX idx_users_name ON auth.users USING btree (((raw_user_meta_data ->> 'name'::text))) WHERE ((raw_user_meta_data ->> 'name'::text) IS NOT NULL)""}"
10_INDEX,auth.reauthentication_token_idx,"{""index"":""reauthentication_token_idx"",""table"":""users"",""schema"":""auth"",""definition"":""CREATE UNIQUE INDEX reauthentication_token_idx ON auth.users USING btree (reauthentication_token) WHERE ((reauthentication_token)::text !~ '^[0-9 ]*$'::text)""}"
10_INDEX,auth.recovery_token_idx,"{""index"":""recovery_token_idx"",""table"":""users"",""schema"":""auth"",""definition"":""CREATE UNIQUE INDEX recovery_token_idx ON auth.users USING btree (recovery_token) WHERE ((recovery_token)::text !~ '^[0-9 ]*$'::text)""}"
10_INDEX,auth.users_email_partial_key,"{""index"":""users_email_partial_key"",""table"":""users"",""schema"":""auth"",""definition"":""CREATE UNIQUE INDEX users_email_partial_key ON auth.users USING btree (email) WHERE (is_sso_user = false)""}"
10_INDEX,auth.users_instance_id_email_idx,"{""index"":""users_instance_id_email_idx"",""table"":""users"",""schema"":""auth"",""definition"":""CREATE INDEX users_instance_id_email_idx ON auth.users USING btree (instance_id, lower((email)::text))""}"
10_INDEX,auth.users_instance_id_idx,"{""index"":""users_instance_id_idx"",""table"":""users"",""schema"":""auth"",""definition"":""CREATE INDEX users_instance_id_idx ON auth.users USING btree (instance_id)""}"
10_INDEX,auth.users_is_anonymous_idx,"{""index"":""users_is_anonymous_idx"",""table"":""users"",""schema"":""auth"",""definition"":""CREATE INDEX users_is_anonymous_idx ON auth.users USING btree (is_anonymous)""}"
10_INDEX,auth.users_phone_key,"{""index"":""users_phone_key"",""table"":""users"",""schema"":""auth"",""definition"":""CREATE UNIQUE INDEX users_phone_key ON auth.users USING btree (phone)""}"
10_INDEX,auth.users_pkey,"{""index"":""users_pkey"",""table"":""users"",""schema"":""auth"",""definition"":""CREATE UNIQUE INDEX users_pkey ON auth.users USING btree (id)""}"
10_INDEX,public.article_categories_pkey,"{""index"":""article_categories_pkey"",""table"":""article_categories"",""schema"":""public"",""definition"":""CREATE UNIQUE INDEX article_categories_pkey ON public.article_categories USING btree (id)""}"
10_INDEX,public.article_categories_slug_key,"{""index"":""article_categories_slug_key"",""table"":""article_categories"",""schema"":""public"",""definition"":""CREATE UNIQUE INDEX article_categories_slug_key ON public.article_categories USING btree (slug)""}"
10_INDEX,public.article_category_translations_pkey,"{""index"":""article_category_translations_pkey"",""table"":""article_category_translations"",""schema"":""public"",""definition"":""CREATE UNIQUE INDEX article_category_translations_pkey ON public.article_category_translations USING btree (category_id, locale)""}"
10_INDEX,public.article_translations_locale_slug_key,"{""index"":""article_translations_locale_slug_key"",""table"":""article_translations"",""schema"":""public"",""definition"":""CREATE UNIQUE INDEX article_translations_locale_slug_key ON public.article_translations USING btree (locale, slug)""}"
10_INDEX,public.article_translations_pkey,"{""index"":""article_translations_pkey"",""table"":""article_translations"",""schema"":""public"",""definition"":""CREATE UNIQUE INDEX article_translations_pkey ON public.article_translations USING btree (article_id, locale)""}"
10_INDEX,public.articles_pkey,"{""index"":""articles_pkey"",""table"":""articles"",""schema"":""public"",""definition"":""CREATE UNIQUE INDEX articles_pkey ON public.articles USING btree (id)""}"
10_INDEX,public.audit_logs_pkey,"{""index"":""audit_logs_pkey"",""table"":""audit_logs"",""schema"":""public"",""definition"":""CREATE UNIQUE INDEX audit_logs_pkey ON public.audit_logs USING btree (id)""}"
10_INDEX,public.certification_translations_pkey,"{""index"":""certification_translations_pkey"",""table"":""certification_translations"",""schema"":""public"",""definition"":""CREATE UNIQUE INDEX certification_translations_pkey ON public.certification_translations USING btree (certification_id, locale)""}"
10_INDEX,public.certifications_pkey,"{""index"":""certifications_pkey"",""table"":""certifications"",""schema"":""public"",""definition"":""CREATE UNIQUE INDEX certifications_pkey ON public.certifications USING btree (id)""}"
10_INDEX,public.certifications_slug_key,"{""index"":""certifications_slug_key"",""table"":""certifications"",""schema"":""public"",""definition"":""CREATE UNIQUE INDEX certifications_slug_key ON public.certifications USING btree (slug)""}"
10_INDEX,public.coffee_certifications_pkey,"{""index"":""coffee_certifications_pkey"",""table"":""coffee_certifications"",""schema"":""public"",""definition"":""CREATE UNIQUE INDEX coffee_certifications_pkey ON public.coffee_certifications USING btree (coffee_id, certification_id)""}"
10_INDEX,public.coffee_media_one_main_image,"{""index"":""coffee_media_one_main_image"",""table"":""coffee_media"",""schema"":""public"",""definition"":""CREATE UNIQUE INDEX coffee_media_one_main_image ON public.coffee_media USING btree (coffee_id) WHERE (role = 'MAIN'::text)""}"
10_INDEX,public.coffee_media_pkey,"{""index"":""coffee_media_pkey"",""table"":""coffee_media"",""schema"":""public"",""definition"":""CREATE UNIQUE INDEX coffee_media_pkey ON public.coffee_media USING btree (coffee_id, media_id)""}"
10_INDEX,public.coffee_offers_pkey,"{""index"":""coffee_offers_pkey"",""table"":""coffee_offers"",""schema"":""public"",""definition"":""CREATE UNIQUE INDEX coffee_offers_pkey ON public.coffee_offers USING btree (id)""}"
10_INDEX,public.coffee_offers_unique_active_coffee_warehouse,"{""index"":""coffee_offers_unique_active_coffee_warehouse"",""table"":""coffee_offers"",""schema"":""public"",""definition"":""CREATE UNIQUE INDEX coffee_offers_unique_active_coffee_warehouse ON public.coffee_offers USING btree (coffee_id, warehouse_id) WHERE (deleted_at IS NULL)""}"
10_INDEX,public.coffee_offers_unique_active_reference_number,"{""index"":""coffee_offers_unique_active_reference_number"",""table"":""coffee_offers"",""schema"":""public"",""definition"":""CREATE UNIQUE INDEX coffee_offers_unique_active_reference_number ON public.coffee_offers USING btree (reference_number) WHERE (deleted_at IS NULL)""}"
10_INDEX,public.coffee_tags_pkey,"{""index"":""coffee_tags_pkey"",""table"":""coffee_tags"",""schema"":""public"",""definition"":""CREATE UNIQUE INDEX coffee_tags_pkey ON public.coffee_tags USING btree (coffee_id, tag_id)""}"
10_INDEX,public.coffee_translations_pkey,"{""index"":""coffee_translations_pkey"",""table"":""coffee_translations"",""schema"":""public"",""definition"":""CREATE UNIQUE INDEX coffee_translations_pkey ON public.coffee_translations USING btree (coffee_id, locale)""}"
10_INDEX,public.coffee_type_translations_pkey,"{""index"":""coffee_type_translations_pkey"",""table"":""coffee_type_translations"",""schema"":""public"",""definition"":""CREATE UNIQUE INDEX coffee_type_translations_pkey ON public.coffee_type_translations USING btree (coffee_type_id, locale)""}"
10_INDEX,public.coffee_types_pkey,"{""index"":""coffee_types_pkey"",""table"":""coffee_types"",""schema"":""public"",""definition"":""CREATE UNIQUE INDEX coffee_types_pkey ON public.coffee_types USING btree (id)""}"
10_INDEX,public.coffee_types_slug_key,"{""index"":""coffee_types_slug_key"",""table"":""coffee_types"",""schema"":""public"",""definition"":""CREATE UNIQUE INDEX coffee_types_slug_key ON public.coffee_types USING btree (slug)""}"
10_INDEX,public.coffee_varieties_pkey,"{""index"":""coffee_varieties_pkey"",""table"":""coffee_varieties"",""schema"":""public"",""definition"":""CREATE UNIQUE INDEX coffee_varieties_pkey ON public.coffee_varieties USING btree (coffee_id, variety_id)""}"
10_INDEX,public.coffees_pkey,"{""index"":""coffees_pkey"",""table"":""coffees"",""schema"":""public"",""definition"":""CREATE UNIQUE INDEX coffees_pkey ON public.coffees USING btree (id)""}"
10_INDEX,public.coffees_slug_key,"{""index"":""coffees_slug_key"",""table"":""coffees"",""schema"":""public"",""definition"":""CREATE UNIQUE INDEX coffees_slug_key ON public.coffees USING btree (slug)""}"
10_INDEX,public.favorites_pkey,"{""index"":""favorites_pkey"",""table"":""favorites"",""schema"":""public"",""definition"":""CREATE UNIQUE INDEX favorites_pkey ON public.favorites USING btree (user_id, coffee_id)""}"
10_INDEX,public.idx_article_translations_title_trgm,"{""index"":""idx_article_translations_title_trgm"",""table"":""article_translations"",""schema"":""public"",""definition"":""CREATE INDEX idx_article_translations_title_trgm ON public.article_translations USING gin (title gin_trgm_ops)""}"
10_INDEX,public.idx_articles_status_published,"{""index"":""idx_articles_status_published"",""table"":""articles"",""schema"":""public"",""definition"":""CREATE INDEX idx_articles_status_published ON public.articles USING btree (status, published_at DESC)""}"
10_INDEX,public.idx_audit_logs_actor,"{""index"":""idx_audit_logs_actor"",""table"":""audit_logs"",""schema"":""public"",""definition"":""CREATE INDEX idx_audit_logs_actor ON public.audit_logs USING btree (actor_user_id, created_at DESC)""}"
10_INDEX,public.idx_audit_logs_entity,"{""index"":""idx_audit_logs_entity"",""table"":""audit_logs"",""schema"":""public"",""definition"":""CREATE INDEX idx_audit_logs_entity ON public.audit_logs USING btree (entity_type, entity_id, created_at DESC)""}"
10_INDEX,public.idx_coffee_offers_bags,"{""index"":""idx_coffee_offers_bags"",""table"":""coffee_offers"",""schema"":""public"",""definition"":""CREATE INDEX idx_coffee_offers_bags ON public.coffee_offers USING btree (bags_quantity)""}"
10_INDEX,public.idx_coffee_offers_coffee,"{""index"":""idx_coffee_offers_coffee"",""table"":""coffee_offers"",""schema"":""public"",""definition"":""CREATE INDEX idx_coffee_offers_coffee ON public.coffee_offers USING btree (coffee_id)""}"
10_INDEX,public.idx_coffee_offers_reference_trgm,"{""index"":""idx_coffee_offers_reference_trgm"",""table"":""coffee_offers"",""schema"":""public"",""definition"":""CREATE INDEX idx_coffee_offers_reference_trgm ON public.coffee_offers USING gin (reference_number gin_trgm_ops)""}"
10_INDEX,public.idx_coffee_offers_status,"{""index"":""idx_coffee_offers_status"",""table"":""coffee_offers"",""schema"":""public"",""definition"":""CREATE INDEX idx_coffee_offers_status ON public.coffee_offers USING btree (status)""}"
10_INDEX,public.idx_coffee_offers_warehouse,"{""index"":""idx_coffee_offers_warehouse"",""table"":""coffee_offers"",""schema"":""public"",""definition"":""CREATE INDEX idx_coffee_offers_warehouse ON public.coffee_offers USING btree (warehouse_id)""}"
10_INDEX,public.idx_coffee_translations_name_trgm,"{""index"":""idx_coffee_translations_name_trgm"",""table"":""coffee_translations"",""schema"":""public"",""definition"":""CREATE INDEX idx_coffee_translations_name_trgm ON public.coffee_translations USING gin (name gin_trgm_ops)""}"
10_INDEX,public.idx_coffees_featured,"{""index"":""idx_coffees_featured"",""table"":""coffees"",""schema"":""public"",""definition"":""CREATE INDEX idx_coffees_featured ON public.coffees USING btree (featured_sort_order, published_at DESC) WHERE ((is_featured = true) AND (status = 'PUBLISHED'::coffee_status) AND (deleted_at IS NULL))""}"
10_INDEX,public.idx_coffees_origin,"{""index"":""idx_coffees_origin"",""table"":""coffees"",""schema"":""public"",""definition"":""CREATE INDEX idx_coffees_origin ON public.coffees USING btree (origin_id)""}"
10_INDEX,public.idx_coffees_processing,"{""index"":""idx_coffees_processing"",""table"":""coffees"",""schema"":""public"",""definition"":""CREATE INDEX idx_coffees_processing ON public.coffees USING btree (processing_method_id)""}"
10_INDEX,public.idx_coffees_published,"{""index"":""idx_coffees_published"",""table"":""coffees"",""schema"":""public"",""definition"":""CREATE INDEX idx_coffees_published ON public.coffees USING btree (published_at DESC) WHERE ((status = 'PUBLISHED'::coffee_status) AND (deleted_at IS NULL))""}"
10_INDEX,public.idx_coffees_region,"{""index"":""idx_coffees_region"",""table"":""coffees"",""schema"":""public"",""definition"":""CREATE INDEX idx_coffees_region ON public.coffees USING btree (region_id)""}"
10_INDEX,public.idx_coffees_status,"{""index"":""idx_coffees_status"",""table"":""coffees"",""schema"":""public"",""definition"":""CREATE INDEX idx_coffees_status ON public.coffees USING btree (status)""}"
10_INDEX,public.idx_coffees_type,"{""index"":""idx_coffees_type"",""table"":""coffees"",""schema"":""public"",""definition"":""CREATE INDEX idx_coffees_type ON public.coffees USING btree (coffee_type_id)""}"
10_INDEX,public.idx_favorites_coffee,"{""index"":""idx_favorites_coffee"",""table"":""favorites"",""schema"":""public"",""definition"":""CREATE INDEX idx_favorites_coffee ON public.favorites USING btree (coffee_id)""}"
10_INDEX,public.idx_favorites_user,"{""index"":""idx_favorites_user"",""table"":""favorites"",""schema"":""public"",""definition"":""CREATE INDEX idx_favorites_user ON public.favorites USING btree (user_id)""}"
10_INDEX,public.idx_inquiries_coffee,"{""index"":""idx_inquiries_coffee"",""table"":""inquiries"",""schema"":""public"",""definition"":""CREATE INDEX idx_inquiries_coffee ON public.inquiries USING btree (coffee_id)""}"
10_INDEX,public.idx_inquiries_created_at,"{""index"":""idx_inquiries_created_at"",""table"":""inquiries"",""schema"":""public"",""definition"":""CREATE INDEX idx_inquiries_created_at ON public.inquiries USING btree (created_at DESC)""}"
10_INDEX,public.idx_inquiries_offer,"{""index"":""idx_inquiries_offer"",""table"":""inquiries"",""schema"":""public"",""definition"":""CREATE INDEX idx_inquiries_offer ON public.inquiries USING btree (offer_id)""}"
10_INDEX,public.idx_inquiries_status,"{""index"":""idx_inquiries_status"",""table"":""inquiries"",""schema"":""public"",""definition"":""CREATE INDEX idx_inquiries_status ON public.inquiries USING btree (status)""}"
10_INDEX,public.idx_inquiries_user,"{""index"":""idx_inquiries_user"",""table"":""inquiries"",""schema"":""public"",""definition"":""CREATE INDEX idx_inquiries_user ON public.inquiries USING btree (user_id)""}"
10_INDEX,public.idx_inquiry_status_history_inquiry,"{""index"":""idx_inquiry_status_history_inquiry"",""table"":""inquiry_status_history"",""schema"":""public"",""definition"":""CREATE INDEX idx_inquiry_status_history_inquiry ON public.inquiry_status_history USING btree (inquiry_id, created_at)""}"
10_INDEX,public.idx_offer_price_tiers_offer,"{""index"":""idx_offer_price_tiers_offer"",""table"":""offer_price_tiers"",""schema"":""public"",""definition"":""CREATE INDEX idx_offer_price_tiers_offer ON public.offer_price_tiers USING btree (offer_id, min_bags)""}"
10_INDEX,public.idx_origin_translations_name_trgm,"{""index"":""idx_origin_translations_name_trgm"",""table"":""origin_translations"",""schema"":""public"",""definition"":""CREATE INDEX idx_origin_translations_name_trgm ON public.origin_translations USING gin (name gin_trgm_ops)""}"
10_INDEX,public.idx_origins_featured,"{""index"":""idx_origins_featured"",""table"":""origins"",""schema"":""public"",""definition"":""CREATE INDEX idx_origins_featured ON public.origins USING btree (featured_sort_order) WHERE ((is_featured = true) AND (is_active = true) AND (deleted_at IS NULL))""}"
10_INDEX,public.idx_regions_origin,"{""index"":""idx_regions_origin"",""table"":""regions"",""schema"":""public"",""definition"":""CREATE INDEX idx_regions_origin ON public.regions USING btree (origin_id)""}"
10_INDEX,public.idx_site_page_sections_page_order,"{""index"":""idx_site_page_sections_page_order"",""table"":""site_page_sections"",""schema"":""public"",""definition"":""CREATE INDEX idx_site_page_sections_page_order ON public.site_page_sections USING btree (page_id, sort_order)""}"
10_INDEX,public.idx_site_page_translations_locale,"{""index"":""idx_site_page_translations_locale"",""table"":""site_page_translations"",""schema"":""public"",""definition"":""CREATE INDEX idx_site_page_translations_locale ON public.site_page_translations USING btree (locale)""}"
10_INDEX,public.idx_site_pages_status_published,"{""index"":""idx_site_pages_status_published"",""table"":""site_pages"",""schema"":""public"",""definition"":""CREATE INDEX idx_site_pages_status_published ON public.site_pages USING btree (status, published_at DESC) WHERE (deleted_at IS NULL)""}"
10_INDEX,public.idx_site_pages_template_sort,"{""index"":""idx_site_pages_template_sort"",""table"":""site_pages"",""schema"":""public"",""definition"":""CREATE INDEX idx_site_pages_template_sort ON public.site_pages USING btree (template, sort_order) WHERE ((deleted_at IS NULL) AND (is_active = true))""}"
10_INDEX,public.idx_warehouse_translations_locale,"{""index"":""idx_warehouse_translations_locale"",""table"":""warehouse_translations"",""schema"":""public"",""definition"":""CREATE INDEX idx_warehouse_translations_locale ON public.warehouse_translations USING btree (locale)""}"
10_INDEX,public.inquiries_inquiry_number_key,"{""index"":""inquiries_inquiry_number_key"",""table"":""inquiries"",""schema"":""public"",""definition"":""CREATE UNIQUE INDEX inquiries_inquiry_number_key ON public.inquiries USING btree (inquiry_number)""}"
10_INDEX,public.inquiries_pkey,"{""index"":""inquiries_pkey"",""table"":""inquiries"",""schema"":""public"",""definition"":""CREATE UNIQUE INDEX inquiries_pkey ON public.inquiries USING btree (id)""}"
10_INDEX,public.inquiries_request_code_key,"{""index"":""inquiries_request_code_key"",""table"":""inquiries"",""schema"":""public"",""definition"":""CREATE UNIQUE INDEX inquiries_request_code_key ON public.inquiries USING btree (request_code)""}"
10_INDEX,public.inquiry_status_history_pkey,"{""index"":""inquiry_status_history_pkey"",""table"":""inquiry_status_history"",""schema"":""public"",""definition"":""CREATE UNIQUE INDEX inquiry_status_history_pkey ON public.inquiry_status_history USING btree (id)""}"
10_INDEX,public.media_pkey,"{""index"":""media_pkey"",""table"":""media"",""schema"":""public"",""definition"":""CREATE UNIQUE INDEX media_pkey ON public.media USING btree (id)""}"
10_INDEX,public.media_storage_bucket_storage_path_key,"{""index"":""media_storage_bucket_storage_path_key"",""table"":""media"",""schema"":""public"",""definition"":""CREATE UNIQUE INDEX media_storage_bucket_storage_path_key ON public.media USING btree (storage_bucket, storage_path)""}"
10_INDEX,public.media_translations_pkey,"{""index"":""media_translations_pkey"",""table"":""media_translations"",""schema"":""public"",""definition"":""CREATE UNIQUE INDEX media_translations_pkey ON public.media_translations USING btree (media_id, locale)""}"
10_INDEX,public.offer_price_tiers_offer_id_min_bags_key,"{""index"":""offer_price_tiers_offer_id_min_bags_key"",""table"":""offer_price_tiers"",""schema"":""public"",""definition"":""CREATE UNIQUE INDEX offer_price_tiers_offer_id_min_bags_key ON public.offer_price_tiers USING btree (offer_id, min_bags)""}"
10_INDEX,public.offer_price_tiers_pkey,"{""index"":""offer_price_tiers_pkey"",""table"":""offer_price_tiers"",""schema"":""public"",""definition"":""CREATE UNIQUE INDEX offer_price_tiers_pkey ON public.offer_price_tiers USING btree (id)""}"
10_INDEX,public.offer_sensory_notes_pkey,"{""index"":""offer_sensory_notes_pkey"",""table"":""offer_sensory_notes"",""schema"":""public"",""definition"":""CREATE UNIQUE INDEX offer_sensory_notes_pkey ON public.offer_sensory_notes USING btree (offer_id, sensory_note_id)""}"
10_INDEX,public.offer_tags_pkey,"{""index"":""offer_tags_pkey"",""table"":""offer_tags"",""schema"":""public"",""definition"":""CREATE UNIQUE INDEX offer_tags_pkey ON public.offer_tags USING btree (offer_id, tag_id)""}"
10_INDEX,public.origin_media_one_hero_image,"{""index"":""origin_media_one_hero_image"",""table"":""origin_media"",""schema"":""public"",""definition"":""CREATE UNIQUE INDEX origin_media_one_hero_image ON public.origin_media USING btree (origin_id) WHERE (role = 'HERO'::text)""}"
10_INDEX,public.origin_media_pkey,"{""index"":""origin_media_pkey"",""table"":""origin_media"",""schema"":""public"",""definition"":""CREATE UNIQUE INDEX origin_media_pkey ON public.origin_media USING btree (origin_id, media_id)""}"
10_INDEX,public.origin_translations_pkey,"{""index"":""origin_translations_pkey"",""table"":""origin_translations"",""schema"":""public"",""definition"":""CREATE UNIQUE INDEX origin_translations_pkey ON public.origin_translations USING btree (origin_id, locale)""}"
10_INDEX,public.origins_pkey,"{""index"":""origins_pkey"",""table"":""origins"",""schema"":""public"",""definition"":""CREATE UNIQUE INDEX origins_pkey ON public.origins USING btree (id)""}"
10_INDEX,public.origins_slug_key,"{""index"":""origins_slug_key"",""table"":""origins"",""schema"":""public"",""definition"":""CREATE UNIQUE INDEX origins_slug_key ON public.origins USING btree (slug)""}"
10_INDEX,public.packaging_type_translations_pkey,"{""index"":""packaging_type_translations_pkey"",""table"":""packaging_type_translations"",""schema"":""public"",""definition"":""CREATE UNIQUE INDEX packaging_type_translations_pkey ON public.packaging_type_translations USING btree (packaging_type_id, locale)""}"
10_INDEX,public.packaging_types_pkey,"{""index"":""packaging_types_pkey"",""table"":""packaging_types"",""schema"":""public"",""definition"":""CREATE UNIQUE INDEX packaging_types_pkey ON public.packaging_types USING btree (id)""}"
10_INDEX,public.packaging_types_slug_key,"{""index"":""packaging_types_slug_key"",""table"":""packaging_types"",""schema"":""public"",""definition"":""CREATE UNIQUE INDEX packaging_types_slug_key ON public.packaging_types USING btree (slug)""}"
10_INDEX,public.processing_method_translations_pkey,"{""index"":""processing_method_translations_pkey"",""table"":""processing_method_translations"",""schema"":""public"",""definition"":""CREATE UNIQUE INDEX processing_method_translations_pkey ON public.processing_method_translations USING btree (processing_method_id, locale)""}"
10_INDEX,public.processing_methods_pkey,"{""index"":""processing_methods_pkey"",""table"":""processing_methods"",""schema"":""public"",""definition"":""CREATE UNIQUE INDEX processing_methods_pkey ON public.processing_methods USING btree (id)""}"
10_INDEX,public.processing_methods_slug_key,"{""index"":""processing_methods_slug_key"",""table"":""processing_methods"",""schema"":""public"",""definition"":""CREATE UNIQUE INDEX processing_methods_slug_key ON public.processing_methods USING btree (slug)""}"
10_INDEX,public.profiles_pkey,"{""index"":""profiles_pkey"",""table"":""profiles"",""schema"":""public"",""definition"":""CREATE UNIQUE INDEX profiles_pkey ON public.profiles USING btree (id)""}"
10_INDEX,public.region_translations_pkey,"{""index"":""region_translations_pkey"",""table"":""region_translations"",""schema"":""public"",""definition"":""CREATE UNIQUE INDEX region_translations_pkey ON public.region_translations USING btree (region_id, locale)""}"
10_INDEX,public.regions_origin_id_slug_key,"{""index"":""regions_origin_id_slug_key"",""table"":""regions"",""schema"":""public"",""definition"":""CREATE UNIQUE INDEX regions_origin_id_slug_key ON public.regions USING btree (origin_id, slug)""}"
10_INDEX,public.regions_pkey,"{""index"":""regions_pkey"",""table"":""regions"",""schema"":""public"",""definition"":""CREATE UNIQUE INDEX regions_pkey ON public.regions USING btree (id)""}"
10_INDEX,public.sensory_note_translations_pkey,"{""index"":""sensory_note_translations_pkey"",""table"":""sensory_note_translations"",""schema"":""public"",""definition"":""CREATE UNIQUE INDEX sensory_note_translations_pkey ON public.sensory_note_translations USING btree (sensory_note_id, locale)""}"
10_INDEX,public.sensory_notes_pkey,"{""index"":""sensory_notes_pkey"",""table"":""sensory_notes"",""schema"":""public"",""definition"":""CREATE UNIQUE INDEX sensory_notes_pkey ON public.sensory_notes USING btree (id)""}"
10_INDEX,public.sensory_notes_slug_key,"{""index"":""sensory_notes_slug_key"",""table"":""sensory_notes"",""schema"":""public"",""definition"":""CREATE UNIQUE INDEX sensory_notes_slug_key ON public.sensory_notes USING btree (slug)""}"
10_INDEX,public.site_page_section_translations_pkey,"{""index"":""site_page_section_translations_pkey"",""table"":""site_page_section_translations"",""schema"":""public"",""definition"":""CREATE UNIQUE INDEX site_page_section_translations_pkey ON public.site_page_section_translations USING btree (section_id, locale)""}"
10_INDEX,public.site_page_sections_page_key_unique,"{""index"":""site_page_sections_page_key_unique"",""table"":""site_page_sections"",""schema"":""public"",""definition"":""CREATE UNIQUE INDEX site_page_sections_page_key_unique ON public.site_page_sections USING btree (page_id, section_key)""}"
10_INDEX,public.site_page_sections_pkey,"{""index"":""site_page_sections_pkey"",""table"":""site_page_sections"",""schema"":""public"",""definition"":""CREATE UNIQUE INDEX site_page_sections_pkey ON public.site_page_sections USING btree (id)""}"
10_INDEX,public.site_page_translations_pkey,"{""index"":""site_page_translations_pkey"",""table"":""site_page_translations"",""schema"":""public"",""definition"":""CREATE UNIQUE INDEX site_page_translations_pkey ON public.site_page_translations USING btree (page_id, locale)""}"
10_INDEX,public.site_pages_page_key_key,"{""index"":""site_pages_page_key_key"",""table"":""site_pages"",""schema"":""public"",""definition"":""CREATE UNIQUE INDEX site_pages_page_key_key ON public.site_pages USING btree (page_key)""}"
10_INDEX,public.site_pages_pkey,"{""index"":""site_pages_pkey"",""table"":""site_pages"",""schema"":""public"",""definition"":""CREATE UNIQUE INDEX site_pages_pkey ON public.site_pages USING btree (id)""}"
10_INDEX,public.site_pages_route_path_key,"{""index"":""site_pages_route_path_key"",""table"":""site_pages"",""schema"":""public"",""definition"":""CREATE UNIQUE INDEX site_pages_route_path_key ON public.site_pages USING btree (route_path)""}"
10_INDEX,public.site_settings_pkey,"{""index"":""site_settings_pkey"",""table"":""site_settings"",""schema"":""public"",""definition"":""CREATE UNIQUE INDEX site_settings_pkey ON public.site_settings USING btree (id)""}"
10_INDEX,public.site_settings_translations_pkey,"{""index"":""site_settings_translations_pkey"",""table"":""site_settings_translations"",""schema"":""public"",""definition"":""CREATE UNIQUE INDEX site_settings_translations_pkey ON public.site_settings_translations USING btree (settings_id, locale)""}"
10_INDEX,public.tag_translations_pkey,"{""index"":""tag_translations_pkey"",""table"":""tag_translations"",""schema"":""public"",""definition"":""CREATE UNIQUE INDEX tag_translations_pkey ON public.tag_translations USING btree (tag_id, locale)""}"
10_INDEX,public.tags_pkey,"{""index"":""tags_pkey"",""table"":""tags"",""schema"":""public"",""definition"":""CREATE UNIQUE INDEX tags_pkey ON public.tags USING btree (id)""}"
10_INDEX,public.tags_slug_key,"{""index"":""tags_slug_key"",""table"":""tags"",""schema"":""public"",""definition"":""CREATE UNIQUE INDEX tags_slug_key ON public.tags USING btree (slug)""}"
10_INDEX,public.varieties_pkey,"{""index"":""varieties_pkey"",""table"":""varieties"",""schema"":""public"",""definition"":""CREATE UNIQUE INDEX varieties_pkey ON public.varieties USING btree (id)""}"
10_INDEX,public.varieties_slug_key,"{""index"":""varieties_slug_key"",""table"":""varieties"",""schema"":""public"",""definition"":""CREATE UNIQUE INDEX varieties_slug_key ON public.varieties USING btree (slug)""}"
10_INDEX,public.warehouse_translations_pkey,"{""index"":""warehouse_translations_pkey"",""table"":""warehouse_translations"",""schema"":""public"",""definition"":""CREATE UNIQUE INDEX warehouse_translations_pkey ON public.warehouse_translations USING btree (warehouse_id, locale)""}"
10_INDEX,public.warehouses_code_key,"{""index"":""warehouses_code_key"",""table"":""warehouses"",""schema"":""public"",""definition"":""CREATE UNIQUE INDEX warehouses_code_key ON public.warehouses USING btree (code)""}"
10_INDEX,public.warehouses_pkey,"{""index"":""warehouses_pkey"",""table"":""warehouses"",""schema"":""public"",""definition"":""CREATE UNIQUE INDEX warehouses_pkey ON public.warehouses USING btree (id)""}"
10_INDEX,storage.bname,"{""index"":""bname"",""table"":""buckets"",""schema"":""storage"",""definition"":""CREATE UNIQUE INDEX bname ON storage.buckets USING btree (name)""}"
10_INDEX,storage.bucketid_objname,"{""index"":""bucketid_objname"",""table"":""objects"",""schema"":""storage"",""definition"":""CREATE UNIQUE INDEX bucketid_objname ON storage.objects USING btree (bucket_id, name)""}"
10_INDEX,storage.buckets_pkey,"{""index"":""buckets_pkey"",""table"":""buckets"",""schema"":""storage"",""definition"":""CREATE UNIQUE INDEX buckets_pkey ON storage.buckets USING btree (id)""}"
10_INDEX,storage.idx_objects_bucket_id_name,"{""index"":""idx_objects_bucket_id_name"",""table"":""objects"",""schema"":""storage"",""definition"":""CREATE INDEX idx_objects_bucket_id_name ON storage.objects USING btree (bucket_id, name COLLATE \""C\"")""}"
10_INDEX,storage.idx_objects_bucket_id_name_lower,"{""index"":""idx_objects_bucket_id_name_lower"",""table"":""objects"",""schema"":""storage"",""definition"":""CREATE INDEX idx_objects_bucket_id_name_lower ON storage.objects USING btree (bucket_id, lower(name) COLLATE \""C\"")""}"
10_INDEX,storage.name_prefix_search,"{""index"":""name_prefix_search"",""table"":""objects"",""schema"":""storage"",""definition"":""CREATE INDEX name_prefix_search ON storage.objects USING btree (name text_pattern_ops)""}"
10_INDEX,storage.objects_pkey,"{""index"":""objects_pkey"",""table"":""objects"",""schema"":""storage"",""definition"":""CREATE UNIQUE INDEX objects_pkey ON storage.objects USING btree (id)""}"
11_RLS_POLICY,public.article_categories.hills_article_categories_admin,"{""roles"":[""authenticated""],""table"":""article_categories"",""policy"":""hills_article_categories_admin"",""schema"":""public"",""command"":""ALL"",""permissive"":""PERMISSIVE"",""using_expression"":""is_admin()"",""with_check_expression"":""is_admin()""}"
11_RLS_POLICY,public.article_categories.hills_article_categories_public,"{""roles"":[""anon"",""authenticated""],""table"":""article_categories"",""policy"":""hills_article_categories_public"",""schema"":""public"",""command"":""SELECT"",""permissive"":""PERMISSIVE"",""using_expression"":""(is_active = true)"",""with_check_expression"":null}"
11_RLS_POLICY,public.article_category_translations.hills_article_category_translations_admin,"{""roles"":[""authenticated""],""table"":""article_category_translations"",""policy"":""hills_article_category_translations_admin"",""schema"":""public"",""command"":""ALL"",""permissive"":""PERMISSIVE"",""using_expression"":""is_admin()"",""with_check_expression"":""is_admin()""}"
11_RLS_POLICY,public.article_category_translations.hills_article_category_translations_public,"{""roles"":[""anon"",""authenticated""],""table"":""article_category_translations"",""policy"":""hills_article_category_translations_public"",""schema"":""public"",""command"":""SELECT"",""permissive"":""PERMISSIVE"",""using_expression"":""(EXISTS ( SELECT 1\n   FROM article_categories c\n  WHERE ((c.id = article_category_translations.category_id) AND (c.is_active = true))))"",""with_check_expression"":null}"
11_RLS_POLICY,public.article_translations.hills_article_translations_admin,"{""roles"":[""authenticated""],""table"":""article_translations"",""policy"":""hills_article_translations_admin"",""schema"":""public"",""command"":""ALL"",""permissive"":""PERMISSIVE"",""using_expression"":""is_admin()"",""with_check_expression"":""is_admin()""}"
11_RLS_POLICY,public.article_translations.hills_article_translations_public,"{""roles"":[""anon"",""authenticated""],""table"":""article_translations"",""policy"":""hills_article_translations_public"",""schema"":""public"",""command"":""SELECT"",""permissive"":""PERMISSIVE"",""using_expression"":""(EXISTS ( SELECT 1\n   FROM articles a\n  WHERE ((a.id = article_translations.article_id) AND (a.status = 'PUBLISHED'::article_status) AND (a.deleted_at IS NULL) AND (a.published_at <= now()))))"",""with_check_expression"":null}"
11_RLS_POLICY,public.articles.hills_articles_admin,"{""roles"":[""authenticated""],""table"":""articles"",""policy"":""hills_articles_admin"",""schema"":""public"",""command"":""ALL"",""permissive"":""PERMISSIVE"",""using_expression"":""is_admin()"",""with_check_expression"":""is_admin()""}"
11_RLS_POLICY,public.articles.hills_articles_public,"{""roles"":[""anon"",""authenticated""],""table"":""articles"",""policy"":""hills_articles_public"",""schema"":""public"",""command"":""SELECT"",""permissive"":""PERMISSIVE"",""using_expression"":""((status = 'PUBLISHED'::article_status) AND (deleted_at IS NULL) AND (published_at <= now()))"",""with_check_expression"":null}"
11_RLS_POLICY,public.audit_logs.hills_audit_admin_select,"{""roles"":[""authenticated""],""table"":""audit_logs"",""policy"":""hills_audit_admin_select"",""schema"":""public"",""command"":""SELECT"",""permissive"":""PERMISSIVE"",""using_expression"":""is_admin()"",""with_check_expression"":null}"
11_RLS_POLICY,public.certification_translations.hills_certification_translations_admin,"{""roles"":[""authenticated""],""table"":""certification_translations"",""policy"":""hills_certification_translations_admin"",""schema"":""public"",""command"":""ALL"",""permissive"":""PERMISSIVE"",""using_expression"":""is_admin()"",""with_check_expression"":""is_admin()""}"
11_RLS_POLICY,public.certification_translations.hills_certification_translations_public,"{""roles"":[""anon"",""authenticated""],""table"":""certification_translations"",""policy"":""hills_certification_translations_public"",""schema"":""public"",""command"":""SELECT"",""permissive"":""PERMISSIVE"",""using_expression"":""(EXISTS ( SELECT 1\n   FROM certifications c\n  WHERE ((c.id = certification_translations.certification_id) AND (c.is_active = true))))"",""with_check_expression"":null}"
11_RLS_POLICY,public.certifications.hills_certifications_admin,"{""roles"":[""authenticated""],""table"":""certifications"",""policy"":""hills_certifications_admin"",""schema"":""public"",""command"":""ALL"",""permissive"":""PERMISSIVE"",""using_expression"":""is_admin()"",""with_check_expression"":""is_admin()""}"
11_RLS_POLICY,public.certifications.hills_certifications_public,"{""roles"":[""anon"",""authenticated""],""table"":""certifications"",""policy"":""hills_certifications_public"",""schema"":""public"",""command"":""SELECT"",""permissive"":""PERMISSIVE"",""using_expression"":""(is_active = true)"",""with_check_expression"":null}"
11_RLS_POLICY,public.coffee_certifications.hills_coffee_certifications_admin,"{""roles"":[""authenticated""],""table"":""coffee_certifications"",""policy"":""hills_coffee_certifications_admin"",""schema"":""public"",""command"":""ALL"",""permissive"":""PERMISSIVE"",""using_expression"":""is_admin()"",""with_check_expression"":""is_admin()""}"
11_RLS_POLICY,public.coffee_certifications.hills_coffee_certifications_public,"{""roles"":[""anon"",""authenticated""],""table"":""coffee_certifications"",""policy"":""hills_coffee_certifications_public"",""schema"":""public"",""command"":""SELECT"",""permissive"":""PERMISSIVE"",""using_expression"":""(EXISTS ( SELECT 1\n   FROM coffees c\n  WHERE ((c.id = coffee_certifications.coffee_id) AND (c.status = 'PUBLISHED'::coffee_status) AND (c.deleted_at IS NULL))))"",""with_check_expression"":null}"
11_RLS_POLICY,public.coffee_media.hills_coffee_media_admin,"{""roles"":[""authenticated""],""table"":""coffee_media"",""policy"":""hills_coffee_media_admin"",""schema"":""public"",""command"":""ALL"",""permissive"":""PERMISSIVE"",""using_expression"":""is_admin()"",""with_check_expression"":""is_admin()""}"
11_RLS_POLICY,public.coffee_media.hills_coffee_media_public,"{""roles"":[""anon"",""authenticated""],""table"":""coffee_media"",""policy"":""hills_coffee_media_public"",""schema"":""public"",""command"":""SELECT"",""permissive"":""PERMISSIVE"",""using_expression"":""(EXISTS ( SELECT 1\n   FROM coffees c\n  WHERE ((c.id = coffee_media.coffee_id) AND (c.status = 'PUBLISHED'::coffee_status) AND (c.deleted_at IS NULL))))"",""with_check_expression"":null}"
11_RLS_POLICY,public.coffee_offers.hills_offers_admin,"{""roles"":[""authenticated""],""table"":""coffee_offers"",""policy"":""hills_offers_admin"",""schema"":""public"",""command"":""ALL"",""permissive"":""PERMISSIVE"",""using_expression"":""is_admin()"",""with_check_expression"":""is_admin()""}"
11_RLS_POLICY,public.coffee_offers.hills_offers_public,"{""roles"":[""anon"",""authenticated""],""table"":""coffee_offers"",""policy"":""hills_offers_public"",""schema"":""public"",""command"":""SELECT"",""permissive"":""PERMISSIVE"",""using_expression"":""((is_visible = true) AND (deleted_at IS NULL) AND (status <> 'INACTIVE'::offer_status) AND (EXISTS ( SELECT 1\n   FROM coffees c\n  WHERE ((c.id = coffee_offers.coffee_id) AND (c.status = 'PUBLISHED'::coffee_status) AND (c.deleted_at IS NULL)))))"",""with_check_expression"":null}"
11_RLS_POLICY,public.coffee_tags.hills_coffee_tags_admin,"{""roles"":[""authenticated""],""table"":""coffee_tags"",""policy"":""hills_coffee_tags_admin"",""schema"":""public"",""command"":""ALL"",""permissive"":""PERMISSIVE"",""using_expression"":""is_admin()"",""with_check_expression"":""is_admin()""}"
11_RLS_POLICY,public.coffee_tags.hills_coffee_tags_public,"{""roles"":[""anon"",""authenticated""],""table"":""coffee_tags"",""policy"":""hills_coffee_tags_public"",""schema"":""public"",""command"":""SELECT"",""permissive"":""PERMISSIVE"",""using_expression"":""(EXISTS ( SELECT 1\n   FROM coffees c\n  WHERE ((c.id = coffee_tags.coffee_id) AND (c.status = 'PUBLISHED'::coffee_status) AND (c.deleted_at IS NULL))))"",""with_check_expression"":null}"
11_RLS_POLICY,public.coffee_translations.hills_coffee_translations_admin,"{""roles"":[""authenticated""],""table"":""coffee_translations"",""policy"":""hills_coffee_translations_admin"",""schema"":""public"",""command"":""ALL"",""permissive"":""PERMISSIVE"",""using_expression"":""is_admin()"",""with_check_expression"":""is_admin()""}"
11_RLS_POLICY,public.coffee_translations.hills_coffee_translations_public,"{""roles"":[""anon"",""authenticated""],""table"":""coffee_translations"",""policy"":""hills_coffee_translations_public"",""schema"":""public"",""command"":""SELECT"",""permissive"":""PERMISSIVE"",""using_expression"":""(EXISTS ( SELECT 1\n   FROM coffees c\n  WHERE ((c.id = coffee_translations.coffee_id) AND (c.status = 'PUBLISHED'::coffee_status) AND (c.deleted_at IS NULL))))"",""with_check_expression"":null}"
11_RLS_POLICY,public.coffee_type_translations.hills_coffee_type_translations_admin_all,"{""roles"":[""authenticated""],""table"":""coffee_type_translations"",""policy"":""hills_coffee_type_translations_admin_all"",""schema"":""public"",""command"":""ALL"",""permissive"":""PERMISSIVE"",""using_expression"":""is_admin()"",""with_check_expression"":""is_admin()""}"
11_RLS_POLICY,public.coffee_type_translations.hills_coffee_type_translations_public_select,"{""roles"":[""anon"",""authenticated""],""table"":""coffee_type_translations"",""policy"":""hills_coffee_type_translations_public_select"",""schema"":""public"",""command"":""SELECT"",""permissive"":""PERMISSIVE"",""using_expression"":""(EXISTS ( SELECT 1\n   FROM coffee_types t\n  WHERE ((t.id = coffee_type_translations.coffee_type_id) AND (t.is_active = true))))"",""with_check_expression"":null}"
11_RLS_POLICY,public.coffee_types.hills_coffee_types_admin_all,"{""roles"":[""authenticated""],""table"":""coffee_types"",""policy"":""hills_coffee_types_admin_all"",""schema"":""public"",""command"":""ALL"",""permissive"":""PERMISSIVE"",""using_expression"":""is_admin()"",""with_check_expression"":""is_admin()""}"
11_RLS_POLICY,public.coffee_types.hills_coffee_types_public_select,"{""roles"":[""anon"",""authenticated""],""table"":""coffee_types"",""policy"":""hills_coffee_types_public_select"",""schema"":""public"",""command"":""SELECT"",""permissive"":""PERMISSIVE"",""using_expression"":""(is_active = true)"",""with_check_expression"":null}"
11_RLS_POLICY,public.coffee_varieties.hills_coffee_varieties_admin,"{""roles"":[""authenticated""],""table"":""coffee_varieties"",""policy"":""hills_coffee_varieties_admin"",""schema"":""public"",""command"":""ALL"",""permissive"":""PERMISSIVE"",""using_expression"":""is_admin()"",""with_check_expression"":""is_admin()""}"
11_RLS_POLICY,public.coffee_varieties.hills_coffee_varieties_public,"{""roles"":[""anon"",""authenticated""],""table"":""coffee_varieties"",""policy"":""hills_coffee_varieties_public"",""schema"":""public"",""command"":""SELECT"",""permissive"":""PERMISSIVE"",""using_expression"":""(EXISTS ( SELECT 1\n   FROM coffees c\n  WHERE ((c.id = coffee_varieties.coffee_id) AND (c.status = 'PUBLISHED'::coffee_status) AND (c.deleted_at IS NULL))))"",""with_check_expression"":null}"
11_RLS_POLICY,public.coffees.hills_coffees_admin,"{""roles"":[""authenticated""],""table"":""coffees"",""policy"":""hills_coffees_admin"",""schema"":""public"",""command"":""ALL"",""permissive"":""PERMISSIVE"",""using_expression"":""is_admin()"",""with_check_expression"":""is_admin()""}"
11_RLS_POLICY,public.coffees.hills_coffees_public,"{""roles"":[""anon"",""authenticated""],""table"":""coffees"",""policy"":""hills_coffees_public"",""schema"":""public"",""command"":""SELECT"",""permissive"":""PERMISSIVE"",""using_expression"":""((status = 'PUBLISHED'::coffee_status) AND (deleted_at IS NULL))"",""with_check_expression"":null}"
11_RLS_POLICY,public.favorites.hills_favorites_admin_select,"{""roles"":[""authenticated""],""table"":""favorites"",""policy"":""hills_favorites_admin_select"",""schema"":""public"",""command"":""SELECT"",""permissive"":""PERMISSIVE"",""using_expression"":""is_admin()"",""with_check_expression"":null}"
11_RLS_POLICY,public.favorites.hills_favorites_delete_own,"{""roles"":[""authenticated""],""table"":""favorites"",""policy"":""hills_favorites_delete_own"",""schema"":""public"",""command"":""DELETE"",""permissive"":""PERMISSIVE"",""using_expression"":""(user_id = auth.uid())"",""with_check_expression"":null}"
11_RLS_POLICY,public.favorites.hills_favorites_insert_own,"{""roles"":[""authenticated""],""table"":""favorites"",""policy"":""hills_favorites_insert_own"",""schema"":""public"",""command"":""INSERT"",""permissive"":""PERMISSIVE"",""using_expression"":null,""with_check_expression"":""((user_id = auth.uid()) AND is_email_verified() AND (EXISTS ( SELECT 1\n   FROM coffees c\n  WHERE ((c.id = favorites.coffee_id) AND (c.status = 'PUBLISHED'::coffee_status) AND (c.deleted_at IS NULL)))))""}"
11_RLS_POLICY,public.favorites.hills_favorites_select_own,"{""roles"":[""authenticated""],""table"":""favorites"",""policy"":""hills_favorites_select_own"",""schema"":""public"",""command"":""SELECT"",""permissive"":""PERMISSIVE"",""using_expression"":""(user_id = auth.uid())"",""with_check_expression"":null}"
11_RLS_POLICY,public.inquiries.hills_inquiries_admin_select,"{""roles"":[""authenticated""],""table"":""inquiries"",""policy"":""hills_inquiries_admin_select"",""schema"":""public"",""command"":""SELECT"",""permissive"":""PERMISSIVE"",""using_expression"":""is_admin()"",""with_check_expression"":null}"
11_RLS_POLICY,public.inquiries.hills_inquiries_admin_update,"{""roles"":[""authenticated""],""table"":""inquiries"",""policy"":""hills_inquiries_admin_update"",""schema"":""public"",""command"":""UPDATE"",""permissive"":""PERMISSIVE"",""using_expression"":""is_admin()"",""with_check_expression"":""is_admin()""}"
11_RLS_POLICY,public.inquiries.hills_inquiries_insert_verified,"{""roles"":[""authenticated""],""table"":""inquiries"",""policy"":""hills_inquiries_insert_verified"",""schema"":""public"",""command"":""INSERT"",""permissive"":""PERMISSIVE"",""using_expression"":null,""with_check_expression"":""((user_id = auth.uid()) AND is_email_verified() AND (status = 'NEW'::inquiry_status) AND ((type = 'GENERAL'::inquiry_type) OR ((type = ANY (ARRAY['PRODUCT'::inquiry_type, 'SAMPLE_REQUEST'::inquiry_type])) AND (coffee_id IS NOT NULL))) AND ((offer_id IS NULL) OR (EXISTS ( SELECT 1\n   FROM coffee_offers o\n  WHERE ((o.id = inquiries.offer_id) AND (o.coffee_id = inquiries.coffee_id) AND (o.deleted_at IS NULL))))))""}"
11_RLS_POLICY,public.inquiries.hills_inquiries_select_own,"{""roles"":[""authenticated""],""table"":""inquiries"",""policy"":""hills_inquiries_select_own"",""schema"":""public"",""command"":""SELECT"",""permissive"":""PERMISSIVE"",""using_expression"":""(user_id = auth.uid())"",""with_check_expression"":null}"
11_RLS_POLICY,public.inquiry_status_history.hills_inquiry_history_admin,"{""roles"":[""authenticated""],""table"":""inquiry_status_history"",""policy"":""hills_inquiry_history_admin"",""schema"":""public"",""command"":""SELECT"",""permissive"":""PERMISSIVE"",""using_expression"":""is_admin()"",""with_check_expression"":null}"
11_RLS_POLICY,public.inquiry_status_history.hills_inquiry_history_select_own,"{""roles"":[""authenticated""],""table"":""inquiry_status_history"",""policy"":""hills_inquiry_history_select_own"",""schema"":""public"",""command"":""SELECT"",""permissive"":""PERMISSIVE"",""using_expression"":""(EXISTS ( SELECT 1\n   FROM inquiries i\n  WHERE ((i.id = inquiry_status_history.inquiry_id) AND (i.user_id = auth.uid()))))"",""with_check_expression"":null}"
11_RLS_POLICY,public.media.hills_media_admin,"{""roles"":[""authenticated""],""table"":""media"",""policy"":""hills_media_admin"",""schema"":""public"",""command"":""ALL"",""permissive"":""PERMISSIVE"",""using_expression"":""is_admin()"",""with_check_expression"":""is_admin()""}"
11_RLS_POLICY,public.media.hills_media_public,"{""roles"":[""anon"",""authenticated""],""table"":""media"",""policy"":""hills_media_public"",""schema"":""public"",""command"":""SELECT"",""permissive"":""PERMISSIVE"",""using_expression"":""((is_public = true) AND (deleted_at IS NULL))"",""with_check_expression"":null}"
11_RLS_POLICY,public.media_translations.hills_media_translations_admin,"{""roles"":[""authenticated""],""table"":""media_translations"",""policy"":""hills_media_translations_admin"",""schema"":""public"",""command"":""ALL"",""permissive"":""PERMISSIVE"",""using_expression"":""is_admin()"",""with_check_expression"":""is_admin()""}"
11_RLS_POLICY,public.media_translations.hills_media_translations_public,"{""roles"":[""anon"",""authenticated""],""table"":""media_translations"",""policy"":""hills_media_translations_public"",""schema"":""public"",""command"":""SELECT"",""permissive"":""PERMISSIVE"",""using_expression"":""(EXISTS ( SELECT 1\n   FROM media m\n  WHERE ((m.id = media_translations.media_id) AND (m.is_public = true) AND (m.deleted_at IS NULL))))"",""with_check_expression"":null}"
11_RLS_POLICY,public.offer_price_tiers.hills_price_tiers_admin,"{""roles"":[""authenticated""],""table"":""offer_price_tiers"",""policy"":""hills_price_tiers_admin"",""schema"":""public"",""command"":""ALL"",""permissive"":""PERMISSIVE"",""using_expression"":""is_admin()"",""with_check_expression"":""is_admin()""}"
11_RLS_POLICY,public.offer_price_tiers.hills_price_tiers_verified_users,"{""roles"":[""authenticated""],""table"":""offer_price_tiers"",""policy"":""hills_price_tiers_verified_users"",""schema"":""public"",""command"":""SELECT"",""permissive"":""PERMISSIVE"",""using_expression"":""(is_email_verified() AND (EXISTS ( SELECT 1\n   FROM (coffee_offers o\n     JOIN coffees c ON ((c.id = o.coffee_id)))\n  WHERE ((o.id = offer_price_tiers.offer_id) AND (o.is_visible = true) AND (o.deleted_at IS NULL) AND (o.status <> 'INACTIVE'::offer_status) AND (c.status = 'PUBLISHED'::coffee_status) AND (c.deleted_at IS NULL)))))"",""with_check_expression"":null}"
11_RLS_POLICY,public.offer_sensory_notes.hills_offer_sensory_admin,"{""roles"":[""authenticated""],""table"":""offer_sensory_notes"",""policy"":""hills_offer_sensory_admin"",""schema"":""public"",""command"":""ALL"",""permissive"":""PERMISSIVE"",""using_expression"":""is_admin()"",""with_check_expression"":""is_admin()""}"
11_RLS_POLICY,public.offer_sensory_notes.hills_offer_sensory_public,"{""roles"":[""anon"",""authenticated""],""table"":""offer_sensory_notes"",""policy"":""hills_offer_sensory_public"",""schema"":""public"",""command"":""SELECT"",""permissive"":""PERMISSIVE"",""using_expression"":""(EXISTS ( SELECT 1\n   FROM (coffee_offers o\n     JOIN coffees c ON ((c.id = o.coffee_id)))\n  WHERE ((o.id = offer_sensory_notes.offer_id) AND (o.is_visible = true) AND (o.deleted_at IS NULL) AND (c.status = 'PUBLISHED'::coffee_status) AND (c.deleted_at IS NULL))))"",""with_check_expression"":null}"
11_RLS_POLICY,public.offer_tags.hills_offer_tags_admin,"{""roles"":[""authenticated""],""table"":""offer_tags"",""policy"":""hills_offer_tags_admin"",""schema"":""public"",""command"":""ALL"",""permissive"":""PERMISSIVE"",""using_expression"":""is_admin()"",""with_check_expression"":""is_admin()""}"
11_RLS_POLICY,public.offer_tags.hills_offer_tags_public,"{""roles"":[""anon"",""authenticated""],""table"":""offer_tags"",""policy"":""hills_offer_tags_public"",""schema"":""public"",""command"":""SELECT"",""permissive"":""PERMISSIVE"",""using_expression"":""(EXISTS ( SELECT 1\n   FROM (coffee_offers o\n     JOIN coffees c ON ((c.id = o.coffee_id)))\n  WHERE ((o.id = offer_tags.offer_id) AND (o.is_visible = true) AND (o.deleted_at IS NULL) AND (c.status = 'PUBLISHED'::coffee_status) AND (c.deleted_at IS NULL))))"",""with_check_expression"":null}"
11_RLS_POLICY,public.origin_media.hills_origin_media_admin,"{""roles"":[""authenticated""],""table"":""origin_media"",""policy"":""hills_origin_media_admin"",""schema"":""public"",""command"":""ALL"",""permissive"":""PERMISSIVE"",""using_expression"":""is_admin()"",""with_check_expression"":""is_admin()""}"
11_RLS_POLICY,public.origin_media.hills_origin_media_public,"{""roles"":[""anon"",""authenticated""],""table"":""origin_media"",""policy"":""hills_origin_media_public"",""schema"":""public"",""command"":""SELECT"",""permissive"":""PERMISSIVE"",""using_expression"":""(EXISTS ( SELECT 1\n   FROM origins o\n  WHERE ((o.id = origin_media.origin_id) AND (o.is_active = true) AND (o.deleted_at IS NULL))))"",""with_check_expression"":null}"
11_RLS_POLICY,public.origin_translations.hills_origin_translations_admin_all,"{""roles"":[""authenticated""],""table"":""origin_translations"",""policy"":""hills_origin_translations_admin_all"",""schema"":""public"",""command"":""ALL"",""permissive"":""PERMISSIVE"",""using_expression"":""is_admin()"",""with_check_expression"":""is_admin()""}"
11_RLS_POLICY,public.origin_translations.hills_origin_translations_public_select,"{""roles"":[""anon"",""authenticated""],""table"":""origin_translations"",""policy"":""hills_origin_translations_public_select"",""schema"":""public"",""command"":""SELECT"",""permissive"":""PERMISSIVE"",""using_expression"":""(EXISTS ( SELECT 1\n   FROM origins o\n  WHERE ((o.id = origin_translations.origin_id) AND (o.is_active = true) AND (o.deleted_at IS NULL))))"",""with_check_expression"":null}"
11_RLS_POLICY,public.origins.hills_origins_admin_all,"{""roles"":[""authenticated""],""table"":""origins"",""policy"":""hills_origins_admin_all"",""schema"":""public"",""command"":""ALL"",""permissive"":""PERMISSIVE"",""using_expression"":""is_admin()"",""with_check_expression"":""is_admin()""}"
11_RLS_POLICY,public.origins.hills_origins_public_select,"{""roles"":[""anon"",""authenticated""],""table"":""origins"",""policy"":""hills_origins_public_select"",""schema"":""public"",""command"":""SELECT"",""permissive"":""PERMISSIVE"",""using_expression"":""((is_active = true) AND (deleted_at IS NULL))"",""with_check_expression"":null}"
11_RLS_POLICY,public.packaging_type_translations.hills_packaging_translations_admin,"{""roles"":[""authenticated""],""table"":""packaging_type_translations"",""policy"":""hills_packaging_translations_admin"",""schema"":""public"",""command"":""ALL"",""permissive"":""PERMISSIVE"",""using_expression"":""is_admin()"",""with_check_expression"":""is_admin()""}"
11_RLS_POLICY,public.packaging_type_translations.hills_packaging_translations_public,"{""roles"":[""anon"",""authenticated""],""table"":""packaging_type_translations"",""policy"":""hills_packaging_translations_public"",""schema"":""public"",""command"":""SELECT"",""permissive"":""PERMISSIVE"",""using_expression"":""(EXISTS ( SELECT 1\n   FROM packaging_types p\n  WHERE ((p.id = packaging_type_translations.packaging_type_id) AND (p.is_active = true))))"",""with_check_expression"":null}"
11_RLS_POLICY,public.packaging_types.hills_packaging_admin,"{""roles"":[""authenticated""],""table"":""packaging_types"",""policy"":""hills_packaging_admin"",""schema"":""public"",""command"":""ALL"",""permissive"":""PERMISSIVE"",""using_expression"":""is_admin()"",""with_check_expression"":""is_admin()""}"
11_RLS_POLICY,public.packaging_types.hills_packaging_public,"{""roles"":[""anon"",""authenticated""],""table"":""packaging_types"",""policy"":""hills_packaging_public"",""schema"":""public"",""command"":""SELECT"",""permissive"":""PERMISSIVE"",""using_expression"":""(is_active = true)"",""with_check_expression"":null}"
11_RLS_POLICY,public.processing_method_translations.hills_processing_method_translations_admin,"{""roles"":[""authenticated""],""table"":""processing_method_translations"",""policy"":""hills_processing_method_translations_admin"",""schema"":""public"",""command"":""ALL"",""permissive"":""PERMISSIVE"",""using_expression"":""is_admin()"",""with_check_expression"":""is_admin()""}"
11_RLS_POLICY,public.processing_method_translations.hills_processing_method_translations_public,"{""roles"":[""anon"",""authenticated""],""table"":""processing_method_translations"",""policy"":""hills_processing_method_translations_public"",""schema"":""public"",""command"":""SELECT"",""permissive"":""PERMISSIVE"",""using_expression"":""(EXISTS ( SELECT 1\n   FROM processing_methods p\n  WHERE ((p.id = processing_method_translations.processing_method_id) AND (p.is_active = true))))"",""with_check_expression"":null}"
11_RLS_POLICY,public.processing_methods.hills_processing_methods_admin,"{""roles"":[""authenticated""],""table"":""processing_methods"",""policy"":""hills_processing_methods_admin"",""schema"":""public"",""command"":""ALL"",""permissive"":""PERMISSIVE"",""using_expression"":""is_admin()"",""with_check_expression"":""is_admin()""}"
11_RLS_POLICY,public.processing_methods.hills_processing_methods_public,"{""roles"":[""anon"",""authenticated""],""table"":""processing_methods"",""policy"":""hills_processing_methods_public"",""schema"":""public"",""command"":""SELECT"",""permissive"":""PERMISSIVE"",""using_expression"":""(is_active = true)"",""with_check_expression"":null}"
11_RLS_POLICY,public.profiles.hills_profiles_admin_select,"{""roles"":[""authenticated""],""table"":""profiles"",""policy"":""hills_profiles_admin_select"",""schema"":""public"",""command"":""SELECT"",""permissive"":""PERMISSIVE"",""using_expression"":""is_admin()"",""with_check_expression"":null}"
11_RLS_POLICY,public.profiles.hills_profiles_select_own,"{""roles"":[""authenticated""],""table"":""profiles"",""policy"":""hills_profiles_select_own"",""schema"":""public"",""command"":""SELECT"",""permissive"":""PERMISSIVE"",""using_expression"":""(id = auth.uid())"",""with_check_expression"":null}"
11_RLS_POLICY,public.profiles.hills_profiles_update_own,"{""roles"":[""authenticated""],""table"":""profiles"",""policy"":""hills_profiles_update_own"",""schema"":""public"",""command"":""UPDATE"",""permissive"":""PERMISSIVE"",""using_expression"":""(id = auth.uid())"",""with_check_expression"":""(id = auth.uid())""}"
11_RLS_POLICY,public.region_translations.hills_region_translations_admin_all,"{""roles"":[""authenticated""],""table"":""region_translations"",""policy"":""hills_region_translations_admin_all"",""schema"":""public"",""command"":""ALL"",""permissive"":""PERMISSIVE"",""using_expression"":""is_admin()"",""with_check_expression"":""is_admin()""}"
11_RLS_POLICY,public.region_translations.hills_region_translations_public_select,"{""roles"":[""anon"",""authenticated""],""table"":""region_translations"",""policy"":""hills_region_translations_public_select"",""schema"":""public"",""command"":""SELECT"",""permissive"":""PERMISSIVE"",""using_expression"":""(EXISTS ( SELECT 1\n   FROM regions r\n  WHERE ((r.id = region_translations.region_id) AND (r.is_active = true) AND (r.deleted_at IS NULL))))"",""with_check_expression"":null}"
11_RLS_POLICY,public.regions.hills_regions_admin_all,"{""roles"":[""authenticated""],""table"":""regions"",""policy"":""hills_regions_admin_all"",""schema"":""public"",""command"":""ALL"",""permissive"":""PERMISSIVE"",""using_expression"":""is_admin()"",""with_check_expression"":""is_admin()""}"
11_RLS_POLICY,public.regions.hills_regions_public_select,"{""roles"":[""anon"",""authenticated""],""table"":""regions"",""policy"":""hills_regions_public_select"",""schema"":""public"",""command"":""SELECT"",""permissive"":""PERMISSIVE"",""using_expression"":""((is_active = true) AND (deleted_at IS NULL))"",""with_check_expression"":null}"
11_RLS_POLICY,public.sensory_note_translations.hills_sensory_translations_admin,"{""roles"":[""authenticated""],""table"":""sensory_note_translations"",""policy"":""hills_sensory_translations_admin"",""schema"":""public"",""command"":""ALL"",""permissive"":""PERMISSIVE"",""using_expression"":""is_admin()"",""with_check_expression"":""is_admin()""}"
11_RLS_POLICY,public.sensory_note_translations.hills_sensory_translations_public,"{""roles"":[""anon"",""authenticated""],""table"":""sensory_note_translations"",""policy"":""hills_sensory_translations_public"",""schema"":""public"",""command"":""SELECT"",""permissive"":""PERMISSIVE"",""using_expression"":""(EXISTS ( SELECT 1\n   FROM sensory_notes s\n  WHERE ((s.id = sensory_note_translations.sensory_note_id) AND (s.is_active = true))))"",""with_check_expression"":null}"
11_RLS_POLICY,public.sensory_notes.hills_sensory_admin,"{""roles"":[""authenticated""],""table"":""sensory_notes"",""policy"":""hills_sensory_admin"",""schema"":""public"",""command"":""ALL"",""permissive"":""PERMISSIVE"",""using_expression"":""is_admin()"",""with_check_expression"":""is_admin()""}"
11_RLS_POLICY,public.sensory_notes.hills_sensory_public,"{""roles"":[""anon"",""authenticated""],""table"":""sensory_notes"",""policy"":""hills_sensory_public"",""schema"":""public"",""command"":""SELECT"",""permissive"":""PERMISSIVE"",""using_expression"":""(is_active = true)"",""with_check_expression"":null}"
11_RLS_POLICY,public.site_page_section_translations.hills_site_page_section_translations_admin,"{""roles"":[""authenticated""],""table"":""site_page_section_translations"",""policy"":""hills_site_page_section_translations_admin"",""schema"":""public"",""command"":""ALL"",""permissive"":""PERMISSIVE"",""using_expression"":""is_admin()"",""with_check_expression"":""is_admin()""}"
11_RLS_POLICY,public.site_page_section_translations.hills_site_page_section_translations_public,"{""roles"":[""anon"",""authenticated""],""table"":""site_page_section_translations"",""policy"":""hills_site_page_section_translations_public"",""schema"":""public"",""command"":""SELECT"",""permissive"":""PERMISSIVE"",""using_expression"":""(EXISTS ( SELECT 1\n   FROM (site_page_sections s\n     JOIN site_pages p ON ((p.id = s.page_id)))\n  WHERE ((s.id = site_page_section_translations.section_id) AND (s.is_visible = true) AND (p.status = 'PUBLISHED'::article_status) AND (p.published_at IS NOT NULL) AND (p.published_at <= now()) AND (p.is_active = true) AND (p.deleted_at IS NULL))))"",""with_check_expression"":null}"
11_RLS_POLICY,public.site_page_sections.hills_site_page_sections_admin,"{""roles"":[""authenticated""],""table"":""site_page_sections"",""policy"":""hills_site_page_sections_admin"",""schema"":""public"",""command"":""ALL"",""permissive"":""PERMISSIVE"",""using_expression"":""is_admin()"",""with_check_expression"":""is_admin()""}"
11_RLS_POLICY,public.site_page_sections.hills_site_page_sections_public,"{""roles"":[""anon"",""authenticated""],""table"":""site_page_sections"",""policy"":""hills_site_page_sections_public"",""schema"":""public"",""command"":""SELECT"",""permissive"":""PERMISSIVE"",""using_expression"":""((is_visible = true) AND (EXISTS ( SELECT 1\n   FROM site_pages p\n  WHERE ((p.id = site_page_sections.page_id) AND (p.status = 'PUBLISHED'::article_status) AND (p.published_at IS NOT NULL) AND (p.published_at <= now()) AND (p.is_active = true) AND (p.deleted_at IS NULL)))))"",""with_check_expression"":null}"
11_RLS_POLICY,public.site_page_translations.hills_site_page_translations_admin,"{""roles"":[""authenticated""],""table"":""site_page_translations"",""policy"":""hills_site_page_translations_admin"",""schema"":""public"",""command"":""ALL"",""permissive"":""PERMISSIVE"",""using_expression"":""is_admin()"",""with_check_expression"":""is_admin()""}"
11_RLS_POLICY,public.site_page_translations.hills_site_page_translations_public,"{""roles"":[""anon"",""authenticated""],""table"":""site_page_translations"",""policy"":""hills_site_page_translations_public"",""schema"":""public"",""command"":""SELECT"",""permissive"":""PERMISSIVE"",""using_expression"":""(EXISTS ( SELECT 1\n   FROM site_pages p\n  WHERE ((p.id = site_page_translations.page_id) AND (p.status = 'PUBLISHED'::article_status) AND (p.published_at IS NOT NULL) AND (p.published_at <= now()) AND (p.is_active = true) AND (p.deleted_at IS NULL))))"",""with_check_expression"":null}"
11_RLS_POLICY,public.site_pages.hills_site_pages_admin,"{""roles"":[""authenticated""],""table"":""site_pages"",""policy"":""hills_site_pages_admin"",""schema"":""public"",""command"":""ALL"",""permissive"":""PERMISSIVE"",""using_expression"":""is_admin()"",""with_check_expression"":""is_admin()""}"
11_RLS_POLICY,public.site_pages.hills_site_pages_public,"{""roles"":[""anon"",""authenticated""],""table"":""site_pages"",""policy"":""hills_site_pages_public"",""schema"":""public"",""command"":""SELECT"",""permissive"":""PERMISSIVE"",""using_expression"":""((status = 'PUBLISHED'::article_status) AND (published_at IS NOT NULL) AND (published_at <= now()) AND (is_active = true) AND (deleted_at IS NULL))"",""with_check_expression"":null}"
11_RLS_POLICY,public.site_settings.hills_site_settings_admin,"{""roles"":[""authenticated""],""table"":""site_settings"",""policy"":""hills_site_settings_admin"",""schema"":""public"",""command"":""ALL"",""permissive"":""PERMISSIVE"",""using_expression"":""is_admin()"",""with_check_expression"":""is_admin()""}"
11_RLS_POLICY,public.site_settings.hills_site_settings_public,"{""roles"":[""anon"",""authenticated""],""table"":""site_settings"",""policy"":""hills_site_settings_public"",""schema"":""public"",""command"":""SELECT"",""permissive"":""PERMISSIVE"",""using_expression"":""true"",""with_check_expression"":null}"
11_RLS_POLICY,public.site_settings_translations.hills_site_settings_translations_admin,"{""roles"":[""authenticated""],""table"":""site_settings_translations"",""policy"":""hills_site_settings_translations_admin"",""schema"":""public"",""command"":""ALL"",""permissive"":""PERMISSIVE"",""using_expression"":""is_admin()"",""with_check_expression"":""is_admin()""}"
11_RLS_POLICY,public.site_settings_translations.hills_site_settings_translations_public,"{""roles"":[""anon"",""authenticated""],""table"":""site_settings_translations"",""policy"":""hills_site_settings_translations_public"",""schema"":""public"",""command"":""SELECT"",""permissive"":""PERMISSIVE"",""using_expression"":""true"",""with_check_expression"":null}"
11_RLS_POLICY,public.tag_translations.hills_tag_translations_admin,"{""roles"":[""authenticated""],""table"":""tag_translations"",""policy"":""hills_tag_translations_admin"",""schema"":""public"",""command"":""ALL"",""permissive"":""PERMISSIVE"",""using_expression"":""is_admin()"",""with_check_expression"":""is_admin()""}"
11_RLS_POLICY,public.tag_translations.hills_tag_translations_public,"{""roles"":[""anon"",""authenticated""],""table"":""tag_translations"",""policy"":""hills_tag_translations_public"",""schema"":""public"",""command"":""SELECT"",""permissive"":""PERMISSIVE"",""using_expression"":""(EXISTS ( SELECT 1\n   FROM tags t\n  WHERE ((t.id = tag_translations.tag_id) AND (t.is_active = true))))"",""with_check_expression"":null}"
11_RLS_POLICY,public.tags.hills_tags_admin,"{""roles"":[""authenticated""],""table"":""tags"",""policy"":""hills_tags_admin"",""schema"":""public"",""command"":""ALL"",""permissive"":""PERMISSIVE"",""using_expression"":""is_admin()"",""with_check_expression"":""is_admin()""}"
11_RLS_POLICY,public.tags.hills_tags_public,"{""roles"":[""anon"",""authenticated""],""table"":""tags"",""policy"":""hills_tags_public"",""schema"":""public"",""command"":""SELECT"",""permissive"":""PERMISSIVE"",""using_expression"":""(is_active = true)"",""with_check_expression"":null}"
11_RLS_POLICY,public.varieties.hills_varieties_admin,"{""roles"":[""authenticated""],""table"":""varieties"",""policy"":""hills_varieties_admin"",""schema"":""public"",""command"":""ALL"",""permissive"":""PERMISSIVE"",""using_expression"":""is_admin()"",""with_check_expression"":""is_admin()""}"
11_RLS_POLICY,public.varieties.hills_varieties_public,"{""roles"":[""anon"",""authenticated""],""table"":""varieties"",""policy"":""hills_varieties_public"",""schema"":""public"",""command"":""SELECT"",""permissive"":""PERMISSIVE"",""using_expression"":""(is_active = true)"",""with_check_expression"":null}"
11_RLS_POLICY,public.warehouse_translations.hills_warehouse_translations_admin,"{""roles"":[""authenticated""],""table"":""warehouse_translations"",""policy"":""hills_warehouse_translations_admin"",""schema"":""public"",""command"":""ALL"",""permissive"":""PERMISSIVE"",""using_expression"":""is_admin()"",""with_check_expression"":""is_admin()""}"
11_RLS_POLICY,public.warehouse_translations.hills_warehouse_translations_public,"{""roles"":[""anon"",""authenticated""],""table"":""warehouse_translations"",""policy"":""hills_warehouse_translations_public"",""schema"":""public"",""command"":""SELECT"",""permissive"":""PERMISSIVE"",""using_expression"":""(EXISTS ( SELECT 1\n   FROM warehouses w\n  WHERE ((w.id = warehouse_translations.warehouse_id) AND (w.is_active = true))))"",""with_check_expression"":null}"
11_RLS_POLICY,public.warehouses.hills_warehouses_admin,"{""roles"":[""authenticated""],""table"":""warehouses"",""policy"":""hills_warehouses_admin"",""schema"":""public"",""command"":""ALL"",""permissive"":""PERMISSIVE"",""using_expression"":""is_admin()"",""with_check_expression"":""is_admin()""}"
11_RLS_POLICY,public.warehouses.hills_warehouses_public,"{""roles"":[""anon"",""authenticated""],""table"":""warehouses"",""policy"":""hills_warehouses_public"",""schema"":""public"",""command"":""SELECT"",""permissive"":""PERMISSIVE"",""using_expression"":""(is_active = true)"",""with_check_expression"":null}"
11_RLS_POLICY,storage.objects.hills_storage_admin_delete,"{""roles"":[""authenticated""],""table"":""objects"",""policy"":""hills_storage_admin_delete"",""schema"":""storage"",""command"":""DELETE"",""permissive"":""PERMISSIVE"",""using_expression"":""((bucket_id = 'hills-public'::text) AND is_admin())"",""with_check_expression"":null}"
11_RLS_POLICY,storage.objects.hills_storage_admin_insert,"{""roles"":[""authenticated""],""table"":""objects"",""policy"":""hills_storage_admin_insert"",""schema"":""storage"",""command"":""INSERT"",""permissive"":""PERMISSIVE"",""using_expression"":null,""with_check_expression"":""((bucket_id = 'hills-public'::text) AND is_admin())""}"
11_RLS_POLICY,storage.objects.hills_storage_admin_update,"{""roles"":[""authenticated""],""table"":""objects"",""policy"":""hills_storage_admin_update"",""schema"":""storage"",""command"":""UPDATE"",""permissive"":""PERMISSIVE"",""using_expression"":""((bucket_id = 'hills-public'::text) AND is_admin())"",""with_check_expression"":""((bucket_id = 'hills-public'::text) AND is_admin())""}"
11_RLS_POLICY,storage.objects.hills_storage_public_read,"{""roles"":[""public""],""table"":""objects"",""policy"":""hills_storage_public_read"",""schema"":""storage"",""command"":""SELECT"",""permissive"":""PERMISSIVE"",""using_expression"":""(bucket_id = 'hills-public'::text)"",""with_check_expression"":null}"
12_TRIGGER,auth.users.hills_on_auth_user_created,"{""table"":""users"",""schema"":""auth"",""enabled"":""O"",""trigger"":""hills_on_auth_user_created"",""definition"":""CREATE TRIGGER hills_on_auth_user_created AFTER INSERT ON auth.users FOR EACH ROW EXECUTE FUNCTION handle_hills_new_user()""}"
12_TRIGGER,public.article_categories.hills_updated_at,"{""table"":""article_categories"",""schema"":""public"",""enabled"":""O"",""trigger"":""hills_updated_at"",""definition"":""CREATE TRIGGER hills_updated_at BEFORE UPDATE ON article_categories FOR EACH ROW EXECUTE FUNCTION set_updated_at()""}"
12_TRIGGER,public.article_category_translations.hills_updated_at,"{""table"":""article_category_translations"",""schema"":""public"",""enabled"":""O"",""trigger"":""hills_updated_at"",""definition"":""CREATE TRIGGER hills_updated_at BEFORE UPDATE ON article_category_translations FOR EACH ROW EXECUTE FUNCTION set_updated_at()""}"
12_TRIGGER,public.article_translations.hills_updated_at,"{""table"":""article_translations"",""schema"":""public"",""enabled"":""O"",""trigger"":""hills_updated_at"",""definition"":""CREATE TRIGGER hills_updated_at BEFORE UPDATE ON article_translations FOR EACH ROW EXECUTE FUNCTION set_updated_at()""}"
12_TRIGGER,public.articles.hills_audit_articles,"{""table"":""articles"",""schema"":""public"",""enabled"":""O"",""trigger"":""hills_audit_articles"",""definition"":""CREATE TRIGGER hills_audit_articles AFTER INSERT OR DELETE OR UPDATE ON articles FOR EACH ROW EXECUTE FUNCTION audit_hills_changes()""}"
12_TRIGGER,public.articles.hills_updated_at_user,"{""table"":""articles"",""schema"":""public"",""enabled"":""O"",""trigger"":""hills_updated_at_user"",""definition"":""CREATE TRIGGER hills_updated_at_user BEFORE UPDATE ON articles FOR EACH ROW EXECUTE FUNCTION set_updated_at_and_user()""}"
12_TRIGGER,public.certification_translations.hills_updated_at,"{""table"":""certification_translations"",""schema"":""public"",""enabled"":""O"",""trigger"":""hills_updated_at"",""definition"":""CREATE TRIGGER hills_updated_at BEFORE UPDATE ON certification_translations FOR EACH ROW EXECUTE FUNCTION set_updated_at()""}"
12_TRIGGER,public.certifications.hills_updated_at,"{""table"":""certifications"",""schema"":""public"",""enabled"":""O"",""trigger"":""hills_updated_at"",""definition"":""CREATE TRIGGER hills_updated_at BEFORE UPDATE ON certifications FOR EACH ROW EXECUTE FUNCTION set_updated_at()""}"
12_TRIGGER,public.coffee_offers.hills_audit_coffee_offers,"{""table"":""coffee_offers"",""schema"":""public"",""enabled"":""O"",""trigger"":""hills_audit_coffee_offers"",""definition"":""CREATE TRIGGER hills_audit_coffee_offers AFTER INSERT OR DELETE OR UPDATE ON coffee_offers FOR EACH ROW EXECUTE FUNCTION audit_hills_changes()""}"
12_TRIGGER,public.coffee_offers.hills_updated_at_user,"{""table"":""coffee_offers"",""schema"":""public"",""enabled"":""O"",""trigger"":""hills_updated_at_user"",""definition"":""CREATE TRIGGER hills_updated_at_user BEFORE UPDATE ON coffee_offers FOR EACH ROW EXECUTE FUNCTION set_updated_at_and_user()""}"
12_TRIGGER,public.coffee_translations.hills_updated_at,"{""table"":""coffee_translations"",""schema"":""public"",""enabled"":""O"",""trigger"":""hills_updated_at"",""definition"":""CREATE TRIGGER hills_updated_at BEFORE UPDATE ON coffee_translations FOR EACH ROW EXECUTE FUNCTION set_updated_at()""}"
12_TRIGGER,public.coffee_type_translations.hills_updated_at,"{""table"":""coffee_type_translations"",""schema"":""public"",""enabled"":""O"",""trigger"":""hills_updated_at"",""definition"":""CREATE TRIGGER hills_updated_at BEFORE UPDATE ON coffee_type_translations FOR EACH ROW EXECUTE FUNCTION set_updated_at()""}"
12_TRIGGER,public.coffee_types.hills_updated_at,"{""table"":""coffee_types"",""schema"":""public"",""enabled"":""O"",""trigger"":""hills_updated_at"",""definition"":""CREATE TRIGGER hills_updated_at BEFORE UPDATE ON coffee_types FOR EACH ROW EXECUTE FUNCTION set_updated_at()""}"
12_TRIGGER,public.coffees.hills_audit_coffees,"{""table"":""coffees"",""schema"":""public"",""enabled"":""O"",""trigger"":""hills_audit_coffees"",""definition"":""CREATE TRIGGER hills_audit_coffees AFTER INSERT OR DELETE OR UPDATE ON coffees FOR EACH ROW EXECUTE FUNCTION audit_hills_changes()""}"
12_TRIGGER,public.coffees.hills_updated_at_user,"{""table"":""coffees"",""schema"":""public"",""enabled"":""O"",""trigger"":""hills_updated_at_user"",""definition"":""CREATE TRIGGER hills_updated_at_user BEFORE UPDATE ON coffees FOR EACH ROW EXECUTE FUNCTION set_updated_at_and_user()""}"
12_TRIGGER,public.coffees.hills_validate_coffee_region_origin,"{""table"":""coffees"",""schema"":""public"",""enabled"":""O"",""trigger"":""hills_validate_coffee_region_origin"",""definition"":""CREATE TRIGGER hills_validate_coffee_region_origin BEFORE INSERT OR UPDATE OF origin_id, region_id ON coffees FOR EACH ROW EXECUTE FUNCTION validate_coffee_region_origin()""}"
12_TRIGGER,public.inquiries.hills_hydrate_inquiry_context,"{""table"":""inquiries"",""schema"":""public"",""enabled"":""O"",""trigger"":""hills_hydrate_inquiry_context"",""definition"":""CREATE TRIGGER hills_hydrate_inquiry_context BEFORE INSERT ON inquiries FOR EACH ROW EXECUTE FUNCTION hydrate_inquiry_context()""}"
12_TRIGGER,public.inquiries.hills_track_inquiry_status_insert,"{""table"":""inquiries"",""schema"":""public"",""enabled"":""O"",""trigger"":""hills_track_inquiry_status_insert"",""definition"":""CREATE TRIGGER hills_track_inquiry_status_insert AFTER INSERT ON inquiries FOR EACH ROW EXECUTE FUNCTION track_inquiry_status()""}"
12_TRIGGER,public.inquiries.hills_track_inquiry_status_update,"{""table"":""inquiries"",""schema"":""public"",""enabled"":""O"",""trigger"":""hills_track_inquiry_status_update"",""definition"":""CREATE TRIGGER hills_track_inquiry_status_update AFTER UPDATE OF status ON inquiries FOR EACH ROW EXECUTE FUNCTION track_inquiry_status()""}"
12_TRIGGER,public.inquiries.hills_updated_at,"{""table"":""inquiries"",""schema"":""public"",""enabled"":""O"",""trigger"":""hills_updated_at"",""definition"":""CREATE TRIGGER hills_updated_at BEFORE UPDATE ON inquiries FOR EACH ROW EXECUTE FUNCTION set_updated_at()""}"
12_TRIGGER,public.media.hills_updated_at,"{""table"":""media"",""schema"":""public"",""enabled"":""O"",""trigger"":""hills_updated_at"",""definition"":""CREATE TRIGGER hills_updated_at BEFORE UPDATE ON media FOR EACH ROW EXECUTE FUNCTION set_updated_at()""}"
12_TRIGGER,public.media_translations.hills_updated_at,"{""table"":""media_translations"",""schema"":""public"",""enabled"":""O"",""trigger"":""hills_updated_at"",""definition"":""CREATE TRIGGER hills_updated_at BEFORE UPDATE ON media_translations FOR EACH ROW EXECUTE FUNCTION set_updated_at()""}"
12_TRIGGER,public.offer_price_tiers.hills_audit_offer_price_tiers,"{""table"":""offer_price_tiers"",""schema"":""public"",""enabled"":""O"",""trigger"":""hills_audit_offer_price_tiers"",""definition"":""CREATE TRIGGER hills_audit_offer_price_tiers AFTER INSERT OR DELETE OR UPDATE ON offer_price_tiers FOR EACH ROW EXECUTE FUNCTION audit_hills_changes()""}"
12_TRIGGER,public.offer_price_tiers.hills_updated_at,"{""table"":""offer_price_tiers"",""schema"":""public"",""enabled"":""O"",""trigger"":""hills_updated_at"",""definition"":""CREATE TRIGGER hills_updated_at BEFORE UPDATE ON offer_price_tiers FOR EACH ROW EXECUTE FUNCTION set_updated_at()""}"
12_TRIGGER,public.origin_translations.hills_updated_at,"{""table"":""origin_translations"",""schema"":""public"",""enabled"":""O"",""trigger"":""hills_updated_at"",""definition"":""CREATE TRIGGER hills_updated_at BEFORE UPDATE ON origin_translations FOR EACH ROW EXECUTE FUNCTION set_updated_at()""}"
12_TRIGGER,public.origins.hills_updated_at_user,"{""table"":""origins"",""schema"":""public"",""enabled"":""O"",""trigger"":""hills_updated_at_user"",""definition"":""CREATE TRIGGER hills_updated_at_user BEFORE UPDATE ON origins FOR EACH ROW EXECUTE FUNCTION set_updated_at_and_user()""}"
12_TRIGGER,public.packaging_type_translations.hills_updated_at,"{""table"":""packaging_type_translations"",""schema"":""public"",""enabled"":""O"",""trigger"":""hills_updated_at"",""definition"":""CREATE TRIGGER hills_updated_at BEFORE UPDATE ON packaging_type_translations FOR EACH ROW EXECUTE FUNCTION set_updated_at()""}"
12_TRIGGER,public.packaging_types.hills_updated_at,"{""table"":""packaging_types"",""schema"":""public"",""enabled"":""O"",""trigger"":""hills_updated_at"",""definition"":""CREATE TRIGGER hills_updated_at BEFORE UPDATE ON packaging_types FOR EACH ROW EXECUTE FUNCTION set_updated_at()""}"
12_TRIGGER,public.processing_method_translations.hills_updated_at,"{""table"":""processing_method_translations"",""schema"":""public"",""enabled"":""O"",""trigger"":""hills_updated_at"",""definition"":""CREATE TRIGGER hills_updated_at BEFORE UPDATE ON processing_method_translations FOR EACH ROW EXECUTE FUNCTION set_updated_at()""}"
12_TRIGGER,public.processing_methods.hills_updated_at,"{""table"":""processing_methods"",""schema"":""public"",""enabled"":""O"",""trigger"":""hills_updated_at"",""definition"":""CREATE TRIGGER hills_updated_at BEFORE UPDATE ON processing_methods FOR EACH ROW EXECUTE FUNCTION set_updated_at()""}"
12_TRIGGER,public.profiles.hills_prevent_profile_role_escalation,"{""table"":""profiles"",""schema"":""public"",""enabled"":""O"",""trigger"":""hills_prevent_profile_role_escalation"",""definition"":""CREATE TRIGGER hills_prevent_profile_role_escalation BEFORE UPDATE ON profiles FOR EACH ROW EXECUTE FUNCTION prevent_profile_role_escalation()""}"
12_TRIGGER,public.profiles.hills_profiles_updated_at,"{""table"":""profiles"",""schema"":""public"",""enabled"":""O"",""trigger"":""hills_profiles_updated_at"",""definition"":""CREATE TRIGGER hills_profiles_updated_at BEFORE UPDATE ON profiles FOR EACH ROW EXECUTE FUNCTION set_updated_at()""}"
12_TRIGGER,public.region_translations.hills_updated_at,"{""table"":""region_translations"",""schema"":""public"",""enabled"":""O"",""trigger"":""hills_updated_at"",""definition"":""CREATE TRIGGER hills_updated_at BEFORE UPDATE ON region_translations FOR EACH ROW EXECUTE FUNCTION set_updated_at()""}"
12_TRIGGER,public.regions.hills_updated_at_user,"{""table"":""regions"",""schema"":""public"",""enabled"":""O"",""trigger"":""hills_updated_at_user"",""definition"":""CREATE TRIGGER hills_updated_at_user BEFORE UPDATE ON regions FOR EACH ROW EXECUTE FUNCTION set_updated_at_and_user()""}"
12_TRIGGER,public.sensory_note_translations.hills_updated_at,"{""table"":""sensory_note_translations"",""schema"":""public"",""enabled"":""O"",""trigger"":""hills_updated_at"",""definition"":""CREATE TRIGGER hills_updated_at BEFORE UPDATE ON sensory_note_translations FOR EACH ROW EXECUTE FUNCTION set_updated_at()""}"
12_TRIGGER,public.sensory_notes.hills_updated_at,"{""table"":""sensory_notes"",""schema"":""public"",""enabled"":""O"",""trigger"":""hills_updated_at"",""definition"":""CREATE TRIGGER hills_updated_at BEFORE UPDATE ON sensory_notes FOR EACH ROW EXECUTE FUNCTION set_updated_at()""}"
12_TRIGGER,public.site_page_section_translations.hills_site_page_section_translations_updated_at,"{""table"":""site_page_section_translations"",""schema"":""public"",""enabled"":""O"",""trigger"":""hills_site_page_section_translations_updated_at"",""definition"":""CREATE TRIGGER hills_site_page_section_translations_updated_at BEFORE UPDATE ON site_page_section_translations FOR EACH ROW EXECUTE FUNCTION set_updated_at()""}"
12_TRIGGER,public.site_page_sections.hills_site_page_sections_updated_at,"{""table"":""site_page_sections"",""schema"":""public"",""enabled"":""O"",""trigger"":""hills_site_page_sections_updated_at"",""definition"":""CREATE TRIGGER hills_site_page_sections_updated_at BEFORE UPDATE ON site_page_sections FOR EACH ROW EXECUTE FUNCTION set_updated_at()""}"
12_TRIGGER,public.site_page_translations.hills_site_page_translations_updated_at,"{""table"":""site_page_translations"",""schema"":""public"",""enabled"":""O"",""trigger"":""hills_site_page_translations_updated_at"",""definition"":""CREATE TRIGGER hills_site_page_translations_updated_at BEFORE UPDATE ON site_page_translations FOR EACH ROW EXECUTE FUNCTION set_updated_at()""}"
12_TRIGGER,public.site_pages.hills_audit_site_pages,"{""table"":""site_pages"",""schema"":""public"",""enabled"":""O"",""trigger"":""hills_audit_site_pages"",""definition"":""CREATE TRIGGER hills_audit_site_pages AFTER INSERT OR DELETE OR UPDATE ON site_pages FOR EACH ROW EXECUTE FUNCTION audit_hills_changes()""}"
12_TRIGGER,public.site_pages.hills_site_pages_updated_at_user,"{""table"":""site_pages"",""schema"":""public"",""enabled"":""O"",""trigger"":""hills_site_pages_updated_at_user"",""definition"":""CREATE TRIGGER hills_site_pages_updated_at_user BEFORE UPDATE ON site_pages FOR EACH ROW EXECUTE FUNCTION set_updated_at_and_user()""}"
12_TRIGGER,public.site_settings.hills_site_settings_updated_at_user,"{""table"":""site_settings"",""schema"":""public"",""enabled"":""O"",""trigger"":""hills_site_settings_updated_at_user"",""definition"":""CREATE TRIGGER hills_site_settings_updated_at_user BEFORE UPDATE ON site_settings FOR EACH ROW EXECUTE FUNCTION set_updated_at_and_user()""}"
12_TRIGGER,public.site_settings_translations.hills_site_settings_translations_updated_at,"{""table"":""site_settings_translations"",""schema"":""public"",""enabled"":""O"",""trigger"":""hills_site_settings_translations_updated_at"",""definition"":""CREATE TRIGGER hills_site_settings_translations_updated_at BEFORE UPDATE ON site_settings_translations FOR EACH ROW EXECUTE FUNCTION set_updated_at()""}"
12_TRIGGER,public.tag_translations.hills_updated_at,"{""table"":""tag_translations"",""schema"":""public"",""enabled"":""O"",""trigger"":""hills_updated_at"",""definition"":""CREATE TRIGGER hills_updated_at BEFORE UPDATE ON tag_translations FOR EACH ROW EXECUTE FUNCTION set_updated_at()""}"
12_TRIGGER,public.tags.hills_updated_at,"{""table"":""tags"",""schema"":""public"",""enabled"":""O"",""trigger"":""hills_updated_at"",""definition"":""CREATE TRIGGER hills_updated_at BEFORE UPDATE ON tags FOR EACH ROW EXECUTE FUNCTION set_updated_at()""}"
12_TRIGGER,public.varieties.hills_updated_at,"{""table"":""varieties"",""schema"":""public"",""enabled"":""O"",""trigger"":""hills_updated_at"",""definition"":""CREATE TRIGGER hills_updated_at BEFORE UPDATE ON varieties FOR EACH ROW EXECUTE FUNCTION set_updated_at()""}"
12_TRIGGER,public.warehouse_translations.hills_warehouse_translations_updated_at,"{""table"":""warehouse_translations"",""schema"":""public"",""enabled"":""O"",""trigger"":""hills_warehouse_translations_updated_at"",""definition"":""CREATE TRIGGER hills_warehouse_translations_updated_at BEFORE UPDATE ON warehouse_translations FOR EACH ROW EXECUTE FUNCTION set_updated_at()""}"
12_TRIGGER,public.warehouses.hills_updated_at,"{""table"":""warehouses"",""schema"":""public"",""enabled"":""O"",""trigger"":""hills_updated_at"",""definition"":""CREATE TRIGGER hills_updated_at BEFORE UPDATE ON warehouses FOR EACH ROW EXECUTE FUNCTION set_updated_at()""}"
12_TRIGGER,storage.buckets.enforce_bucket_name_length_trigger,"{""table"":""buckets"",""schema"":""storage"",""enabled"":""O"",""trigger"":""enforce_bucket_name_length_trigger"",""definition"":""CREATE TRIGGER enforce_bucket_name_length_trigger BEFORE INSERT OR UPDATE OF name ON storage.buckets FOR EACH ROW EXECUTE FUNCTION storage.enforce_bucket_name_length()""}"
12_TRIGGER,storage.buckets.protect_buckets_delete,"{""table"":""buckets"",""schema"":""storage"",""enabled"":""O"",""trigger"":""protect_buckets_delete"",""definition"":""CREATE TRIGGER protect_buckets_delete BEFORE DELETE ON storage.buckets FOR EACH STATEMENT EXECUTE FUNCTION storage.protect_delete()""}"
12_TRIGGER,storage.objects.protect_objects_delete,"{""table"":""objects"",""schema"":""storage"",""enabled"":""O"",""trigger"":""protect_objects_delete"",""definition"":""CREATE TRIGGER protect_objects_delete BEFORE DELETE ON storage.objects FOR EACH STATEMENT EXECUTE FUNCTION storage.protect_delete()""}"
12_TRIGGER,storage.objects.update_objects_updated_at,"{""table"":""objects"",""schema"":""storage"",""enabled"":""O"",""trigger"":""update_objects_updated_at"",""definition"":""CREATE TRIGGER update_objects_updated_at BEFORE UPDATE ON storage.objects FOR EACH ROW EXECUTE FUNCTION storage.update_updated_at_column()""}"
13_FUNCTION,public.admin_list_users(),"{""kind"":""FUNCTION"",""name"":""admin_list_users"",""owner"":""postgres"",""result"":""TABLE(id uuid, full_name text, phone text, company_name text, email text, email_verified boolean, registered_at timestamp with time zone, favorites_count bigint, inquiries_count bigint)"",""schema"":""public"",""arguments"":"""",""definition"":""CREATE OR REPLACE FUNCTION public.admin_list_users()\n RETURNS TABLE(id uuid, full_name text, phone text, company_name text, email text, email_verified boolean, registered_at timestamp with time zone, favorites_count bigint, inquiries_count bigint)\n LANGUAGE plpgsql\n SECURITY DEFINER\n SET search_path TO 'public', 'auth'\nAS $function$\r\nbegin\r\n\r\n    if not public.is_admin() then\r\n        raise exception 'Forbidden';\r\n    end if;\r\n\r\n    return query\r\n\r\n    select\r\n        p.id,\r\n        p.full_name,\r\n        p.phone,\r\n        p.company_name,\r\n        u.email::text,\r\n        (u.email_confirmed_at is not null),\r\n        u.created_at,\r\n\r\n        (\r\n            select count(*)\r\n            from public.favorites f\r\n            where f.user_id = p.id\r\n        )::bigint,\r\n\r\n        (\r\n            select count(*)\r\n            from public.inquiries i\r\n            where i.user_id = p.id\r\n        )::bigint\r\n\r\n    from public.profiles p\r\n\r\n    join auth.users u\r\n      on u.id = p.id\r\n\r\n    where p.role = 'USER'\r\n\r\n    order by u.created_at desc;\r\n\r\nend;\r\n$function$\n"",""volatility"":""VOLATILE"",""security_definer"":true}"
13_FUNCTION,public.audit_hills_changes(),"{""kind"":""FUNCTION"",""name"":""audit_hills_changes"",""owner"":""postgres"",""result"":""trigger"",""schema"":""public"",""arguments"":"""",""definition"":""CREATE OR REPLACE FUNCTION public.audit_hills_changes()\n RETURNS trigger\n LANGUAGE plpgsql\n SECURITY DEFINER\n SET search_path TO 'public', 'auth'\nAS $function$\r\ndeclare\r\n    entity_uuid uuid;\r\nbegin\r\n\r\n    if tg_op = 'INSERT' then\r\n\r\n        entity_uuid = new.id;\r\n\r\n        insert into public.audit_logs (\r\n            actor_user_id,\r\n            entity_type,\r\n            entity_id,\r\n            action,\r\n            old_data,\r\n            new_data\r\n        )\r\n        values (\r\n            auth.uid(),\r\n            tg_table_name,\r\n            entity_uuid,\r\n            'INSERT',\r\n            null,\r\n            to_jsonb(new)\r\n        );\r\n\r\n        return new;\r\n\r\n    elsif tg_op = 'UPDATE' then\r\n\r\n        entity_uuid = new.id;\r\n\r\n        insert into public.audit_logs (\r\n            actor_user_id,\r\n            entity_type,\r\n            entity_id,\r\n            action,\r\n            old_data,\r\n            new_data\r\n        )\r\n        values (\r\n            auth.uid(),\r\n            tg_table_name,\r\n            entity_uuid,\r\n            'UPDATE',\r\n            to_jsonb(old),\r\n            to_jsonb(new)\r\n        );\r\n\r\n        return new;\r\n\r\n    elsif tg_op = 'DELETE' then\r\n\r\n        entity_uuid = old.id;\r\n\r\n        insert into public.audit_logs (\r\n            actor_user_id,\r\n            entity_type,\r\n            entity_id,\r\n            action,\r\n            old_data,\r\n            new_data\r\n        )\r\n        values (\r\n            auth.uid(),\r\n            tg_table_name,\r\n            entity_uuid,\r\n            'DELETE',\r\n            to_jsonb(old),\r\n            null\r\n        );\r\n\r\n        return old;\r\n\r\n    end if;\r\n\r\n    return null;\r\n\r\nend;\r\n$function$\n"",""volatility"":""VOLATILE"",""security_definer"":true}"
13_FUNCTION,"public.gin_extract_query_trgm(text, internal, smallint, internal, internal, internal, internal)","{""kind"":""FUNCTION"",""name"":""gin_extract_query_trgm"",""owner"":""supabase_admin"",""result"":""internal"",""schema"":""public"",""arguments"":""text, internal, smallint, internal, internal, internal, internal"",""definition"":""CREATE OR REPLACE FUNCTION public.gin_extract_query_trgm(text, internal, smallint, internal, internal, internal, internal)\n RETURNS internal\n LANGUAGE c\n IMMUTABLE PARALLEL SAFE STRICT\nAS '$libdir/pg_trgm', $function$gin_extract_query_trgm$function$\n"",""volatility"":""IMMUTABLE"",""security_definer"":false}"
13_FUNCTION,"public.gin_extract_value_trgm(text, internal)","{""kind"":""FUNCTION"",""name"":""gin_extract_value_trgm"",""owner"":""supabase_admin"",""result"":""internal"",""schema"":""public"",""arguments"":""text, internal"",""definition"":""CREATE OR REPLACE FUNCTION public.gin_extract_value_trgm(text, internal)\n RETURNS internal\n LANGUAGE c\n IMMUTABLE PARALLEL SAFE STRICT\nAS '$libdir/pg_trgm', $function$gin_extract_value_trgm$function$\n"",""volatility"":""IMMUTABLE"",""security_definer"":false}"
13_FUNCTION,"public.gin_trgm_consistent(internal, smallint, text, integer, internal, internal, internal, internal)","{""kind"":""FUNCTION"",""name"":""gin_trgm_consistent"",""owner"":""supabase_admin"",""result"":""boolean"",""schema"":""public"",""arguments"":""internal, smallint, text, integer, internal, internal, internal, internal"",""definition"":""CREATE OR REPLACE FUNCTION public.gin_trgm_consistent(internal, smallint, text, integer, internal, internal, internal, internal)\n RETURNS boolean\n LANGUAGE c\n IMMUTABLE PARALLEL SAFE STRICT\nAS '$libdir/pg_trgm', $function$gin_trgm_consistent$function$\n"",""volatility"":""IMMUTABLE"",""security_definer"":false}"
13_FUNCTION,"public.gin_trgm_triconsistent(internal, smallint, text, integer, internal, internal, internal)","{""kind"":""FUNCTION"",""name"":""gin_trgm_triconsistent"",""owner"":""supabase_admin"",""result"":""\""char\"""",""schema"":""public"",""arguments"":""internal, smallint, text, integer, internal, internal, internal"",""definition"":""CREATE OR REPLACE FUNCTION public.gin_trgm_triconsistent(internal, smallint, text, integer, internal, internal, internal)\n RETURNS \""char\""\n LANGUAGE c\n IMMUTABLE PARALLEL SAFE STRICT\nAS '$libdir/pg_trgm', $function$gin_trgm_triconsistent$function$\n"",""volatility"":""IMMUTABLE"",""security_definer"":false}"
13_FUNCTION,public.gtrgm_compress(internal),"{""kind"":""FUNCTION"",""name"":""gtrgm_compress"",""owner"":""supabase_admin"",""result"":""internal"",""schema"":""public"",""arguments"":""internal"",""definition"":""CREATE OR REPLACE FUNCTION public.gtrgm_compress(internal)\n RETURNS internal\n LANGUAGE c\n IMMUTABLE PARALLEL SAFE STRICT\nAS '$libdir/pg_trgm', $function$gtrgm_compress$function$\n"",""volatility"":""IMMUTABLE"",""security_definer"":false}"
13_FUNCTION,"public.gtrgm_consistent(internal, text, smallint, oid, internal)","{""kind"":""FUNCTION"",""name"":""gtrgm_consistent"",""owner"":""supabase_admin"",""result"":""boolean"",""schema"":""public"",""arguments"":""internal, text, smallint, oid, internal"",""definition"":""CREATE OR REPLACE FUNCTION public.gtrgm_consistent(internal, text, smallint, oid, internal)\n RETURNS boolean\n LANGUAGE c\n IMMUTABLE PARALLEL SAFE STRICT\nAS '$libdir/pg_trgm', $function$gtrgm_consistent$function$\n"",""volatility"":""IMMUTABLE"",""security_definer"":false}"
13_FUNCTION,public.gtrgm_decompress(internal),"{""kind"":""FUNCTION"",""name"":""gtrgm_decompress"",""owner"":""supabase_admin"",""result"":""internal"",""schema"":""public"",""arguments"":""internal"",""definition"":""CREATE OR REPLACE FUNCTION public.gtrgm_decompress(internal)\n RETURNS internal\n LANGUAGE c\n IMMUTABLE PARALLEL SAFE STRICT\nAS '$libdir/pg_trgm', $function$gtrgm_decompress$function$\n"",""volatility"":""IMMUTABLE"",""security_definer"":false}"
13_FUNCTION,"public.gtrgm_distance(internal, text, smallint, oid, internal)","{""kind"":""FUNCTION"",""name"":""gtrgm_distance"",""owner"":""supabase_admin"",""result"":""double precision"",""schema"":""public"",""arguments"":""internal, text, smallint, oid, internal"",""definition"":""CREATE OR REPLACE FUNCTION public.gtrgm_distance(internal, text, smallint, oid, internal)\n RETURNS double precision\n LANGUAGE c\n IMMUTABLE PARALLEL SAFE STRICT\nAS '$libdir/pg_trgm', $function$gtrgm_distance$function$\n"",""volatility"":""IMMUTABLE"",""security_definer"":false}"
13_FUNCTION,public.gtrgm_in(cstring),"{""kind"":""FUNCTION"",""name"":""gtrgm_in"",""owner"":""supabase_admin"",""result"":""gtrgm"",""schema"":""public"",""arguments"":""cstring"",""definition"":""CREATE OR REPLACE FUNCTION public.gtrgm_in(cstring)\n RETURNS gtrgm\n LANGUAGE c\n IMMUTABLE PARALLEL SAFE STRICT\nAS '$libdir/pg_trgm', $function$gtrgm_in$function$\n"",""volatility"":""IMMUTABLE"",""security_definer"":false}"
13_FUNCTION,public.gtrgm_options(internal),"{""kind"":""FUNCTION"",""name"":""gtrgm_options"",""owner"":""supabase_admin"",""result"":""void"",""schema"":""public"",""arguments"":""internal"",""definition"":""CREATE OR REPLACE FUNCTION public.gtrgm_options(internal)\n RETURNS void\n LANGUAGE c\n IMMUTABLE PARALLEL SAFE\nAS '$libdir/pg_trgm', $function$gtrgm_options$function$\n"",""volatility"":""IMMUTABLE"",""security_definer"":false}"
13_FUNCTION,public.gtrgm_out(gtrgm),"{""kind"":""FUNCTION"",""name"":""gtrgm_out"",""owner"":""supabase_admin"",""result"":""cstring"",""schema"":""public"",""arguments"":""gtrgm"",""definition"":""CREATE OR REPLACE FUNCTION public.gtrgm_out(gtrgm)\n RETURNS cstring\n LANGUAGE c\n IMMUTABLE PARALLEL SAFE STRICT\nAS '$libdir/pg_trgm', $function$gtrgm_out$function$\n"",""volatility"":""IMMUTABLE"",""security_definer"":false}"
13_FUNCTION,"public.gtrgm_penalty(internal, internal, internal)","{""kind"":""FUNCTION"",""name"":""gtrgm_penalty"",""owner"":""supabase_admin"",""result"":""internal"",""schema"":""public"",""arguments"":""internal, internal, internal"",""definition"":""CREATE OR REPLACE FUNCTION public.gtrgm_penalty(internal, internal, internal)\n RETURNS internal\n LANGUAGE c\n IMMUTABLE PARALLEL SAFE STRICT\nAS '$libdir/pg_trgm', $function$gtrgm_penalty$function$\n"",""volatility"":""IMMUTABLE"",""security_definer"":false}"
13_FUNCTION,"public.gtrgm_picksplit(internal, internal)","{""kind"":""FUNCTION"",""name"":""gtrgm_picksplit"",""owner"":""supabase_admin"",""result"":""internal"",""schema"":""public"",""arguments"":""internal, internal"",""definition"":""CREATE OR REPLACE FUNCTION public.gtrgm_picksplit(internal, internal)\n RETURNS internal\n LANGUAGE c\n IMMUTABLE PARALLEL SAFE STRICT\nAS '$libdir/pg_trgm', $function$gtrgm_picksplit$function$\n"",""volatility"":""IMMUTABLE"",""security_definer"":false}"
13_FUNCTION,"public.gtrgm_same(gtrgm, gtrgm, internal)","{""kind"":""FUNCTION"",""name"":""gtrgm_same"",""owner"":""supabase_admin"",""result"":""internal"",""schema"":""public"",""arguments"":""gtrgm, gtrgm, internal"",""definition"":""CREATE OR REPLACE FUNCTION public.gtrgm_same(gtrgm, gtrgm, internal)\n RETURNS internal\n LANGUAGE c\n IMMUTABLE PARALLEL SAFE STRICT\nAS '$libdir/pg_trgm', $function$gtrgm_same$function$\n"",""volatility"":""IMMUTABLE"",""security_definer"":false}"
13_FUNCTION,"public.gtrgm_union(internal, internal)","{""kind"":""FUNCTION"",""name"":""gtrgm_union"",""owner"":""supabase_admin"",""result"":""gtrgm"",""schema"":""public"",""arguments"":""internal, internal"",""definition"":""CREATE OR REPLACE FUNCTION public.gtrgm_union(internal, internal)\n RETURNS gtrgm\n LANGUAGE c\n IMMUTABLE PARALLEL SAFE STRICT\nAS '$libdir/pg_trgm', $function$gtrgm_union$function$\n"",""volatility"":""IMMUTABLE"",""security_definer"":false}"
13_FUNCTION,public.handle_hills_new_user(),"{""kind"":""FUNCTION"",""name"":""handle_hills_new_user"",""owner"":""postgres"",""result"":""trigger"",""schema"":""public"",""arguments"":"""",""definition"":""CREATE OR REPLACE FUNCTION public.handle_hills_new_user()\n RETURNS trigger\n LANGUAGE plpgsql\n SECURITY DEFINER\n SET search_path TO 'public', 'auth'\nAS $function$\r\nbegin\r\n\r\n    insert into public.profiles (\r\n        id,\r\n        full_name,\r\n        phone,\r\n        role\r\n    )\r\n    values (\r\n        new.id,\r\n\r\n        coalesce(\r\n            new.raw_user_meta_data ->> 'full_name',\r\n            ''\r\n        ),\r\n\r\n        nullif(\r\n            new.raw_user_meta_data ->> 'phone',\r\n            ''\r\n        ),\r\n\r\n        'USER'\r\n    )\r\n    on conflict (id) do nothing;\r\n\r\n    return new;\r\n\r\nend;\r\n$function$\n"",""volatility"":""VOLATILE"",""security_definer"":true}"
13_FUNCTION,public.hydrate_inquiry_context(),"{""kind"":""FUNCTION"",""name"":""hydrate_inquiry_context"",""owner"":""postgres"",""result"":""trigger"",""schema"":""public"",""arguments"":"""",""definition"":""CREATE OR REPLACE FUNCTION public.hydrate_inquiry_context()\n RETURNS trigger\n LANGUAGE plpgsql\n SECURITY DEFINER\n SET search_path TO 'public', 'auth'\nAS $function$\r\ndeclare\r\n    offer_coffee_id uuid;\r\n    offer_reference text;\r\n    warehouse_code text;\r\n    coffee_name text;\r\nbegin\r\n\r\n    -- Authenticated users are always tied to their actual account.\r\n\r\n    if auth.uid() is not null then\r\n        new.user_id = auth.uid();\r\n    end if;\r\n\r\n\r\n    -- If offer exists, derive Coffee + Warehouse from DB.\r\n\r\n    if new.offer_id is not null then\r\n\r\n        select\r\n            o.coffee_id,\r\n            o.reference_number,\r\n            w.code\r\n        into\r\n            offer_coffee_id,\r\n            offer_reference,\r\n            warehouse_code\r\n        from public.coffee_offers o\r\n        join public.warehouses w\r\n          on w.id = o.warehouse_id\r\n        where o.id = new.offer_id\r\n          and o.deleted_at is null;\r\n\r\n        if offer_coffee_id is null then\r\n            raise exception 'Invalid offer';\r\n        end if;\r\n\r\n        if new.coffee_id is null then\r\n            new.coffee_id = offer_coffee_id;\r\n        elsif new.coffee_id <> offer_coffee_id then\r\n            raise exception\r\n                'Offer does not belong to selected coffee';\r\n        end if;\r\n\r\n        new.offer_reference_snapshot = offer_reference;\r\n        new.warehouse_code_snapshot = warehouse_code;\r\n\r\n    end if;\r\n\r\n\r\n    -- Snapshot English name if available.\r\n    -- Fallback to slug.\r\n\r\n    if new.coffee_id is not null then\r\n\r\n        select\r\n            coalesce(\r\n                (\r\n                    select ct.name\r\n                    from public.coffee_translations ct\r\n                    where ct.coffee_id = c.id\r\n                      and ct.locale = 'en'\r\n                    limit 1\r\n                ),\r\n                c.slug\r\n            )\r\n        into coffee_name\r\n        from public.coffees c\r\n        where c.id = new.coffee_id;\r\n\r\n        if coffee_name is null then\r\n            raise exception 'Invalid coffee';\r\n        end if;\r\n\r\n        new.coffee_name_snapshot = coffee_name;\r\n\r\n    end if;\r\n\r\n    return new;\r\n\r\nend;\r\n$function$\n"",""volatility"":""VOLATILE"",""security_definer"":true}"
13_FUNCTION,public.is_admin(),"{""kind"":""FUNCTION"",""name"":""is_admin"",""owner"":""postgres"",""result"":""boolean"",""schema"":""public"",""arguments"":"""",""definition"":""CREATE OR REPLACE FUNCTION public.is_admin()\n RETURNS boolean\n LANGUAGE sql\n STABLE SECURITY DEFINER\n SET search_path TO 'public', 'auth'\nAS $function$\r\n    select exists (\r\n        select 1\r\n        from public.profiles p\r\n        where p.id = auth.uid()\r\n          and p.role = 'ADMIN'\r\n    );\r\n$function$\n"",""volatility"":""STABLE"",""security_definer"":true}"
13_FUNCTION,public.is_email_verified(),"{""kind"":""FUNCTION"",""name"":""is_email_verified"",""owner"":""postgres"",""result"":""boolean"",""schema"":""public"",""arguments"":"""",""definition"":""CREATE OR REPLACE FUNCTION public.is_email_verified()\n RETURNS boolean\n LANGUAGE sql\n STABLE SECURITY DEFINER\n SET search_path TO 'public', 'auth'\nAS $function$\r\n    select exists (\r\n        select 1\r\n        from auth.users u\r\n        where u.id = auth.uid()\r\n          and u.email_confirmed_at is not null\r\n    );\r\n$function$\n"",""volatility"":""STABLE"",""security_definer"":true}"
13_FUNCTION,public.is_valid_month_array(value smallint[]),"{""kind"":""FUNCTION"",""name"":""is_valid_month_array"",""owner"":""postgres"",""result"":""boolean"",""schema"":""public"",""arguments"":""value smallint[]"",""definition"":""CREATE OR REPLACE FUNCTION public.is_valid_month_array(value smallint[])\n RETURNS boolean\n LANGUAGE sql\n IMMUTABLE\n SET search_path TO 'public', 'auth'\nAS $function$\r\n    select\r\n        value is null\r\n        or (\r\n            cardinality(value) <= 12\r\n            and not exists (\r\n                select 1\r\n                from unnest(value) as m\r\n                where m < 1 or m > 12\r\n            )\r\n        );\r\n$function$\n"",""volatility"":""IMMUTABLE"",""security_definer"":false}"
13_FUNCTION,public.prevent_profile_role_escalation(),"{""kind"":""FUNCTION"",""name"":""prevent_profile_role_escalation"",""owner"":""postgres"",""result"":""trigger"",""schema"":""public"",""arguments"":"""",""definition"":""CREATE OR REPLACE FUNCTION public.prevent_profile_role_escalation()\n RETURNS trigger\n LANGUAGE plpgsql\n SET search_path TO 'public', 'auth'\nAS $function$\r\nbegin\r\n\r\n    if new.role is distinct from old.role then\r\n\r\n        if\r\n            current_user <> 'postgres'\r\n            and coalesce(auth.jwt() ->> 'role', '') <> 'service_role'\r\n        then\r\n\r\n            raise exception\r\n                'Profile role cannot be changed from the public application';\r\n\r\n        end if;\r\n\r\n    end if;\r\n\r\n    return new;\r\n\r\nend;\r\n$function$\n"",""volatility"":""VOLATILE"",""security_definer"":false}"
13_FUNCTION,public.set_limit(real),"{""kind"":""FUNCTION"",""name"":""set_limit"",""owner"":""supabase_admin"",""result"":""real"",""schema"":""public"",""arguments"":""real"",""definition"":""CREATE OR REPLACE FUNCTION public.set_limit(real)\n RETURNS real\n LANGUAGE c\n STRICT\nAS '$libdir/pg_trgm', $function$set_limit$function$\n"",""volatility"":""VOLATILE"",""security_definer"":false}"
13_FUNCTION,public.set_updated_at(),"{""kind"":""FUNCTION"",""name"":""set_updated_at"",""owner"":""postgres"",""result"":""trigger"",""schema"":""public"",""arguments"":"""",""definition"":""CREATE OR REPLACE FUNCTION public.set_updated_at()\n RETURNS trigger\n LANGUAGE plpgsql\n SET search_path TO 'public', 'auth'\nAS $function$\r\nbegin\r\n    new.updated_at = now();\r\n    return new;\r\nend;\r\n$function$\n"",""volatility"":""VOLATILE"",""security_definer"":false}"
13_FUNCTION,public.set_updated_at_and_user(),"{""kind"":""FUNCTION"",""name"":""set_updated_at_and_user"",""owner"":""postgres"",""result"":""trigger"",""schema"":""public"",""arguments"":"""",""definition"":""CREATE OR REPLACE FUNCTION public.set_updated_at_and_user()\n RETURNS trigger\n LANGUAGE plpgsql\n SET search_path TO 'public', 'auth'\nAS $function$\r\nbegin\r\n    new.updated_at = now();\r\n\r\n    if auth.uid() is not null then\r\n        new.updated_by = auth.uid();\r\n    end if;\r\n\r\n    return new;\r\nend;\r\n$function$\n"",""volatility"":""VOLATILE"",""security_definer"":false}"
13_FUNCTION,public.show_limit(),"{""kind"":""FUNCTION"",""name"":""show_limit"",""owner"":""supabase_admin"",""result"":""real"",""schema"":""public"",""arguments"":"""",""definition"":""CREATE OR REPLACE FUNCTION public.show_limit()\n RETURNS real\n LANGUAGE c\n STABLE PARALLEL SAFE STRICT\nAS '$libdir/pg_trgm', $function$show_limit$function$\n"",""volatility"":""STABLE"",""security_definer"":false}"
13_FUNCTION,public.show_trgm(text),"{""kind"":""FUNCTION"",""name"":""show_trgm"",""owner"":""supabase_admin"",""result"":""text[]"",""schema"":""public"",""arguments"":""text"",""definition"":""CREATE OR REPLACE FUNCTION public.show_trgm(text)\n RETURNS text[]\n LANGUAGE c\n IMMUTABLE PARALLEL SAFE STRICT\nAS '$libdir/pg_trgm', $function$show_trgm$function$\n"",""volatility"":""IMMUTABLE"",""security_definer"":false}"
13_FUNCTION,"public.similarity(text, text)","{""kind"":""FUNCTION"",""name"":""similarity"",""owner"":""supabase_admin"",""result"":""real"",""schema"":""public"",""arguments"":""text, text"",""definition"":""CREATE OR REPLACE FUNCTION public.similarity(text, text)\n RETURNS real\n LANGUAGE c\n IMMUTABLE PARALLEL SAFE STRICT\nAS '$libdir/pg_trgm', $function$similarity$function$\n"",""volatility"":""IMMUTABLE"",""security_definer"":false}"
13_FUNCTION,"public.similarity_dist(text, text)","{""kind"":""FUNCTION"",""name"":""similarity_dist"",""owner"":""supabase_admin"",""result"":""real"",""schema"":""public"",""arguments"":""text, text"",""definition"":""CREATE OR REPLACE FUNCTION public.similarity_dist(text, text)\n RETURNS real\n LANGUAGE c\n IMMUTABLE PARALLEL SAFE STRICT\nAS '$libdir/pg_trgm', $function$similarity_dist$function$\n"",""volatility"":""IMMUTABLE"",""security_definer"":false}"
13_FUNCTION,"public.similarity_op(text, text)","{""kind"":""FUNCTION"",""name"":""similarity_op"",""owner"":""supabase_admin"",""result"":""boolean"",""schema"":""public"",""arguments"":""text, text"",""definition"":""CREATE OR REPLACE FUNCTION public.similarity_op(text, text)\n RETURNS boolean\n LANGUAGE c\n STABLE PARALLEL SAFE STRICT\nAS '$libdir/pg_trgm', $function$similarity_op$function$\n"",""volatility"":""STABLE"",""security_definer"":false}"
13_FUNCTION,"public.strict_word_similarity(text, text)","{""kind"":""FUNCTION"",""name"":""strict_word_similarity"",""owner"":""supabase_admin"",""result"":""real"",""schema"":""public"",""arguments"":""text, text"",""definition"":""CREATE OR REPLACE FUNCTION public.strict_word_similarity(text, text)\n RETURNS real\n LANGUAGE c\n IMMUTABLE PARALLEL SAFE STRICT\nAS '$libdir/pg_trgm', $function$strict_word_similarity$function$\n"",""volatility"":""IMMUTABLE"",""security_definer"":false}"
13_FUNCTION,"public.strict_word_similarity_commutator_op(text, text)","{""kind"":""FUNCTION"",""name"":""strict_word_similarity_commutator_op"",""owner"":""supabase_admin"",""result"":""boolean"",""schema"":""public"",""arguments"":""text, text"",""definition"":""CREATE OR REPLACE FUNCTION public.strict_word_similarity_commutator_op(text, text)\n RETURNS boolean\n LANGUAGE c\n STABLE PARALLEL SAFE STRICT\nAS '$libdir/pg_trgm', $function$strict_word_similarity_commutator_op$function$\n"",""volatility"":""STABLE"",""security_definer"":false}"
13_FUNCTION,"public.strict_word_similarity_dist_commutator_op(text, text)","{""kind"":""FUNCTION"",""name"":""strict_word_similarity_dist_commutator_op"",""owner"":""supabase_admin"",""result"":""real"",""schema"":""public"",""arguments"":""text, text"",""definition"":""CREATE OR REPLACE FUNCTION public.strict_word_similarity_dist_commutator_op(text, text)\n RETURNS real\n LANGUAGE c\n IMMUTABLE PARALLEL SAFE STRICT\nAS '$libdir/pg_trgm', $function$strict_word_similarity_dist_commutator_op$function$\n"",""volatility"":""IMMUTABLE"",""security_definer"":false}"
13_FUNCTION,"public.strict_word_similarity_dist_op(text, text)","{""kind"":""FUNCTION"",""name"":""strict_word_similarity_dist_op"",""owner"":""supabase_admin"",""result"":""real"",""schema"":""public"",""arguments"":""text, text"",""definition"":""CREATE OR REPLACE FUNCTION public.strict_word_similarity_dist_op(text, text)\n RETURNS real\n LANGUAGE c\n IMMUTABLE PARALLEL SAFE STRICT\nAS '$libdir/pg_trgm', $function$strict_word_similarity_dist_op$function$\n"",""volatility"":""IMMUTABLE"",""security_definer"":false}"
13_FUNCTION,"public.strict_word_similarity_op(text, text)","{""kind"":""FUNCTION"",""name"":""strict_word_similarity_op"",""owner"":""supabase_admin"",""result"":""boolean"",""schema"":""public"",""arguments"":""text, text"",""definition"":""CREATE OR REPLACE FUNCTION public.strict_word_similarity_op(text, text)\n RETURNS boolean\n LANGUAGE c\n STABLE PARALLEL SAFE STRICT\nAS '$libdir/pg_trgm', $function$strict_word_similarity_op$function$\n"",""volatility"":""STABLE"",""security_definer"":false}"
13_FUNCTION,public.track_inquiry_status(),"{""kind"":""FUNCTION"",""name"":""track_inquiry_status"",""owner"":""postgres"",""result"":""trigger"",""schema"":""public"",""arguments"":"""",""definition"":""CREATE OR REPLACE FUNCTION public.track_inquiry_status()\n RETURNS trigger\n LANGUAGE plpgsql\n SECURITY DEFINER\n SET search_path TO 'public', 'auth'\nAS $function$\r\nbegin\r\n\r\n    if tg_op = 'INSERT' then\r\n\r\n        insert into public.inquiry_status_history (\r\n            inquiry_id,\r\n            old_status,\r\n            new_status,\r\n            changed_by\r\n        )\r\n        values (\r\n            new.id,\r\n            null,\r\n            new.status,\r\n            auth.uid()\r\n        );\r\n\r\n    elsif\r\n        new.status is distinct from old.status\r\n    then\r\n\r\n        insert into public.inquiry_status_history (\r\n            inquiry_id,\r\n            old_status,\r\n            new_status,\r\n            changed_by\r\n        )\r\n        values (\r\n            new.id,\r\n            old.status,\r\n            new.status,\r\n            auth.uid()\r\n        );\r\n\r\n    end if;\r\n\r\n    return new;\r\n\r\nend;\r\n$function$\n"",""volatility"":""VOLATILE"",""security_definer"":true}"
13_FUNCTION,public.validate_coffee_region_origin(),"{""kind"":""FUNCTION"",""name"":""validate_coffee_region_origin"",""owner"":""postgres"",""result"":""trigger"",""schema"":""public"",""arguments"":"""",""definition"":""CREATE OR REPLACE FUNCTION public.validate_coffee_region_origin()\n RETURNS trigger\n LANGUAGE plpgsql\n SET search_path TO 'public', 'auth'\nAS $function$\r\ndeclare\r\n    region_origin_id uuid;\r\nbegin\r\n\r\n    if new.region_id is null then\r\n        return new;\r\n    end if;\r\n\r\n    select r.origin_id\r\n    into region_origin_id\r\n    from public.regions r\r\n    where r.id = new.region_id;\r\n\r\n    if region_origin_id is null then\r\n        raise exception 'Region does not exist';\r\n    end if;\r\n\r\n    if region_origin_id <> new.origin_id then\r\n        raise exception\r\n            'Coffee region must belong to the selected origin';\r\n    end if;\r\n\r\n    return new;\r\n\r\nend;\r\n$function$\n"",""volatility"":""VOLATILE"",""security_definer"":false}"
13_FUNCTION,"public.word_similarity(text, text)","{""kind"":""FUNCTION"",""name"":""word_similarity"",""owner"":""supabase_admin"",""result"":""real"",""schema"":""public"",""arguments"":""text, text"",""definition"":""CREATE OR REPLACE FUNCTION public.word_similarity(text, text)\n RETURNS real\n LANGUAGE c\n IMMUTABLE PARALLEL SAFE STRICT\nAS '$libdir/pg_trgm', $function$word_similarity$function$\n"",""volatility"":""IMMUTABLE"",""security_definer"":false}"
13_FUNCTION,"public.word_similarity_commutator_op(text, text)","{""kind"":""FUNCTION"",""name"":""word_similarity_commutator_op"",""owner"":""supabase_admin"",""result"":""boolean"",""schema"":""public"",""arguments"":""text, text"",""definition"":""CREATE OR REPLACE FUNCTION public.word_similarity_commutator_op(text, text)\n RETURNS boolean\n LANGUAGE c\n STABLE PARALLEL SAFE STRICT\nAS '$libdir/pg_trgm', $function$word_similarity_commutator_op$function$\n"",""volatility"":""STABLE"",""security_definer"":false}"
13_FUNCTION,"public.word_similarity_dist_commutator_op(text, text)","{""kind"":""FUNCTION"",""name"":""word_similarity_dist_commutator_op"",""owner"":""supabase_admin"",""result"":""real"",""schema"":""public"",""arguments"":""text, text"",""definition"":""CREATE OR REPLACE FUNCTION public.word_similarity_dist_commutator_op(text, text)\n RETURNS real\n LANGUAGE c\n IMMUTABLE PARALLEL SAFE STRICT\nAS '$libdir/pg_trgm', $function$word_similarity_dist_commutator_op$function$\n"",""volatility"":""IMMUTABLE"",""security_definer"":false}"
13_FUNCTION,"public.word_similarity_dist_op(text, text)","{""kind"":""FUNCTION"",""name"":""word_similarity_dist_op"",""owner"":""supabase_admin"",""result"":""real"",""schema"":""public"",""arguments"":""text, text"",""definition"":""CREATE OR REPLACE FUNCTION public.word_similarity_dist_op(text, text)\n RETURNS real\n LANGUAGE c\n IMMUTABLE PARALLEL SAFE STRICT\nAS '$libdir/pg_trgm', $function$word_similarity_dist_op$function$\n"",""volatility"":""IMMUTABLE"",""security_definer"":false}"
13_FUNCTION,"public.word_similarity_op(text, text)","{""kind"":""FUNCTION"",""name"":""word_similarity_op"",""owner"":""supabase_admin"",""result"":""boolean"",""schema"":""public"",""arguments"":""text, text"",""definition"":""CREATE OR REPLACE FUNCTION public.word_similarity_op(text, text)\n RETURNS boolean\n LANGUAGE c\n STABLE PARALLEL SAFE STRICT\nAS '$libdir/pg_trgm', $function$word_similarity_op$function$\n"",""volatility"":""STABLE"",""security_definer"":false}"
14_ENUM,public.app_role,"{""enum"":""app_role"",""schema"":""public"",""values"":[""USER"",""ADMIN""]}"
14_ENUM,public.article_status,"{""enum"":""article_status"",""schema"":""public"",""values"":[""DRAFT"",""PUBLISHED"",""ARCHIVED""]}"
14_ENUM,public.coffee_status,"{""enum"":""coffee_status"",""schema"":""public"",""values"":[""DRAFT"",""PUBLISHED"",""ARCHIVED""]}"
14_ENUM,public.content_locale,"{""enum"":""content_locale"",""schema"":""public"",""values"":[""en"",""ar""]}"
14_ENUM,public.inquiry_status,"{""enum"":""inquiry_status"",""schema"":""public"",""values"":[""NEW"",""RECEIVED"",""CONTACTED"",""CLOSED""]}"
14_ENUM,public.inquiry_type,"{""enum"":""inquiry_type"",""schema"":""public"",""values"":[""GENERAL"",""PRODUCT"",""SAMPLE_REQUEST""]}"
14_ENUM,public.offer_status,"{""enum"":""offer_status"",""schema"":""public"",""values"":[""ARRIVING_SOON"",""NEW_ARRIVAL"",""IN_STORE"",""DISCOUNT"",""SOLD_OUT"",""INACTIVE""]}"
17_SEQUENCE,public.audit_logs_id_seq,"{""cycle"":false,""schema"":""public"",""sequence"":""audit_logs_id_seq"",""data_type"":""bigint"",""max_value"":9223372036854776000,""min_value"":1,""cache_size"":1,""start_value"":1,""increment_by"":1}"
17_SEQUENCE,public.inquiries_inquiry_number_seq,"{""cycle"":false,""schema"":""public"",""sequence"":""inquiries_inquiry_number_seq"",""data_type"":""bigint"",""max_value"":9223372036854776000,""min_value"":1,""cache_size"":1,""start_value"":1,""increment_by"":1}"
18_TABLE_GRANT,public.article_categories.anon.DELETE,"{""table"":""article_categories"",""schema"":""public"",""grantee"":""anon"",""grantor"":""postgres"",""grantable"":""NO"",""privilege"":""DELETE""}"
18_TABLE_GRANT,public.article_categories.anon.INSERT,"{""table"":""article_categories"",""schema"":""public"",""grantee"":""anon"",""grantor"":""postgres"",""grantable"":""NO"",""privilege"":""INSERT""}"
18_TABLE_GRANT,public.article_categories.anon.SELECT,"{""table"":""article_categories"",""schema"":""public"",""grantee"":""anon"",""grantor"":""postgres"",""grantable"":""NO"",""privilege"":""SELECT""}"
18_TABLE_GRANT,public.article_categories.anon.UPDATE,"{""table"":""article_categories"",""schema"":""public"",""grantee"":""anon"",""grantor"":""postgres"",""grantable"":""NO"",""privilege"":""UPDATE""}"
18_TABLE_GRANT,public.article_categories.authenticated.DELETE,"{""table"":""article_categories"",""schema"":""public"",""grantee"":""authenticated"",""grantor"":""postgres"",""grantable"":""NO"",""privilege"":""DELETE""}"
18_TABLE_GRANT,public.article_categories.authenticated.INSERT,"{""table"":""article_categories"",""schema"":""public"",""grantee"":""authenticated"",""grantor"":""postgres"",""grantable"":""NO"",""privilege"":""INSERT""}"
18_TABLE_GRANT,public.article_categories.authenticated.SELECT,"{""table"":""article_categories"",""schema"":""public"",""grantee"":""authenticated"",""grantor"":""postgres"",""grantable"":""NO"",""privilege"":""SELECT""}"
18_TABLE_GRANT,public.article_categories.authenticated.UPDATE,"{""table"":""article_categories"",""schema"":""public"",""grantee"":""authenticated"",""grantor"":""postgres"",""grantable"":""NO"",""privilege"":""UPDATE""}"
18_TABLE_GRANT,public.article_categories.postgres.DELETE,"{""table"":""article_categories"",""schema"":""public"",""grantee"":""postgres"",""grantor"":""postgres"",""grantable"":""YES"",""privilege"":""DELETE""}"
18_TABLE_GRANT,public.article_categories.postgres.INSERT,"{""table"":""article_categories"",""schema"":""public"",""grantee"":""postgres"",""grantor"":""postgres"",""grantable"":""YES"",""privilege"":""INSERT""}"
18_TABLE_GRANT,public.article_categories.postgres.REFERENCES,"{""table"":""article_categories"",""schema"":""public"",""grantee"":""postgres"",""grantor"":""postgres"",""grantable"":""YES"",""privilege"":""REFERENCES""}"
18_TABLE_GRANT,public.article_categories.postgres.SELECT,"{""table"":""article_categories"",""schema"":""public"",""grantee"":""postgres"",""grantor"":""postgres"",""grantable"":""YES"",""privilege"":""SELECT""}"
18_TABLE_GRANT,public.article_categories.postgres.TRIGGER,"{""table"":""article_categories"",""schema"":""public"",""grantee"":""postgres"",""grantor"":""postgres"",""grantable"":""YES"",""privilege"":""TRIGGER""}"
18_TABLE_GRANT,public.article_categories.postgres.TRUNCATE,"{""table"":""article_categories"",""schema"":""public"",""grantee"":""postgres"",""grantor"":""postgres"",""grantable"":""YES"",""privilege"":""TRUNCATE""}"
18_TABLE_GRANT,public.article_categories.postgres.UPDATE,"{""table"":""article_categories"",""schema"":""public"",""grantee"":""postgres"",""grantor"":""postgres"",""grantable"":""YES"",""privilege"":""UPDATE""}"
18_TABLE_GRANT,public.article_categories.service_role.DELETE,"{""table"":""article_categories"",""schema"":""public"",""grantee"":""service_role"",""grantor"":""postgres"",""grantable"":""NO"",""privilege"":""DELETE""}"
18_TABLE_GRANT,public.article_categories.service_role.INSERT,"{""table"":""article_categories"",""schema"":""public"",""grantee"":""service_role"",""grantor"":""postgres"",""grantable"":""NO"",""privilege"":""INSERT""}"
18_TABLE_GRANT,public.article_categories.service_role.REFERENCES,"{""table"":""article_categories"",""schema"":""public"",""grantee"":""service_role"",""grantor"":""postgres"",""grantable"":""NO"",""privilege"":""REFERENCES""}"
18_TABLE_GRANT,public.article_categories.service_role.SELECT,"{""table"":""article_categories"",""schema"":""public"",""grantee"":""service_role"",""grantor"":""postgres"",""grantable"":""NO"",""privilege"":""SELECT""}"
18_TABLE_GRANT,public.article_categories.service_role.TRIGGER,"{""table"":""article_categories"",""schema"":""public"",""grantee"":""service_role"",""grantor"":""postgres"",""grantable"":""NO"",""privilege"":""TRIGGER""}"
18_TABLE_GRANT,public.article_categories.service_role.TRUNCATE,"{""table"":""article_categories"",""schema"":""public"",""grantee"":""service_role"",""grantor"":""postgres"",""grantable"":""NO"",""privilege"":""TRUNCATE""}"
18_TABLE_GRANT,public.article_categories.service_role.UPDATE,"{""table"":""article_categories"",""schema"":""public"",""grantee"":""service_role"",""grantor"":""postgres"",""grantable"":""NO"",""privilege"":""UPDATE""}"
18_TABLE_GRANT,public.article_category_translations.anon.DELETE,"{""table"":""article_category_translations"",""schema"":""public"",""grantee"":""anon"",""grantor"":""postgres"",""grantable"":""NO"",""privilege"":""DELETE""}"
18_TABLE_GRANT,public.article_category_translations.anon.INSERT,"{""table"":""article_category_translations"",""schema"":""public"",""grantee"":""anon"",""grantor"":""postgres"",""grantable"":""NO"",""privilege"":""INSERT""}"
18_TABLE_GRANT,public.article_category_translations.anon.SELECT,"{""table"":""article_category_translations"",""schema"":""public"",""grantee"":""anon"",""grantor"":""postgres"",""grantable"":""NO"",""privilege"":""SELECT""}"
18_TABLE_GRANT,public.article_category_translations.anon.UPDATE,"{""table"":""article_category_translations"",""schema"":""public"",""grantee"":""anon"",""grantor"":""postgres"",""grantable"":""NO"",""privilege"":""UPDATE""}"
18_TABLE_GRANT,public.article_category_translations.authenticated.DELETE,"{""table"":""article_category_translations"",""schema"":""public"",""grantee"":""authenticated"",""grantor"":""postgres"",""grantable"":""NO"",""privilege"":""DELETE""}"
18_TABLE_GRANT,public.article_category_translations.authenticated.INSERT,"{""table"":""article_category_translations"",""schema"":""public"",""grantee"":""authenticated"",""grantor"":""postgres"",""grantable"":""NO"",""privilege"":""INSERT""}"
18_TABLE_GRANT,public.article_category_translations.authenticated.SELECT,"{""table"":""article_category_translations"",""schema"":""public"",""grantee"":""authenticated"",""grantor"":""postgres"",""grantable"":""NO"",""privilege"":""SELECT""}"
18_TABLE_GRANT,public.article_category_translations.authenticated.UPDATE,"{""table"":""article_category_translations"",""schema"":""public"",""grantee"":""authenticated"",""grantor"":""postgres"",""grantable"":""NO"",""privilege"":""UPDATE""}"
18_TABLE_GRANT,public.article_category_translations.postgres.DELETE,"{""table"":""article_category_translations"",""schema"":""public"",""grantee"":""postgres"",""grantor"":""postgres"",""grantable"":""YES"",""privilege"":""DELETE""}"
18_TABLE_GRANT,public.article_category_translations.postgres.INSERT,"{""table"":""article_category_translations"",""schema"":""public"",""grantee"":""postgres"",""grantor"":""postgres"",""grantable"":""YES"",""privilege"":""INSERT""}"
18_TABLE_GRANT,public.article_category_translations.postgres.REFERENCES,"{""table"":""article_category_translations"",""schema"":""public"",""grantee"":""postgres"",""grantor"":""postgres"",""grantable"":""YES"",""privilege"":""REFERENCES""}"
18_TABLE_GRANT,public.article_category_translations.postgres.SELECT,"{""table"":""article_category_translations"",""schema"":""public"",""grantee"":""postgres"",""grantor"":""postgres"",""grantable"":""YES"",""privilege"":""SELECT""}"
18_TABLE_GRANT,public.article_category_translations.postgres.TRIGGER,"{""table"":""article_category_translations"",""schema"":""public"",""grantee"":""postgres"",""grantor"":""postgres"",""grantable"":""YES"",""privilege"":""TRIGGER""}"
18_TABLE_GRANT,public.article_category_translations.postgres.TRUNCATE,"{""table"":""article_category_translations"",""schema"":""public"",""grantee"":""postgres"",""grantor"":""postgres"",""grantable"":""YES"",""privilege"":""TRUNCATE""}"
18_TABLE_GRANT,public.article_category_translations.postgres.UPDATE,"{""table"":""article_category_translations"",""schema"":""public"",""grantee"":""postgres"",""grantor"":""postgres"",""grantable"":""YES"",""privilege"":""UPDATE""}"
18_TABLE_GRANT,public.article_category_translations.service_role.DELETE,"{""table"":""article_category_translations"",""schema"":""public"",""grantee"":""service_role"",""grantor"":""postgres"",""grantable"":""NO"",""privilege"":""DELETE""}"
18_TABLE_GRANT,public.article_category_translations.service_role.INSERT,"{""table"":""article_category_translations"",""schema"":""public"",""grantee"":""service_role"",""grantor"":""postgres"",""grantable"":""NO"",""privilege"":""INSERT""}"
18_TABLE_GRANT,public.article_category_translations.service_role.REFERENCES,"{""table"":""article_category_translations"",""schema"":""public"",""grantee"":""service_role"",""grantor"":""postgres"",""grantable"":""NO"",""privilege"":""REFERENCES""}"
18_TABLE_GRANT,public.article_category_translations.service_role.SELECT,"{""table"":""article_category_translations"",""schema"":""public"",""grantee"":""service_role"",""grantor"":""postgres"",""grantable"":""NO"",""privilege"":""SELECT""}"
18_TABLE_GRANT,public.article_category_translations.service_role.TRIGGER,"{""table"":""article_category_translations"",""schema"":""public"",""grantee"":""service_role"",""grantor"":""postgres"",""grantable"":""NO"",""privilege"":""TRIGGER""}"
18_TABLE_GRANT,public.article_category_translations.service_role.TRUNCATE,"{""table"":""article_category_translations"",""schema"":""public"",""grantee"":""service_role"",""grantor"":""postgres"",""grantable"":""NO"",""privilege"":""TRUNCATE""}"
18_TABLE_GRANT,public.article_category_translations.service_role.UPDATE,"{""table"":""article_category_translations"",""schema"":""public"",""grantee"":""service_role"",""grantor"":""postgres"",""grantable"":""NO"",""privilege"":""UPDATE""}"
18_TABLE_GRANT,public.article_translations.anon.DELETE,"{""table"":""article_translations"",""schema"":""public"",""grantee"":""anon"",""grantor"":""postgres"",""grantable"":""NO"",""privilege"":""DELETE""}"
18_TABLE_GRANT,public.article_translations.anon.INSERT,"{""table"":""article_translations"",""schema"":""public"",""grantee"":""anon"",""grantor"":""postgres"",""grantable"":""NO"",""privilege"":""INSERT""}"
18_TABLE_GRANT,public.article_translations.anon.SELECT,"{""table"":""article_translations"",""schema"":""public"",""grantee"":""anon"",""grantor"":""postgres"",""grantable"":""NO"",""privilege"":""SELECT""}"
18_TABLE_GRANT,public.article_translations.anon.UPDATE,"{""table"":""article_translations"",""schema"":""public"",""grantee"":""anon"",""grantor"":""postgres"",""grantable"":""NO"",""privilege"":""UPDATE""}"
18_TABLE_GRANT,public.article_translations.authenticated.DELETE,"{""table"":""article_translations"",""schema"":""public"",""grantee"":""authenticated"",""grantor"":""postgres"",""grantable"":""NO"",""privilege"":""DELETE""}"
18_TABLE_GRANT,public.article_translations.authenticated.INSERT,"{""table"":""article_translations"",""schema"":""public"",""grantee"":""authenticated"",""grantor"":""postgres"",""grantable"":""NO"",""privilege"":""INSERT""}"
18_TABLE_GRANT,public.article_translations.authenticated.SELECT,"{""table"":""article_translations"",""schema"":""public"",""grantee"":""authenticated"",""grantor"":""postgres"",""grantable"":""NO"",""privilege"":""SELECT""}"
18_TABLE_GRANT,public.article_translations.authenticated.UPDATE,"{""table"":""article_translations"",""schema"":""public"",""grantee"":""authenticated"",""grantor"":""postgres"",""grantable"":""NO"",""privilege"":""UPDATE""}"
18_TABLE_GRANT,public.article_translations.postgres.DELETE,"{""table"":""article_translations"",""schema"":""public"",""grantee"":""postgres"",""grantor"":""postgres"",""grantable"":""YES"",""privilege"":""DELETE""}"
18_TABLE_GRANT,public.article_translations.postgres.INSERT,"{""table"":""article_translations"",""schema"":""public"",""grantee"":""postgres"",""grantor"":""postgres"",""grantable"":""YES"",""privilege"":""INSERT""}"
18_TABLE_GRANT,public.article_translations.postgres.REFERENCES,"{""table"":""article_translations"",""schema"":""public"",""grantee"":""postgres"",""grantor"":""postgres"",""grantable"":""YES"",""privilege"":""REFERENCES""}"
18_TABLE_GRANT,public.article_translations.postgres.SELECT,"{""table"":""article_translations"",""schema"":""public"",""grantee"":""postgres"",""grantor"":""postgres"",""grantable"":""YES"",""privilege"":""SELECT""}"
18_TABLE_GRANT,public.article_translations.postgres.TRIGGER,"{""table"":""article_translations"",""schema"":""public"",""grantee"":""postgres"",""grantor"":""postgres"",""grantable"":""YES"",""privilege"":""TRIGGER""}"
18_TABLE_GRANT,public.article_translations.postgres.TRUNCATE,"{""table"":""article_translations"",""schema"":""public"",""grantee"":""postgres"",""grantor"":""postgres"",""grantable"":""YES"",""privilege"":""TRUNCATE""}"
18_TABLE_GRANT,public.article_translations.postgres.UPDATE,"{""table"":""article_translations"",""schema"":""public"",""grantee"":""postgres"",""grantor"":""postgres"",""grantable"":""YES"",""privilege"":""UPDATE""}"
18_TABLE_GRANT,public.article_translations.service_role.DELETE,"{""table"":""article_translations"",""schema"":""public"",""grantee"":""service_role"",""grantor"":""postgres"",""grantable"":""NO"",""privilege"":""DELETE""}"
18_TABLE_GRANT,public.article_translations.service_role.INSERT,"{""table"":""article_translations"",""schema"":""public"",""grantee"":""service_role"",""grantor"":""postgres"",""grantable"":""NO"",""privilege"":""INSERT""}"
18_TABLE_GRANT,public.article_translations.service_role.REFERENCES,"{""table"":""article_translations"",""schema"":""public"",""grantee"":""service_role"",""grantor"":""postgres"",""grantable"":""NO"",""privilege"":""REFERENCES""}"
18_TABLE_GRANT,public.article_translations.service_role.SELECT,"{""table"":""article_translations"",""schema"":""public"",""grantee"":""service_role"",""grantor"":""postgres"",""grantable"":""NO"",""privilege"":""SELECT""}"
18_TABLE_GRANT,public.article_translations.service_role.TRIGGER,"{""table"":""article_translations"",""schema"":""public"",""grantee"":""service_role"",""grantor"":""postgres"",""grantable"":""NO"",""privilege"":""TRIGGER""}"
18_TABLE_GRANT,public.article_translations.service_role.TRUNCATE,"{""table"":""article_translations"",""schema"":""public"",""grantee"":""service_role"",""grantor"":""postgres"",""grantable"":""NO"",""privilege"":""TRUNCATE""}"
18_TABLE_GRANT,public.article_translations.service_role.UPDATE,"{""table"":""article_translations"",""schema"":""public"",""grantee"":""service_role"",""grantor"":""postgres"",""grantable"":""NO"",""privilege"":""UPDATE""}"
18_TABLE_GRANT,public.articles.anon.DELETE,"{""table"":""articles"",""schema"":""public"",""grantee"":""anon"",""grantor"":""postgres"",""grantable"":""NO"",""privilege"":""DELETE""}"
18_TABLE_GRANT,public.articles.anon.INSERT,"{""table"":""articles"",""schema"":""public"",""grantee"":""anon"",""grantor"":""postgres"",""grantable"":""NO"",""privilege"":""INSERT""}"
18_TABLE_GRANT,public.articles.anon.SELECT,"{""table"":""articles"",""schema"":""public"",""grantee"":""anon"",""grantor"":""postgres"",""grantable"":""NO"",""privilege"":""SELECT""}"
18_TABLE_GRANT,public.articles.anon.UPDATE,"{""table"":""articles"",""schema"":""public"",""grantee"":""anon"",""grantor"":""postgres"",""grantable"":""NO"",""privilege"":""UPDATE""}"
18_TABLE_GRANT,public.articles.authenticated.DELETE,"{""table"":""articles"",""schema"":""public"",""grantee"":""authenticated"",""grantor"":""postgres"",""grantable"":""NO"",""privilege"":""DELETE""}"
18_TABLE_GRANT,public.articles.authenticated.INSERT,"{""table"":""articles"",""schema"":""public"",""grantee"":""authenticated"",""grantor"":""postgres"",""grantable"":""NO"",""privilege"":""INSERT""}"
18_TABLE_GRANT,public.articles.authenticated.SELECT,"{""table"":""articles"",""schema"":""public"",""grantee"":""authenticated"",""grantor"":""postgres"",""grantable"":""NO"",""privilege"":""SELECT""}"
18_TABLE_GRANT,public.articles.authenticated.UPDATE,"{""table"":""articles"",""schema"":""public"",""grantee"":""authenticated"",""grantor"":""postgres"",""grantable"":""NO"",""privilege"":""UPDATE""}"
18_TABLE_GRANT,public.articles.postgres.DELETE,"{""table"":""articles"",""schema"":""public"",""grantee"":""postgres"",""grantor"":""postgres"",""grantable"":""YES"",""privilege"":""DELETE""}"
18_TABLE_GRANT,public.articles.postgres.INSERT,"{""table"":""articles"",""schema"":""public"",""grantee"":""postgres"",""grantor"":""postgres"",""grantable"":""YES"",""privilege"":""INSERT""}"
18_TABLE_GRANT,public.articles.postgres.REFERENCES,"{""table"":""articles"",""schema"":""public"",""grantee"":""postgres"",""grantor"":""postgres"",""grantable"":""YES"",""privilege"":""REFERENCES""}"
18_TABLE_GRANT,public.articles.postgres.SELECT,"{""table"":""articles"",""schema"":""public"",""grantee"":""postgres"",""grantor"":""postgres"",""grantable"":""YES"",""privilege"":""SELECT""}"
18_TABLE_GRANT,public.articles.postgres.TRIGGER,"{""table"":""articles"",""schema"":""public"",""grantee"":""postgres"",""grantor"":""postgres"",""grantable"":""YES"",""privilege"":""TRIGGER""}"
18_TABLE_GRANT,public.articles.postgres.TRUNCATE,"{""table"":""articles"",""schema"":""public"",""grantee"":""postgres"",""grantor"":""postgres"",""grantable"":""YES"",""privilege"":""TRUNCATE""}"
18_TABLE_GRANT,public.articles.postgres.UPDATE,"{""table"":""articles"",""schema"":""public"",""grantee"":""postgres"",""grantor"":""postgres"",""grantable"":""YES"",""privilege"":""UPDATE""}"
18_TABLE_GRANT,public.articles.service_role.DELETE,"{""table"":""articles"",""schema"":""public"",""grantee"":""service_role"",""grantor"":""postgres"",""grantable"":""NO"",""privilege"":""DELETE""}"
18_TABLE_GRANT,public.articles.service_role.INSERT,"{""table"":""articles"",""schema"":""public"",""grantee"":""service_role"",""grantor"":""postgres"",""grantable"":""NO"",""privilege"":""INSERT""}"
18_TABLE_GRANT,public.articles.service_role.REFERENCES,"{""table"":""articles"",""schema"":""public"",""grantee"":""service_role"",""grantor"":""postgres"",""grantable"":""NO"",""privilege"":""REFERENCES""}"
18_TABLE_GRANT,public.articles.service_role.SELECT,"{""table"":""articles"",""schema"":""public"",""grantee"":""service_role"",""grantor"":""postgres"",""grantable"":""NO"",""privilege"":""SELECT""}"
18_TABLE_GRANT,public.articles.service_role.TRIGGER,"{""table"":""articles"",""schema"":""public"",""grantee"":""service_role"",""grantor"":""postgres"",""grantable"":""NO"",""privilege"":""TRIGGER""}"
18_TABLE_GRANT,public.articles.service_role.TRUNCATE,"{""table"":""articles"",""schema"":""public"",""grantee"":""service_role"",""grantor"":""postgres"",""grantable"":""NO"",""privilege"":""TRUNCATE""}"
18_TABLE_GRANT,public.articles.service_role.UPDATE,"{""table"":""articles"",""schema"":""public"",""grantee"":""service_role"",""grantor"":""postgres"",""grantable"":""NO"",""privilege"":""UPDATE""}"
18_TABLE_GRANT,public.audit_logs.anon.DELETE,"{""table"":""audit_logs"",""schema"":""public"",""grantee"":""anon"",""grantor"":""postgres"",""grantable"":""NO"",""privilege"":""DELETE""}"
18_TABLE_GRANT,public.audit_logs.anon.INSERT,"{""table"":""audit_logs"",""schema"":""public"",""grantee"":""anon"",""grantor"":""postgres"",""grantable"":""NO"",""privilege"":""INSERT""}"
18_TABLE_GRANT,public.audit_logs.anon.SELECT,"{""table"":""audit_logs"",""schema"":""public"",""grantee"":""anon"",""grantor"":""postgres"",""grantable"":""NO"",""privilege"":""SELECT""}"
18_TABLE_GRANT,public.audit_logs.anon.UPDATE,"{""table"":""audit_logs"",""schema"":""public"",""grantee"":""anon"",""grantor"":""postgres"",""grantable"":""NO"",""privilege"":""UPDATE""}"
18_TABLE_GRANT,public.audit_logs.authenticated.DELETE,"{""table"":""audit_logs"",""schema"":""public"",""grantee"":""authenticated"",""grantor"":""postgres"",""grantable"":""NO"",""privilege"":""DELETE""}"
18_TABLE_GRANT,public.audit_logs.authenticated.INSERT,"{""table"":""audit_logs"",""schema"":""public"",""grantee"":""authenticated"",""grantor"":""postgres"",""grantable"":""NO"",""privilege"":""INSERT""}"
18_TABLE_GRANT,public.audit_logs.authenticated.SELECT,"{""table"":""audit_logs"",""schema"":""public"",""grantee"":""authenticated"",""grantor"":""postgres"",""grantable"":""NO"",""privilege"":""SELECT""}"
18_TABLE_GRANT,public.audit_logs.authenticated.UPDATE,"{""table"":""audit_logs"",""schema"":""public"",""grantee"":""authenticated"",""grantor"":""postgres"",""grantable"":""NO"",""privilege"":""UPDATE""}"
18_TABLE_GRANT,public.audit_logs.postgres.DELETE,"{""table"":""audit_logs"",""schema"":""public"",""grantee"":""postgres"",""grantor"":""postgres"",""grantable"":""YES"",""privilege"":""DELETE""}"
18_TABLE_GRANT,public.audit_logs.postgres.INSERT,"{""table"":""audit_logs"",""schema"":""public"",""grantee"":""postgres"",""grantor"":""postgres"",""grantable"":""YES"",""privilege"":""INSERT""}"
18_TABLE_GRANT,public.audit_logs.postgres.REFERENCES,"{""table"":""audit_logs"",""schema"":""public"",""grantee"":""postgres"",""grantor"":""postgres"",""grantable"":""YES"",""privilege"":""REFERENCES""}"
18_TABLE_GRANT,public.audit_logs.postgres.SELECT,"{""table"":""audit_logs"",""schema"":""public"",""grantee"":""postgres"",""grantor"":""postgres"",""grantable"":""YES"",""privilege"":""SELECT""}"
18_TABLE_GRANT,public.audit_logs.postgres.TRIGGER,"{""table"":""audit_logs"",""schema"":""public"",""grantee"":""postgres"",""grantor"":""postgres"",""grantable"":""YES"",""privilege"":""TRIGGER""}"
18_TABLE_GRANT,public.audit_logs.postgres.TRUNCATE,"{""table"":""audit_logs"",""schema"":""public"",""grantee"":""postgres"",""grantor"":""postgres"",""grantable"":""YES"",""privilege"":""TRUNCATE""}"
18_TABLE_GRANT,public.audit_logs.postgres.UPDATE,"{""table"":""audit_logs"",""schema"":""public"",""grantee"":""postgres"",""grantor"":""postgres"",""grantable"":""YES"",""privilege"":""UPDATE""}"
18_TABLE_GRANT,public.audit_logs.service_role.DELETE,"{""table"":""audit_logs"",""schema"":""public"",""grantee"":""service_role"",""grantor"":""postgres"",""grantable"":""NO"",""privilege"":""DELETE""}"
18_TABLE_GRANT,public.audit_logs.service_role.INSERT,"{""table"":""audit_logs"",""schema"":""public"",""grantee"":""service_role"",""grantor"":""postgres"",""grantable"":""NO"",""privilege"":""INSERT""}"
18_TABLE_GRANT,public.audit_logs.service_role.REFERENCES,"{""table"":""audit_logs"",""schema"":""public"",""grantee"":""service_role"",""grantor"":""postgres"",""grantable"":""NO"",""privilege"":""REFERENCES""}"
18_TABLE_GRANT,public.audit_logs.service_role.SELECT,"{""table"":""audit_logs"",""schema"":""public"",""grantee"":""service_role"",""grantor"":""postgres"",""grantable"":""NO"",""privilege"":""SELECT""}"
18_TABLE_GRANT,public.audit_logs.service_role.TRIGGER,"{""table"":""audit_logs"",""schema"":""public"",""grantee"":""service_role"",""grantor"":""postgres"",""grantable"":""NO"",""privilege"":""TRIGGER""}"
18_TABLE_GRANT,public.audit_logs.service_role.TRUNCATE,"{""table"":""audit_logs"",""schema"":""public"",""grantee"":""service_role"",""grantor"":""postgres"",""grantable"":""NO"",""privilege"":""TRUNCATE""}"
18_TABLE_GRANT,public.audit_logs.service_role.UPDATE,"{""table"":""audit_logs"",""schema"":""public"",""grantee"":""service_role"",""grantor"":""postgres"",""grantable"":""NO"",""privilege"":""UPDATE""}"
18_TABLE_GRANT,public.certification_translations.anon.DELETE,"{""table"":""certification_translations"",""schema"":""public"",""grantee"":""anon"",""grantor"":""postgres"",""grantable"":""NO"",""privilege"":""DELETE""}"
18_TABLE_GRANT,public.certification_translations.anon.INSERT,"{""table"":""certification_translations"",""schema"":""public"",""grantee"":""anon"",""grantor"":""postgres"",""grantable"":""NO"",""privilege"":""INSERT""}"
18_TABLE_GRANT,public.certification_translations.anon.SELECT,"{""table"":""certification_translations"",""schema"":""public"",""grantee"":""anon"",""grantor"":""postgres"",""grantable"":""NO"",""privilege"":""SELECT""}"
18_TABLE_GRANT,public.certification_translations.anon.UPDATE,"{""table"":""certification_translations"",""schema"":""public"",""grantee"":""anon"",""grantor"":""postgres"",""grantable"":""NO"",""privilege"":""UPDATE""}"
18_TABLE_GRANT,public.certification_translations.authenticated.DELETE,"{""table"":""certification_translations"",""schema"":""public"",""grantee"":""authenticated"",""grantor"":""postgres"",""grantable"":""NO"",""privilege"":""DELETE""}"
18_TABLE_GRANT,public.certification_translations.authenticated.INSERT,"{""table"":""certification_translations"",""schema"":""public"",""grantee"":""authenticated"",""grantor"":""postgres"",""grantable"":""NO"",""privilege"":""INSERT""}"
18_TABLE_GRANT,public.certification_translations.authenticated.SELECT,"{""table"":""certification_translations"",""schema"":""public"",""grantee"":""authenticated"",""grantor"":""postgres"",""grantable"":""NO"",""privilege"":""SELECT""}"
18_TABLE_GRANT,public.certification_translations.authenticated.UPDATE,"{""table"":""certification_translations"",""schema"":""public"",""grantee"":""authenticated"",""grantor"":""postgres"",""grantable"":""NO"",""privilege"":""UPDATE""}"
18_TABLE_GRANT,public.certification_translations.postgres.DELETE,"{""table"":""certification_translations"",""schema"":""public"",""grantee"":""postgres"",""grantor"":""postgres"",""grantable"":""YES"",""privilege"":""DELETE""}"
18_TABLE_GRANT,public.certification_translations.postgres.INSERT,"{""table"":""certification_translations"",""schema"":""public"",""grantee"":""postgres"",""grantor"":""postgres"",""grantable"":""YES"",""privilege"":""INSERT""}"
18_TABLE_GRANT,public.certification_translations.postgres.REFERENCES,"{""table"":""certification_translations"",""schema"":""public"",""grantee"":""postgres"",""grantor"":""postgres"",""grantable"":""YES"",""privilege"":""REFERENCES""}"
18_TABLE_GRANT,public.certification_translations.postgres.SELECT,"{""table"":""certification_translations"",""schema"":""public"",""grantee"":""postgres"",""grantor"":""postgres"",""grantable"":""YES"",""privilege"":""SELECT""}"
18_TABLE_GRANT,public.certification_translations.postgres.TRIGGER,"{""table"":""certification_translations"",""schema"":""public"",""grantee"":""postgres"",""grantor"":""postgres"",""grantable"":""YES"",""privilege"":""TRIGGER""}"
18_TABLE_GRANT,public.certification_translations.postgres.TRUNCATE,"{""table"":""certification_translations"",""schema"":""public"",""grantee"":""postgres"",""grantor"":""postgres"",""grantable"":""YES"",""privilege"":""TRUNCATE""}"
18_TABLE_GRANT,public.certification_translations.postgres.UPDATE,"{""table"":""certification_translations"",""schema"":""public"",""grantee"":""postgres"",""grantor"":""postgres"",""grantable"":""YES"",""privilege"":""UPDATE""}"
18_TABLE_GRANT,public.certification_translations.service_role.DELETE,"{""table"":""certification_translations"",""schema"":""public"",""grantee"":""service_role"",""grantor"":""postgres"",""grantable"":""NO"",""privilege"":""DELETE""}"
18_TABLE_GRANT,public.certification_translations.service_role.INSERT,"{""table"":""certification_translations"",""schema"":""public"",""grantee"":""service_role"",""grantor"":""postgres"",""grantable"":""NO"",""privilege"":""INSERT""}"
18_TABLE_GRANT,public.certification_translations.service_role.REFERENCES,"{""table"":""certification_translations"",""schema"":""public"",""grantee"":""service_role"",""grantor"":""postgres"",""grantable"":""NO"",""privilege"":""REFERENCES""}"
18_TABLE_GRANT,public.certification_translations.service_role.SELECT,"{""table"":""certification_translations"",""schema"":""public"",""grantee"":""service_role"",""grantor"":""postgres"",""grantable"":""NO"",""privilege"":""SELECT""}"
18_TABLE_GRANT,public.certification_translations.service_role.TRIGGER,"{""table"":""certification_translations"",""schema"":""public"",""grantee"":""service_role"",""grantor"":""postgres"",""grantable"":""NO"",""privilege"":""TRIGGER""}"
18_TABLE_GRANT,public.certification_translations.service_role.TRUNCATE,"{""table"":""certification_translations"",""schema"":""public"",""grantee"":""service_role"",""grantor"":""postgres"",""grantable"":""NO"",""privilege"":""TRUNCATE""}"
18_TABLE_GRANT,public.certification_translations.service_role.UPDATE,"{""table"":""certification_translations"",""schema"":""public"",""grantee"":""service_role"",""grantor"":""postgres"",""grantable"":""NO"",""privilege"":""UPDATE""}"
18_TABLE_GRANT,public.certifications.anon.DELETE,"{""table"":""certifications"",""schema"":""public"",""grantee"":""anon"",""grantor"":""postgres"",""grantable"":""NO"",""privilege"":""DELETE""}"
18_TABLE_GRANT,public.certifications.anon.INSERT,"{""table"":""certifications"",""schema"":""public"",""grantee"":""anon"",""grantor"":""postgres"",""grantable"":""NO"",""privilege"":""INSERT""}"
18_TABLE_GRANT,public.certifications.anon.SELECT,"{""table"":""certifications"",""schema"":""public"",""grantee"":""anon"",""grantor"":""postgres"",""grantable"":""NO"",""privilege"":""SELECT""}"
18_TABLE_GRANT,public.certifications.anon.UPDATE,"{""table"":""certifications"",""schema"":""public"",""grantee"":""anon"",""grantor"":""postgres"",""grantable"":""NO"",""privilege"":""UPDATE""}"
18_TABLE_GRANT,public.certifications.authenticated.DELETE,"{""table"":""certifications"",""schema"":""public"",""grantee"":""authenticated"",""grantor"":""postgres"",""grantable"":""NO"",""privilege"":""DELETE""}"
18_TABLE_GRANT,public.certifications.authenticated.INSERT,"{""table"":""certifications"",""schema"":""public"",""grantee"":""authenticated"",""grantor"":""postgres"",""grantable"":""NO"",""privilege"":""INSERT""}"
18_TABLE_GRANT,public.certifications.authenticated.SELECT,"{""table"":""certifications"",""schema"":""public"",""grantee"":""authenticated"",""grantor"":""postgres"",""grantable"":""NO"",""privilege"":""SELECT""}"
18_TABLE_GRANT,public.certifications.authenticated.UPDATE,"{""table"":""certifications"",""schema"":""public"",""grantee"":""authenticated"",""grantor"":""postgres"",""grantable"":""NO"",""privilege"":""UPDATE""}"
18_TABLE_GRANT,public.certifications.postgres.DELETE,"{""table"":""certifications"",""schema"":""public"",""grantee"":""postgres"",""grantor"":""postgres"",""grantable"":""YES"",""privilege"":""DELETE""}"
18_TABLE_GRANT,public.certifications.postgres.INSERT,"{""table"":""certifications"",""schema"":""public"",""grantee"":""postgres"",""grantor"":""postgres"",""grantable"":""YES"",""privilege"":""INSERT""}"
18_TABLE_GRANT,public.certifications.postgres.REFERENCES,"{""table"":""certifications"",""schema"":""public"",""grantee"":""postgres"",""grantor"":""postgres"",""grantable"":""YES"",""privilege"":""REFERENCES""}"
18_TABLE_GRANT,public.certifications.postgres.SELECT,"{""table"":""certifications"",""schema"":""public"",""grantee"":""postgres"",""grantor"":""postgres"",""grantable"":""YES"",""privilege"":""SELECT""}"
18_TABLE_GRANT,public.certifications.postgres.TRIGGER,"{""table"":""certifications"",""schema"":""public"",""grantee"":""postgres"",""grantor"":""postgres"",""grantable"":""YES"",""privilege"":""TRIGGER""}"
18_TABLE_GRANT,public.certifications.postgres.TRUNCATE,"{""table"":""certifications"",""schema"":""public"",""grantee"":""postgres"",""grantor"":""postgres"",""grantable"":""YES"",""privilege"":""TRUNCATE""}"
18_TABLE_GRANT,public.certifications.postgres.UPDATE,"{""table"":""certifications"",""schema"":""public"",""grantee"":""postgres"",""grantor"":""postgres"",""grantable"":""YES"",""privilege"":""UPDATE""}"
18_TABLE_GRANT,public.certifications.service_role.DELETE,"{""table"":""certifications"",""schema"":""public"",""grantee"":""service_role"",""grantor"":""postgres"",""grantable"":""NO"",""privilege"":""DELETE""}"
18_TABLE_GRANT,public.certifications.service_role.INSERT,"{""table"":""certifications"",""schema"":""public"",""grantee"":""service_role"",""grantor"":""postgres"",""grantable"":""NO"",""privilege"":""INSERT""}"
18_TABLE_GRANT,public.certifications.service_role.REFERENCES,"{""table"":""certifications"",""schema"":""public"",""grantee"":""service_role"",""grantor"":""postgres"",""grantable"":""NO"",""privilege"":""REFERENCES""}"
18_TABLE_GRANT,public.certifications.service_role.SELECT,"{""table"":""certifications"",""schema"":""public"",""grantee"":""service_role"",""grantor"":""postgres"",""grantable"":""NO"",""privilege"":""SELECT""}"
18_TABLE_GRANT,public.certifications.service_role.TRIGGER,"{""table"":""certifications"",""schema"":""public"",""grantee"":""service_role"",""grantor"":""postgres"",""grantable"":""NO"",""privilege"":""TRIGGER""}"
18_TABLE_GRANT,public.certifications.service_role.TRUNCATE,"{""table"":""certifications"",""schema"":""public"",""grantee"":""service_role"",""grantor"":""postgres"",""grantable"":""NO"",""privilege"":""TRUNCATE""}"
18_TABLE_GRANT,public.certifications.service_role.UPDATE,"{""table"":""certifications"",""schema"":""public"",""grantee"":""service_role"",""grantor"":""postgres"",""grantable"":""NO"",""privilege"":""UPDATE""}"
18_TABLE_GRANT,public.coffee_certifications.anon.DELETE,"{""table"":""coffee_certifications"",""schema"":""public"",""grantee"":""anon"",""grantor"":""postgres"",""grantable"":""NO"",""privilege"":""DELETE""}"
18_TABLE_GRANT,public.coffee_certifications.anon.INSERT,"{""table"":""coffee_certifications"",""schema"":""public"",""grantee"":""anon"",""grantor"":""postgres"",""grantable"":""NO"",""privilege"":""INSERT""}"
18_TABLE_GRANT,public.coffee_certifications.anon.SELECT,"{""table"":""coffee_certifications"",""schema"":""public"",""grantee"":""anon"",""grantor"":""postgres"",""grantable"":""NO"",""privilege"":""SELECT""}"
18_TABLE_GRANT,public.coffee_certifications.anon.UPDATE,"{""table"":""coffee_certifications"",""schema"":""public"",""grantee"":""anon"",""grantor"":""postgres"",""grantable"":""NO"",""privilege"":""UPDATE""}"
18_TABLE_GRANT,public.coffee_certifications.authenticated.DELETE,"{""table"":""coffee_certifications"",""schema"":""public"",""grantee"":""authenticated"",""grantor"":""postgres"",""grantable"":""NO"",""privilege"":""DELETE""}"
18_TABLE_GRANT,public.coffee_certifications.authenticated.INSERT,"{""table"":""coffee_certifications"",""schema"":""public"",""grantee"":""authenticated"",""grantor"":""postgres"",""grantable"":""NO"",""privilege"":""INSERT""}"
18_TABLE_GRANT,public.coffee_certifications.authenticated.SELECT,"{""table"":""coffee_certifications"",""schema"":""public"",""grantee"":""authenticated"",""grantor"":""postgres"",""grantable"":""NO"",""privilege"":""SELECT""}"
18_TABLE_GRANT,public.coffee_certifications.authenticated.UPDATE,"{""table"":""coffee_certifications"",""schema"":""public"",""grantee"":""authenticated"",""grantor"":""postgres"",""grantable"":""NO"",""privilege"":""UPDATE""}"
18_TABLE_GRANT,public.coffee_certifications.postgres.DELETE,"{""table"":""coffee_certifications"",""schema"":""public"",""grantee"":""postgres"",""grantor"":""postgres"",""grantable"":""YES"",""privilege"":""DELETE""}"
18_TABLE_GRANT,public.coffee_certifications.postgres.INSERT,"{""table"":""coffee_certifications"",""schema"":""public"",""grantee"":""postgres"",""grantor"":""postgres"",""grantable"":""YES"",""privilege"":""INSERT""}"
18_TABLE_GRANT,public.coffee_certifications.postgres.REFERENCES,"{""table"":""coffee_certifications"",""schema"":""public"",""grantee"":""postgres"",""grantor"":""postgres"",""grantable"":""YES"",""privilege"":""REFERENCES""}"
18_TABLE_GRANT,public.coffee_certifications.postgres.SELECT,"{""table"":""coffee_certifications"",""schema"":""public"",""grantee"":""postgres"",""grantor"":""postgres"",""grantable"":""YES"",""privilege"":""SELECT""}"
18_TABLE_GRANT,public.coffee_certifications.postgres.TRIGGER,"{""table"":""coffee_certifications"",""schema"":""public"",""grantee"":""postgres"",""grantor"":""postgres"",""grantable"":""YES"",""privilege"":""TRIGGER""}"
18_TABLE_GRANT,public.coffee_certifications.postgres.TRUNCATE,"{""table"":""coffee_certifications"",""schema"":""public"",""grantee"":""postgres"",""grantor"":""postgres"",""grantable"":""YES"",""privilege"":""TRUNCATE""}"
18_TABLE_GRANT,public.coffee_certifications.postgres.UPDATE,"{""table"":""coffee_certifications"",""schema"":""public"",""grantee"":""postgres"",""grantor"":""postgres"",""grantable"":""YES"",""privilege"":""UPDATE""}"
18_TABLE_GRANT,public.coffee_certifications.service_role.DELETE,"{""table"":""coffee_certifications"",""schema"":""public"",""grantee"":""service_role"",""grantor"":""postgres"",""grantable"":""NO"",""privilege"":""DELETE""}"
18_TABLE_GRANT,public.coffee_certifications.service_role.INSERT,"{""table"":""coffee_certifications"",""schema"":""public"",""grantee"":""service_role"",""grantor"":""postgres"",""grantable"":""NO"",""privilege"":""INSERT""}"
18_TABLE_GRANT,public.coffee_certifications.service_role.REFERENCES,"{""table"":""coffee_certifications"",""schema"":""public"",""grantee"":""service_role"",""grantor"":""postgres"",""grantable"":""NO"",""privilege"":""REFERENCES""}"
18_TABLE_GRANT,public.coffee_certifications.service_role.SELECT,"{""table"":""coffee_certifications"",""schema"":""public"",""grantee"":""service_role"",""grantor"":""postgres"",""grantable"":""NO"",""privilege"":""SELECT""}"
18_TABLE_GRANT,public.coffee_certifications.service_role.TRIGGER,"{""table"":""coffee_certifications"",""schema"":""public"",""grantee"":""service_role"",""grantor"":""postgres"",""grantable"":""NO"",""privilege"":""TRIGGER""}"
18_TABLE_GRANT,public.coffee_certifications.service_role.TRUNCATE,"{""table"":""coffee_certifications"",""schema"":""public"",""grantee"":""service_role"",""grantor"":""postgres"",""grantable"":""NO"",""privilege"":""TRUNCATE""}"
18_TABLE_GRANT,public.coffee_certifications.service_role.UPDATE,"{""table"":""coffee_certifications"",""schema"":""public"",""grantee"":""service_role"",""grantor"":""postgres"",""grantable"":""NO"",""privilege"":""UPDATE""}"
18_TABLE_GRANT,public.coffee_media.anon.DELETE,"{""table"":""coffee_media"",""schema"":""public"",""grantee"":""anon"",""grantor"":""postgres"",""grantable"":""NO"",""privilege"":""DELETE""}"
18_TABLE_GRANT,public.coffee_media.anon.INSERT,"{""table"":""coffee_media"",""schema"":""public"",""grantee"":""anon"",""grantor"":""postgres"",""grantable"":""NO"",""privilege"":""INSERT""}"
18_TABLE_GRANT,public.coffee_media.anon.SELECT,"{""table"":""coffee_media"",""schema"":""public"",""grantee"":""anon"",""grantor"":""postgres"",""grantable"":""NO"",""privilege"":""SELECT""}"
18_TABLE_GRANT,public.coffee_media.anon.UPDATE,"{""table"":""coffee_media"",""schema"":""public"",""grantee"":""anon"",""grantor"":""postgres"",""grantable"":""NO"",""privilege"":""UPDATE""}"
18_TABLE_GRANT,public.coffee_media.authenticated.DELETE,"{""table"":""coffee_media"",""schema"":""public"",""grantee"":""authenticated"",""grantor"":""postgres"",""grantable"":""NO"",""privilege"":""DELETE""}"
18_TABLE_GRANT,public.coffee_media.authenticated.INSERT,"{""table"":""coffee_media"",""schema"":""public"",""grantee"":""authenticated"",""grantor"":""postgres"",""grantable"":""NO"",""privilege"":""INSERT""}"
18_TABLE_GRANT,public.coffee_media.authenticated.SELECT,"{""table"":""coffee_media"",""schema"":""public"",""grantee"":""authenticated"",""grantor"":""postgres"",""grantable"":""NO"",""privilege"":""SELECT""}"
18_TABLE_GRANT,public.coffee_media.authenticated.UPDATE,"{""table"":""coffee_media"",""schema"":""public"",""grantee"":""authenticated"",""grantor"":""postgres"",""grantable"":""NO"",""privilege"":""UPDATE""}"
18_TABLE_GRANT,public.coffee_media.postgres.DELETE,"{""table"":""coffee_media"",""schema"":""public"",""grantee"":""postgres"",""grantor"":""postgres"",""grantable"":""YES"",""privilege"":""DELETE""}"
18_TABLE_GRANT,public.coffee_media.postgres.INSERT,"{""table"":""coffee_media"",""schema"":""public"",""grantee"":""postgres"",""grantor"":""postgres"",""grantable"":""YES"",""privilege"":""INSERT""}"
18_TABLE_GRANT,public.coffee_media.postgres.REFERENCES,"{""table"":""coffee_media"",""schema"":""public"",""grantee"":""postgres"",""grantor"":""postgres"",""grantable"":""YES"",""privilege"":""REFERENCES""}"
18_TABLE_GRANT,public.coffee_media.postgres.SELECT,"{""table"":""coffee_media"",""schema"":""public"",""grantee"":""postgres"",""grantor"":""postgres"",""grantable"":""YES"",""privilege"":""SELECT""}"
18_TABLE_GRANT,public.coffee_media.postgres.TRIGGER,"{""table"":""coffee_media"",""schema"":""public"",""grantee"":""postgres"",""grantor"":""postgres"",""grantable"":""YES"",""privilege"":""TRIGGER""}"
18_TABLE_GRANT,public.coffee_media.postgres.TRUNCATE,"{""table"":""coffee_media"",""schema"":""public"",""grantee"":""postgres"",""grantor"":""postgres"",""grantable"":""YES"",""privilege"":""TRUNCATE""}"
18_TABLE_GRANT,public.coffee_media.postgres.UPDATE,"{""table"":""coffee_media"",""schema"":""public"",""grantee"":""postgres"",""grantor"":""postgres"",""grantable"":""YES"",""privilege"":""UPDATE""}"
18_TABLE_GRANT,public.coffee_media.service_role.DELETE,"{""table"":""coffee_media"",""schema"":""public"",""grantee"":""service_role"",""grantor"":""postgres"",""grantable"":""NO"",""privilege"":""DELETE""}"
18_TABLE_GRANT,public.coffee_media.service_role.INSERT,"{""table"":""coffee_media"",""schema"":""public"",""grantee"":""service_role"",""grantor"":""postgres"",""grantable"":""NO"",""privilege"":""INSERT""}"
18_TABLE_GRANT,public.coffee_media.service_role.REFERENCES,"{""table"":""coffee_media"",""schema"":""public"",""grantee"":""service_role"",""grantor"":""postgres"",""grantable"":""NO"",""privilege"":""REFERENCES""}"
18_TABLE_GRANT,public.coffee_media.service_role.SELECT,"{""table"":""coffee_media"",""schema"":""public"",""grantee"":""service_role"",""grantor"":""postgres"",""grantable"":""NO"",""privilege"":""SELECT""}"
18_TABLE_GRANT,public.coffee_media.service_role.TRIGGER,"{""table"":""coffee_media"",""schema"":""public"",""grantee"":""service_role"",""grantor"":""postgres"",""grantable"":""NO"",""privilege"":""TRIGGER""}"
18_TABLE_GRANT,public.coffee_media.service_role.TRUNCATE,"{""table"":""coffee_media"",""schema"":""public"",""grantee"":""service_role"",""grantor"":""postgres"",""grantable"":""NO"",""privilege"":""TRUNCATE""}"
18_TABLE_GRANT,public.coffee_media.service_role.UPDATE,"{""table"":""coffee_media"",""schema"":""public"",""grantee"":""service_role"",""grantor"":""postgres"",""grantable"":""NO"",""privilege"":""UPDATE""}"
18_TABLE_GRANT,public.coffee_offers.anon.DELETE,"{""table"":""coffee_offers"",""schema"":""public"",""grantee"":""anon"",""grantor"":""postgres"",""grantable"":""NO"",""privilege"":""DELETE""}"
18_TABLE_GRANT,public.coffee_offers.anon.INSERT,"{""table"":""coffee_offers"",""schema"":""public"",""grantee"":""anon"",""grantor"":""postgres"",""grantable"":""NO"",""privilege"":""INSERT""}"
18_TABLE_GRANT,public.coffee_offers.anon.SELECT,"{""table"":""coffee_offers"",""schema"":""public"",""grantee"":""anon"",""grantor"":""postgres"",""grantable"":""NO"",""privilege"":""SELECT""}"
18_TABLE_GRANT,public.coffee_offers.anon.UPDATE,"{""table"":""coffee_offers"",""schema"":""public"",""grantee"":""anon"",""grantor"":""postgres"",""grantable"":""NO"",""privilege"":""UPDATE""}"
18_TABLE_GRANT,public.coffee_offers.authenticated.DELETE,"{""table"":""coffee_offers"",""schema"":""public"",""grantee"":""authenticated"",""grantor"":""postgres"",""grantable"":""NO"",""privilege"":""DELETE""}"
18_TABLE_GRANT,public.coffee_offers.authenticated.INSERT,"{""table"":""coffee_offers"",""schema"":""public"",""grantee"":""authenticated"",""grantor"":""postgres"",""grantable"":""NO"",""privilege"":""INSERT""}"
18_TABLE_GRANT,public.coffee_offers.authenticated.SELECT,"{""table"":""coffee_offers"",""schema"":""public"",""grantee"":""authenticated"",""grantor"":""postgres"",""grantable"":""NO"",""privilege"":""SELECT""}"
18_TABLE_GRANT,public.coffee_offers.authenticated.UPDATE,"{""table"":""coffee_offers"",""schema"":""public"",""grantee"":""authenticated"",""grantor"":""postgres"",""grantable"":""NO"",""privilege"":""UPDATE""}"
18_TABLE_GRANT,public.coffee_offers.postgres.DELETE,"{""table"":""coffee_offers"",""schema"":""public"",""grantee"":""postgres"",""grantor"":""postgres"",""grantable"":""YES"",""privilege"":""DELETE""}"
18_TABLE_GRANT,public.coffee_offers.postgres.INSERT,"{""table"":""coffee_offers"",""schema"":""public"",""grantee"":""postgres"",""grantor"":""postgres"",""grantable"":""YES"",""privilege"":""INSERT""}"
18_TABLE_GRANT,public.coffee_offers.postgres.REFERENCES,"{""table"":""coffee_offers"",""schema"":""public"",""grantee"":""postgres"",""grantor"":""postgres"",""grantable"":""YES"",""privilege"":""REFERENCES""}"
18_TABLE_GRANT,public.coffee_offers.postgres.SELECT,"{""table"":""coffee_offers"",""schema"":""public"",""grantee"":""postgres"",""grantor"":""postgres"",""grantable"":""YES"",""privilege"":""SELECT""}"
18_TABLE_GRANT,public.coffee_offers.postgres.TRIGGER,"{""table"":""coffee_offers"",""schema"":""public"",""grantee"":""postgres"",""grantor"":""postgres"",""grantable"":""YES"",""privilege"":""TRIGGER""}"
18_TABLE_GRANT,public.coffee_offers.postgres.TRUNCATE,"{""table"":""coffee_offers"",""schema"":""public"",""grantee"":""postgres"",""grantor"":""postgres"",""grantable"":""YES"",""privilege"":""TRUNCATE""}"
18_TABLE_GRANT,public.coffee_offers.postgres.UPDATE,"{""table"":""coffee_offers"",""schema"":""public"",""grantee"":""postgres"",""grantor"":""postgres"",""grantable"":""YES"",""privilege"":""UPDATE""}"
18_TABLE_GRANT,public.coffee_offers.service_role.DELETE,"{""table"":""coffee_offers"",""schema"":""public"",""grantee"":""service_role"",""grantor"":""postgres"",""grantable"":""NO"",""privilege"":""DELETE""}"
18_TABLE_GRANT,public.coffee_offers.service_role.INSERT,"{""table"":""coffee_offers"",""schema"":""public"",""grantee"":""service_role"",""grantor"":""postgres"",""grantable"":""NO"",""privilege"":""INSERT""}"
18_TABLE_GRANT,public.coffee_offers.service_role.REFERENCES,"{""table"":""coffee_offers"",""schema"":""public"",""grantee"":""service_role"",""grantor"":""postgres"",""grantable"":""NO"",""privilege"":""REFERENCES""}"
18_TABLE_GRANT,public.coffee_offers.service_role.SELECT,"{""table"":""coffee_offers"",""schema"":""public"",""grantee"":""service_role"",""grantor"":""postgres"",""grantable"":""NO"",""privilege"":""SELECT""}"
18_TABLE_GRANT,public.coffee_offers.service_role.TRIGGER,"{""table"":""coffee_offers"",""schema"":""public"",""grantee"":""service_role"",""grantor"":""postgres"",""grantable"":""NO"",""privilege"":""TRIGGER""}"
18_TABLE_GRANT,public.coffee_offers.service_role.TRUNCATE,"{""table"":""coffee_offers"",""schema"":""public"",""grantee"":""service_role"",""grantor"":""postgres"",""grantable"":""NO"",""privilege"":""TRUNCATE""}"
18_TABLE_GRANT,public.coffee_offers.service_role.UPDATE,"{""table"":""coffee_offers"",""schema"":""public"",""grantee"":""service_role"",""grantor"":""postgres"",""grantable"":""NO"",""privilege"":""UPDATE""}"
18_TABLE_GRANT,public.coffee_tags.anon.DELETE,"{""table"":""coffee_tags"",""schema"":""public"",""grantee"":""anon"",""grantor"":""postgres"",""grantable"":""NO"",""privilege"":""DELETE""}"
18_TABLE_GRANT,public.coffee_tags.anon.INSERT,"{""table"":""coffee_tags"",""schema"":""public"",""grantee"":""anon"",""grantor"":""postgres"",""grantable"":""NO"",""privilege"":""INSERT""}"
18_TABLE_GRANT,public.coffee_tags.anon.SELECT,"{""table"":""coffee_tags"",""schema"":""public"",""grantee"":""anon"",""grantor"":""postgres"",""grantable"":""NO"",""privilege"":""SELECT""}"
18_TABLE_GRANT,public.coffee_tags.anon.UPDATE,"{""table"":""coffee_tags"",""schema"":""public"",""grantee"":""anon"",""grantor"":""postgres"",""grantable"":""NO"",""privilege"":""UPDATE""}"
18_TABLE_GRANT,public.coffee_tags.authenticated.DELETE,"{""table"":""coffee_tags"",""schema"":""public"",""grantee"":""authenticated"",""grantor"":""postgres"",""grantable"":""NO"",""privilege"":""DELETE""}"
18_TABLE_GRANT,public.coffee_tags.authenticated.INSERT,"{""table"":""coffee_tags"",""schema"":""public"",""grantee"":""authenticated"",""grantor"":""postgres"",""grantable"":""NO"",""privilege"":""INSERT""}"
18_TABLE_GRANT,public.coffee_tags.authenticated.SELECT,"{""table"":""coffee_tags"",""schema"":""public"",""grantee"":""authenticated"",""grantor"":""postgres"",""grantable"":""NO"",""privilege"":""SELECT""}"
18_TABLE_GRANT,public.coffee_tags.authenticated.UPDATE,"{""table"":""coffee_tags"",""schema"":""public"",""grantee"":""authenticated"",""grantor"":""postgres"",""grantable"":""NO"",""privilege"":""UPDATE""}"
18_TABLE_GRANT,public.coffee_tags.postgres.DELETE,"{""table"":""coffee_tags"",""schema"":""public"",""grantee"":""postgres"",""grantor"":""postgres"",""grantable"":""YES"",""privilege"":""DELETE""}"
18_TABLE_GRANT,public.coffee_tags.postgres.INSERT,"{""table"":""coffee_tags"",""schema"":""public"",""grantee"":""postgres"",""grantor"":""postgres"",""grantable"":""YES"",""privilege"":""INSERT""}"
18_TABLE_GRANT,public.coffee_tags.postgres.REFERENCES,"{""table"":""coffee_tags"",""schema"":""public"",""grantee"":""postgres"",""grantor"":""postgres"",""grantable"":""YES"",""privilege"":""REFERENCES""}"
18_TABLE_GRANT,public.coffee_tags.postgres.SELECT,"{""table"":""coffee_tags"",""schema"":""public"",""grantee"":""postgres"",""grantor"":""postgres"",""grantable"":""YES"",""privilege"":""SELECT""}"
18_TABLE_GRANT,public.coffee_tags.postgres.TRIGGER,"{""table"":""coffee_tags"",""schema"":""public"",""grantee"":""postgres"",""grantor"":""postgres"",""grantable"":""YES"",""privilege"":""TRIGGER""}"
18_TABLE_GRANT,public.coffee_tags.postgres.TRUNCATE,"{""table"":""coffee_tags"",""schema"":""public"",""grantee"":""postgres"",""grantor"":""postgres"",""grantable"":""YES"",""privilege"":""TRUNCATE""}"
18_TABLE_GRANT,public.coffee_tags.postgres.UPDATE,"{""table"":""coffee_tags"",""schema"":""public"",""grantee"":""postgres"",""grantor"":""postgres"",""grantable"":""YES"",""privilege"":""UPDATE""}"
18_TABLE_GRANT,public.coffee_tags.service_role.DELETE,"{""table"":""coffee_tags"",""schema"":""public"",""grantee"":""service_role"",""grantor"":""postgres"",""grantable"":""NO"",""privilege"":""DELETE""}"
18_TABLE_GRANT,public.coffee_tags.service_role.INSERT,"{""table"":""coffee_tags"",""schema"":""public"",""grantee"":""service_role"",""grantor"":""postgres"",""grantable"":""NO"",""privilege"":""INSERT""}"
18_TABLE_GRANT,public.coffee_tags.service_role.REFERENCES,"{""table"":""coffee_tags"",""schema"":""public"",""grantee"":""service_role"",""grantor"":""postgres"",""grantable"":""NO"",""privilege"":""REFERENCES""}"
18_TABLE_GRANT,public.coffee_tags.service_role.SELECT,"{""table"":""coffee_tags"",""schema"":""public"",""grantee"":""service_role"",""grantor"":""postgres"",""grantable"":""NO"",""privilege"":""SELECT""}"
18_TABLE_GRANT,public.coffee_tags.service_role.TRIGGER,"{""table"":""coffee_tags"",""schema"":""public"",""grantee"":""service_role"",""grantor"":""postgres"",""grantable"":""NO"",""privilege"":""TRIGGER""}"
18_TABLE_GRANT,public.coffee_tags.service_role.TRUNCATE,"{""table"":""coffee_tags"",""schema"":""public"",""grantee"":""service_role"",""grantor"":""postgres"",""grantable"":""NO"",""privilege"":""TRUNCATE""}"
18_TABLE_GRANT,public.coffee_tags.service_role.UPDATE,"{""table"":""coffee_tags"",""schema"":""public"",""grantee"":""service_role"",""grantor"":""postgres"",""grantable"":""NO"",""privilege"":""UPDATE""}"
18_TABLE_GRANT,public.coffee_translations.anon.DELETE,"{""table"":""coffee_translations"",""schema"":""public"",""grantee"":""anon"",""grantor"":""postgres"",""grantable"":""NO"",""privilege"":""DELETE""}"
18_TABLE_GRANT,public.coffee_translations.anon.INSERT,"{""table"":""coffee_translations"",""schema"":""public"",""grantee"":""anon"",""grantor"":""postgres"",""grantable"":""NO"",""privilege"":""INSERT""}"
18_TABLE_GRANT,public.coffee_translations.anon.SELECT,"{""table"":""coffee_translations"",""schema"":""public"",""grantee"":""anon"",""grantor"":""postgres"",""grantable"":""NO"",""privilege"":""SELECT""}"
18_TABLE_GRANT,public.coffee_translations.anon.UPDATE,"{""table"":""coffee_translations"",""schema"":""public"",""grantee"":""anon"",""grantor"":""postgres"",""grantable"":""NO"",""privilege"":""UPDATE""}"
18_TABLE_GRANT,public.coffee_translations.authenticated.DELETE,"{""table"":""coffee_translations"",""schema"":""public"",""grantee"":""authenticated"",""grantor"":""postgres"",""grantable"":""NO"",""privilege"":""DELETE""}"
18_TABLE_GRANT,public.coffee_translations.authenticated.INSERT,"{""table"":""coffee_translations"",""schema"":""public"",""grantee"":""authenticated"",""grantor"":""postgres"",""grantable"":""NO"",""privilege"":""INSERT""}"
18_TABLE_GRANT,public.coffee_translations.authenticated.SELECT,"{""table"":""coffee_translations"",""schema"":""public"",""grantee"":""authenticated"",""grantor"":""postgres"",""grantable"":""NO"",""privilege"":""SELECT""}"
18_TABLE_GRANT,public.coffee_translations.authenticated.UPDATE,"{""table"":""coffee_translations"",""schema"":""public"",""grantee"":""authenticated"",""grantor"":""postgres"",""grantable"":""NO"",""privilege"":""UPDATE""}"
18_TABLE_GRANT,public.coffee_translations.postgres.DELETE,"{""table"":""coffee_translations"",""schema"":""public"",""grantee"":""postgres"",""grantor"":""postgres"",""grantable"":""YES"",""privilege"":""DELETE""}"
18_TABLE_GRANT,public.coffee_translations.postgres.INSERT,"{""table"":""coffee_translations"",""schema"":""public"",""grantee"":""postgres"",""grantor"":""postgres"",""grantable"":""YES"",""privilege"":""INSERT""}"
18_TABLE_GRANT,public.coffee_translations.postgres.REFERENCES,"{""table"":""coffee_translations"",""schema"":""public"",""grantee"":""postgres"",""grantor"":""postgres"",""grantable"":""YES"",""privilege"":""REFERENCES""}"
18_TABLE_GRANT,public.coffee_translations.postgres.SELECT,"{""table"":""coffee_translations"",""schema"":""public"",""grantee"":""postgres"",""grantor"":""postgres"",""grantable"":""YES"",""privilege"":""SELECT""}"
18_TABLE_GRANT,public.coffee_translations.postgres.TRIGGER,"{""table"":""coffee_translations"",""schema"":""public"",""grantee"":""postgres"",""grantor"":""postgres"",""grantable"":""YES"",""privilege"":""TRIGGER""}"
18_TABLE_GRANT,public.coffee_translations.postgres.TRUNCATE,"{""table"":""coffee_translations"",""schema"":""public"",""grantee"":""postgres"",""grantor"":""postgres"",""grantable"":""YES"",""privilege"":""TRUNCATE""}"
18_TABLE_GRANT,public.coffee_translations.postgres.UPDATE,"{""table"":""coffee_translations"",""schema"":""public"",""grantee"":""postgres"",""grantor"":""postgres"",""grantable"":""YES"",""privilege"":""UPDATE""}"
18_TABLE_GRANT,public.coffee_translations.service_role.DELETE,"{""table"":""coffee_translations"",""schema"":""public"",""grantee"":""service_role"",""grantor"":""postgres"",""grantable"":""NO"",""privilege"":""DELETE""}"
18_TABLE_GRANT,public.coffee_translations.service_role.INSERT,"{""table"":""coffee_translations"",""schema"":""public"",""grantee"":""service_role"",""grantor"":""postgres"",""grantable"":""NO"",""privilege"":""INSERT""}"
18_TABLE_GRANT,public.coffee_translations.service_role.REFERENCES,"{""table"":""coffee_translations"",""schema"":""public"",""grantee"":""service_role"",""grantor"":""postgres"",""grantable"":""NO"",""privilege"":""REFERENCES""}"
18_TABLE_GRANT,public.coffee_translations.service_role.SELECT,"{""table"":""coffee_translations"",""schema"":""public"",""grantee"":""service_role"",""grantor"":""postgres"",""grantable"":""NO"",""privilege"":""SELECT""}"
18_TABLE_GRANT,public.coffee_translations.service_role.TRIGGER,"{""table"":""coffee_translations"",""schema"":""public"",""grantee"":""service_role"",""grantor"":""postgres"",""grantable"":""NO"",""privilege"":""TRIGGER""}"
18_TABLE_GRANT,public.coffee_translations.service_role.TRUNCATE,"{""table"":""coffee_translations"",""schema"":""public"",""grantee"":""service_role"",""grantor"":""postgres"",""grantable"":""NO"",""privilege"":""TRUNCATE""}"
18_TABLE_GRANT,public.coffee_translations.service_role.UPDATE,"{""table"":""coffee_translations"",""schema"":""public"",""grantee"":""service_role"",""grantor"":""postgres"",""grantable"":""NO"",""privilege"":""UPDATE""}"
18_TABLE_GRANT,public.coffee_type_translations.anon.DELETE,"{""table"":""coffee_type_translations"",""schema"":""public"",""grantee"":""anon"",""grantor"":""postgres"",""grantable"":""NO"",""privilege"":""DELETE""}"
18_TABLE_GRANT,public.coffee_type_translations.anon.INSERT,"{""table"":""coffee_type_translations"",""schema"":""public"",""grantee"":""anon"",""grantor"":""postgres"",""grantable"":""NO"",""privilege"":""INSERT""}"
18_TABLE_GRANT,public.coffee_type_translations.anon.SELECT,"{""table"":""coffee_type_translations"",""schema"":""public"",""grantee"":""anon"",""grantor"":""postgres"",""grantable"":""NO"",""privilege"":""SELECT""}"
18_TABLE_GRANT,public.coffee_type_translations.anon.UPDATE,"{""table"":""coffee_type_translations"",""schema"":""public"",""grantee"":""anon"",""grantor"":""postgres"",""grantable"":""NO"",""privilege"":""UPDATE""}"
18_TABLE_GRANT,public.coffee_type_translations.authenticated.DELETE,"{""table"":""coffee_type_translations"",""schema"":""public"",""grantee"":""authenticated"",""grantor"":""postgres"",""grantable"":""NO"",""privilege"":""DELETE""}"
18_TABLE_GRANT,public.coffee_type_translations.authenticated.INSERT,"{""table"":""coffee_type_translations"",""schema"":""public"",""grantee"":""authenticated"",""grantor"":""postgres"",""grantable"":""NO"",""privilege"":""INSERT""}"
18_TABLE_GRANT,public.coffee_type_translations.authenticated.SELECT,"{""table"":""coffee_type_translations"",""schema"":""public"",""grantee"":""authenticated"",""grantor"":""postgres"",""grantable"":""NO"",""privilege"":""SELECT""}"
18_TABLE_GRANT,public.coffee_type_translations.authenticated.UPDATE,"{""table"":""coffee_type_translations"",""schema"":""public"",""grantee"":""authenticated"",""grantor"":""postgres"",""grantable"":""NO"",""privilege"":""UPDATE""}"
18_TABLE_GRANT,public.coffee_type_translations.postgres.DELETE,"{""table"":""coffee_type_translations"",""schema"":""public"",""grantee"":""postgres"",""grantor"":""postgres"",""grantable"":""YES"",""privilege"":""DELETE""}"
18_TABLE_GRANT,public.coffee_type_translations.postgres.INSERT,"{""table"":""coffee_type_translations"",""schema"":""public"",""grantee"":""postgres"",""grantor"":""postgres"",""grantable"":""YES"",""privilege"":""INSERT""}"
18_TABLE_GRANT,public.coffee_type_translations.postgres.REFERENCES,"{""table"":""coffee_type_translations"",""schema"":""public"",""grantee"":""postgres"",""grantor"":""postgres"",""grantable"":""YES"",""privilege"":""REFERENCES""}"
18_TABLE_GRANT,public.coffee_type_translations.postgres.SELECT,"{""table"":""coffee_type_translations"",""schema"":""public"",""grantee"":""postgres"",""grantor"":""postgres"",""grantable"":""YES"",""privilege"":""SELECT""}"
18_TABLE_GRANT,public.coffee_type_translations.postgres.TRIGGER,"{""table"":""coffee_type_translations"",""schema"":""public"",""grantee"":""postgres"",""grantor"":""postgres"",""grantable"":""YES"",""privilege"":""TRIGGER""}"
18_TABLE_GRANT,public.coffee_type_translations.postgres.TRUNCATE,"{""table"":""coffee_type_translations"",""schema"":""public"",""grantee"":""postgres"",""grantor"":""postgres"",""grantable"":""YES"",""privilege"":""TRUNCATE""}"
18_TABLE_GRANT,public.coffee_type_translations.postgres.UPDATE,"{""table"":""coffee_type_translations"",""schema"":""public"",""grantee"":""postgres"",""grantor"":""postgres"",""grantable"":""YES"",""privilege"":""UPDATE""}"
18_TABLE_GRANT,public.coffee_type_translations.service_role.DELETE,"{""table"":""coffee_type_translations"",""schema"":""public"",""grantee"":""service_role"",""grantor"":""postgres"",""grantable"":""NO"",""privilege"":""DELETE""}"
18_TABLE_GRANT,public.coffee_type_translations.service_role.INSERT,"{""table"":""coffee_type_translations"",""schema"":""public"",""grantee"":""service_role"",""grantor"":""postgres"",""grantable"":""NO"",""privilege"":""INSERT""}"
18_TABLE_GRANT,public.coffee_type_translations.service_role.REFERENCES,"{""table"":""coffee_type_translations"",""schema"":""public"",""grantee"":""service_role"",""grantor"":""postgres"",""grantable"":""NO"",""privilege"":""REFERENCES""}"
18_TABLE_GRANT,public.coffee_type_translations.service_role.SELECT,"{""table"":""coffee_type_translations"",""schema"":""public"",""grantee"":""service_role"",""grantor"":""postgres"",""grantable"":""NO"",""privilege"":""SELECT""}"
18_TABLE_GRANT,public.coffee_type_translations.service_role.TRIGGER,"{""table"":""coffee_type_translations"",""schema"":""public"",""grantee"":""service_role"",""grantor"":""postgres"",""grantable"":""NO"",""privilege"":""TRIGGER""}"
18_TABLE_GRANT,public.coffee_type_translations.service_role.TRUNCATE,"{""table"":""coffee_type_translations"",""schema"":""public"",""grantee"":""service_role"",""grantor"":""postgres"",""grantable"":""NO"",""privilege"":""TRUNCATE""}"
18_TABLE_GRANT,public.coffee_type_translations.service_role.UPDATE,"{""table"":""coffee_type_translations"",""schema"":""public"",""grantee"":""service_role"",""grantor"":""postgres"",""grantable"":""NO"",""privilege"":""UPDATE""}"
18_TABLE_GRANT,public.coffee_types.anon.DELETE,"{""table"":""coffee_types"",""schema"":""public"",""grantee"":""anon"",""grantor"":""postgres"",""grantable"":""NO"",""privilege"":""DELETE""}"
18_TABLE_GRANT,public.coffee_types.anon.INSERT,"{""table"":""coffee_types"",""schema"":""public"",""grantee"":""anon"",""grantor"":""postgres"",""grantable"":""NO"",""privilege"":""INSERT""}"
18_TABLE_GRANT,public.coffee_types.anon.SELECT,"{""table"":""coffee_types"",""schema"":""public"",""grantee"":""anon"",""grantor"":""postgres"",""grantable"":""NO"",""privilege"":""SELECT""}"
18_TABLE_GRANT,public.coffee_types.anon.UPDATE,"{""table"":""coffee_types"",""schema"":""public"",""grantee"":""anon"",""grantor"":""postgres"",""grantable"":""NO"",""privilege"":""UPDATE""}"
18_TABLE_GRANT,public.coffee_types.authenticated.DELETE,"{""table"":""coffee_types"",""schema"":""public"",""grantee"":""authenticated"",""grantor"":""postgres"",""grantable"":""NO"",""privilege"":""DELETE""}"
18_TABLE_GRANT,public.coffee_types.authenticated.INSERT,"{""table"":""coffee_types"",""schema"":""public"",""grantee"":""authenticated"",""grantor"":""postgres"",""grantable"":""NO"",""privilege"":""INSERT""}"
18_TABLE_GRANT,public.coffee_types.authenticated.SELECT,"{""table"":""coffee_types"",""schema"":""public"",""grantee"":""authenticated"",""grantor"":""postgres"",""grantable"":""NO"",""privilege"":""SELECT""}"
18_TABLE_GRANT,public.coffee_types.authenticated.UPDATE,"{""table"":""coffee_types"",""schema"":""public"",""grantee"":""authenticated"",""grantor"":""postgres"",""grantable"":""NO"",""privilege"":""UPDATE""}"
18_TABLE_GRANT,public.coffee_types.postgres.DELETE,"{""table"":""coffee_types"",""schema"":""public"",""grantee"":""postgres"",""grantor"":""postgres"",""grantable"":""YES"",""privilege"":""DELETE""}"
18_TABLE_GRANT,public.coffee_types.postgres.INSERT,"{""table"":""coffee_types"",""schema"":""public"",""grantee"":""postgres"",""grantor"":""postgres"",""grantable"":""YES"",""privilege"":""INSERT""}"
18_TABLE_GRANT,public.coffee_types.postgres.REFERENCES,"{""table"":""coffee_types"",""schema"":""public"",""grantee"":""postgres"",""grantor"":""postgres"",""grantable"":""YES"",""privilege"":""REFERENCES""}"
18_TABLE_GRANT,public.coffee_types.postgres.SELECT,"{""table"":""coffee_types"",""schema"":""public"",""grantee"":""postgres"",""grantor"":""postgres"",""grantable"":""YES"",""privilege"":""SELECT""}"
18_TABLE_GRANT,public.coffee_types.postgres.TRIGGER,"{""table"":""coffee_types"",""schema"":""public"",""grantee"":""postgres"",""grantor"":""postgres"",""grantable"":""YES"",""privilege"":""TRIGGER""}"
18_TABLE_GRANT,public.coffee_types.postgres.TRUNCATE,"{""table"":""coffee_types"",""schema"":""public"",""grantee"":""postgres"",""grantor"":""postgres"",""grantable"":""YES"",""privilege"":""TRUNCATE""}"
18_TABLE_GRANT,public.coffee_types.postgres.UPDATE,"{""table"":""coffee_types"",""schema"":""public"",""grantee"":""postgres"",""grantor"":""postgres"",""grantable"":""YES"",""privilege"":""UPDATE""}"
18_TABLE_GRANT,public.coffee_types.service_role.DELETE,"{""table"":""coffee_types"",""schema"":""public"",""grantee"":""service_role"",""grantor"":""postgres"",""grantable"":""NO"",""privilege"":""DELETE""}"
18_TABLE_GRANT,public.coffee_types.service_role.INSERT,"{""table"":""coffee_types"",""schema"":""public"",""grantee"":""service_role"",""grantor"":""postgres"",""grantable"":""NO"",""privilege"":""INSERT""}"
18_TABLE_GRANT,public.coffee_types.service_role.REFERENCES,"{""table"":""coffee_types"",""schema"":""public"",""grantee"":""service_role"",""grantor"":""postgres"",""grantable"":""NO"",""privilege"":""REFERENCES""}"
18_TABLE_GRANT,public.coffee_types.service_role.SELECT,"{""table"":""coffee_types"",""schema"":""public"",""grantee"":""service_role"",""grantor"":""postgres"",""grantable"":""NO"",""privilege"":""SELECT""}"
18_TABLE_GRANT,public.coffee_types.service_role.TRIGGER,"{""table"":""coffee_types"",""schema"":""public"",""grantee"":""service_role"",""grantor"":""postgres"",""grantable"":""NO"",""privilege"":""TRIGGER""}"
18_TABLE_GRANT,public.coffee_types.service_role.TRUNCATE,"{""table"":""coffee_types"",""schema"":""public"",""grantee"":""service_role"",""grantor"":""postgres"",""grantable"":""NO"",""privilege"":""TRUNCATE""}"
18_TABLE_GRANT,public.coffee_types.service_role.UPDATE,"{""table"":""coffee_types"",""schema"":""public"",""grantee"":""service_role"",""grantor"":""postgres"",""grantable"":""NO"",""privilege"":""UPDATE""}"
18_TABLE_GRANT,public.coffee_varieties.anon.DELETE,"{""table"":""coffee_varieties"",""schema"":""public"",""grantee"":""anon"",""grantor"":""postgres"",""grantable"":""NO"",""privilege"":""DELETE""}"
18_TABLE_GRANT,public.coffee_varieties.anon.INSERT,"{""table"":""coffee_varieties"",""schema"":""public"",""grantee"":""anon"",""grantor"":""postgres"",""grantable"":""NO"",""privilege"":""INSERT""}"
18_TABLE_GRANT,public.coffee_varieties.anon.SELECT,"{""table"":""coffee_varieties"",""schema"":""public"",""grantee"":""anon"",""grantor"":""postgres"",""grantable"":""NO"",""privilege"":""SELECT""}"
18_TABLE_GRANT,public.coffee_varieties.anon.UPDATE,"{""table"":""coffee_varieties"",""schema"":""public"",""grantee"":""anon"",""grantor"":""postgres"",""grantable"":""NO"",""privilege"":""UPDATE""}"
18_TABLE_GRANT,public.coffee_varieties.authenticated.DELETE,"{""table"":""coffee_varieties"",""schema"":""public"",""grantee"":""authenticated"",""grantor"":""postgres"",""grantable"":""NO"",""privilege"":""DELETE""}"
18_TABLE_GRANT,public.coffee_varieties.authenticated.INSERT,"{""table"":""coffee_varieties"",""schema"":""public"",""grantee"":""authenticated"",""grantor"":""postgres"",""grantable"":""NO"",""privilege"":""INSERT""}"
18_TABLE_GRANT,public.coffee_varieties.authenticated.SELECT,"{""table"":""coffee_varieties"",""schema"":""public"",""grantee"":""authenticated"",""grantor"":""postgres"",""grantable"":""NO"",""privilege"":""SELECT""}"
18_TABLE_GRANT,public.coffee_varieties.authenticated.UPDATE,"{""table"":""coffee_varieties"",""schema"":""public"",""grantee"":""authenticated"",""grantor"":""postgres"",""grantable"":""NO"",""privilege"":""UPDATE""}"
18_TABLE_GRANT,public.coffee_varieties.postgres.DELETE,"{""table"":""coffee_varieties"",""schema"":""public"",""grantee"":""postgres"",""grantor"":""postgres"",""grantable"":""YES"",""privilege"":""DELETE""}"
18_TABLE_GRANT,public.coffee_varieties.postgres.INSERT,"{""table"":""coffee_varieties"",""schema"":""public"",""grantee"":""postgres"",""grantor"":""postgres"",""grantable"":""YES"",""privilege"":""INSERT""}"
18_TABLE_GRANT,public.coffee_varieties.postgres.REFERENCES,"{""table"":""coffee_varieties"",""schema"":""public"",""grantee"":""postgres"",""grantor"":""postgres"",""grantable"":""YES"",""privilege"":""REFERENCES""}"
18_TABLE_GRANT,public.coffee_varieties.postgres.SELECT,"{""table"":""coffee_varieties"",""schema"":""public"",""grantee"":""postgres"",""grantor"":""postgres"",""grantable"":""YES"",""privilege"":""SELECT""}"
18_TABLE_GRANT,public.coffee_varieties.postgres.TRIGGER,"{""table"":""coffee_varieties"",""schema"":""public"",""grantee"":""postgres"",""grantor"":""postgres"",""grantable"":""YES"",""privilege"":""TRIGGER""}"
18_TABLE_GRANT,public.coffee_varieties.postgres.TRUNCATE,"{""table"":""coffee_varieties"",""schema"":""public"",""grantee"":""postgres"",""grantor"":""postgres"",""grantable"":""YES"",""privilege"":""TRUNCATE""}"
18_TABLE_GRANT,public.coffee_varieties.postgres.UPDATE,"{""table"":""coffee_varieties"",""schema"":""public"",""grantee"":""postgres"",""grantor"":""postgres"",""grantable"":""YES"",""privilege"":""UPDATE""}"
18_TABLE_GRANT,public.coffee_varieties.service_role.DELETE,"{""table"":""coffee_varieties"",""schema"":""public"",""grantee"":""service_role"",""grantor"":""postgres"",""grantable"":""NO"",""privilege"":""DELETE""}"
18_TABLE_GRANT,public.coffee_varieties.service_role.INSERT,"{""table"":""coffee_varieties"",""schema"":""public"",""grantee"":""service_role"",""grantor"":""postgres"",""grantable"":""NO"",""privilege"":""INSERT""}"
18_TABLE_GRANT,public.coffee_varieties.service_role.REFERENCES,"{""table"":""coffee_varieties"",""schema"":""public"",""grantee"":""service_role"",""grantor"":""postgres"",""grantable"":""NO"",""privilege"":""REFERENCES""}"
18_TABLE_GRANT,public.coffee_varieties.service_role.SELECT,"{""table"":""coffee_varieties"",""schema"":""public"",""grantee"":""service_role"",""grantor"":""postgres"",""grantable"":""NO"",""privilege"":""SELECT""}"
18_TABLE_GRANT,public.coffee_varieties.service_role.TRIGGER,"{""table"":""coffee_varieties"",""schema"":""public"",""grantee"":""service_role"",""grantor"":""postgres"",""grantable"":""NO"",""privilege"":""TRIGGER""}"
18_TABLE_GRANT,public.coffee_varieties.service_role.TRUNCATE,"{""table"":""coffee_varieties"",""schema"":""public"",""grantee"":""service_role"",""grantor"":""postgres"",""grantable"":""NO"",""privilege"":""TRUNCATE""}"
18_TABLE_GRANT,public.coffee_varieties.service_role.UPDATE,"{""table"":""coffee_varieties"",""schema"":""public"",""grantee"":""service_role"",""grantor"":""postgres"",""grantable"":""NO"",""privilege"":""UPDATE""}"
18_TABLE_GRANT,public.coffees.anon.DELETE,"{""table"":""coffees"",""schema"":""public"",""grantee"":""anon"",""grantor"":""postgres"",""grantable"":""NO"",""privilege"":""DELETE""}"
18_TABLE_GRANT,public.coffees.anon.INSERT,"{""table"":""coffees"",""schema"":""public"",""grantee"":""anon"",""grantor"":""postgres"",""grantable"":""NO"",""privilege"":""INSERT""}"
18_TABLE_GRANT,public.coffees.anon.SELECT,"{""table"":""coffees"",""schema"":""public"",""grantee"":""anon"",""grantor"":""postgres"",""grantable"":""NO"",""privilege"":""SELECT""}"
18_TABLE_GRANT,public.coffees.anon.UPDATE,"{""table"":""coffees"",""schema"":""public"",""grantee"":""anon"",""grantor"":""postgres"",""grantable"":""NO"",""privilege"":""UPDATE""}"
18_TABLE_GRANT,public.coffees.authenticated.DELETE,"{""table"":""coffees"",""schema"":""public"",""grantee"":""authenticated"",""grantor"":""postgres"",""grantable"":""NO"",""privilege"":""DELETE""}"
18_TABLE_GRANT,public.coffees.authenticated.INSERT,"{""table"":""coffees"",""schema"":""public"",""grantee"":""authenticated"",""grantor"":""postgres"",""grantable"":""NO"",""privilege"":""INSERT""}"
18_TABLE_GRANT,public.coffees.authenticated.SELECT,"{""table"":""coffees"",""schema"":""public"",""grantee"":""authenticated"",""grantor"":""postgres"",""grantable"":""NO"",""privilege"":""SELECT""}"
18_TABLE_GRANT,public.coffees.authenticated.UPDATE,"{""table"":""coffees"",""schema"":""public"",""grantee"":""authenticated"",""grantor"":""postgres"",""grantable"":""NO"",""privilege"":""UPDATE""}"
18_TABLE_GRANT,public.coffees.postgres.DELETE,"{""table"":""coffees"",""schema"":""public"",""grantee"":""postgres"",""grantor"":""postgres"",""grantable"":""YES"",""privilege"":""DELETE""}"
18_TABLE_GRANT,public.coffees.postgres.INSERT,"{""table"":""coffees"",""schema"":""public"",""grantee"":""postgres"",""grantor"":""postgres"",""grantable"":""YES"",""privilege"":""INSERT""}"
18_TABLE_GRANT,public.coffees.postgres.REFERENCES,"{""table"":""coffees"",""schema"":""public"",""grantee"":""postgres"",""grantor"":""postgres"",""grantable"":""YES"",""privilege"":""REFERENCES""}"
18_TABLE_GRANT,public.coffees.postgres.SELECT,"{""table"":""coffees"",""schema"":""public"",""grantee"":""postgres"",""grantor"":""postgres"",""grantable"":""YES"",""privilege"":""SELECT""}"
18_TABLE_GRANT,public.coffees.postgres.TRIGGER,"{""table"":""coffees"",""schema"":""public"",""grantee"":""postgres"",""grantor"":""postgres"",""grantable"":""YES"",""privilege"":""TRIGGER""}"
18_TABLE_GRANT,public.coffees.postgres.TRUNCATE,"{""table"":""coffees"",""schema"":""public"",""grantee"":""postgres"",""grantor"":""postgres"",""grantable"":""YES"",""privilege"":""TRUNCATE""}"
18_TABLE_GRANT,public.coffees.postgres.UPDATE,"{""table"":""coffees"",""schema"":""public"",""grantee"":""postgres"",""grantor"":""postgres"",""grantable"":""YES"",""privilege"":""UPDATE""}"
18_TABLE_GRANT,public.coffees.service_role.DELETE,"{""table"":""coffees"",""schema"":""public"",""grantee"":""service_role"",""grantor"":""postgres"",""grantable"":""NO"",""privilege"":""DELETE""}"
18_TABLE_GRANT,public.coffees.service_role.INSERT,"{""table"":""coffees"",""schema"":""public"",""grantee"":""service_role"",""grantor"":""postgres"",""grantable"":""NO"",""privilege"":""INSERT""}"
18_TABLE_GRANT,public.coffees.service_role.REFERENCES,"{""table"":""coffees"",""schema"":""public"",""grantee"":""service_role"",""grantor"":""postgres"",""grantable"":""NO"",""privilege"":""REFERENCES""}"
18_TABLE_GRANT,public.coffees.service_role.SELECT,"{""table"":""coffees"",""schema"":""public"",""grantee"":""service_role"",""grantor"":""postgres"",""grantable"":""NO"",""privilege"":""SELECT""}"
18_TABLE_GRANT,public.coffees.service_role.TRIGGER,"{""table"":""coffees"",""schema"":""public"",""grantee"":""service_role"",""grantor"":""postgres"",""grantable"":""NO"",""privilege"":""TRIGGER""}"
18_TABLE_GRANT,public.coffees.service_role.TRUNCATE,"{""table"":""coffees"",""schema"":""public"",""grantee"":""service_role"",""grantor"":""postgres"",""grantable"":""NO"",""privilege"":""TRUNCATE""}"
18_TABLE_GRANT,public.coffees.service_role.UPDATE,"{""table"":""coffees"",""schema"":""public"",""grantee"":""service_role"",""grantor"":""postgres"",""grantable"":""NO"",""privilege"":""UPDATE""}"
18_TABLE_GRANT,public.favorites.anon.DELETE,"{""table"":""favorites"",""schema"":""public"",""grantee"":""anon"",""grantor"":""postgres"",""grantable"":""NO"",""privilege"":""DELETE""}"
18_TABLE_GRANT,public.favorites.anon.INSERT,"{""table"":""favorites"",""schema"":""public"",""grantee"":""anon"",""grantor"":""postgres"",""grantable"":""NO"",""privilege"":""INSERT""}"
18_TABLE_GRANT,public.favorites.anon.SELECT,"{""table"":""favorites"",""schema"":""public"",""grantee"":""anon"",""grantor"":""postgres"",""grantable"":""NO"",""privilege"":""SELECT""}"
18_TABLE_GRANT,public.favorites.anon.UPDATE,"{""table"":""favorites"",""schema"":""public"",""grantee"":""anon"",""grantor"":""postgres"",""grantable"":""NO"",""privilege"":""UPDATE""}"
18_TABLE_GRANT,public.favorites.authenticated.DELETE,"{""table"":""favorites"",""schema"":""public"",""grantee"":""authenticated"",""grantor"":""postgres"",""grantable"":""NO"",""privilege"":""DELETE""}"
18_TABLE_GRANT,public.favorites.authenticated.INSERT,"{""table"":""favorites"",""schema"":""public"",""grantee"":""authenticated"",""grantor"":""postgres"",""grantable"":""NO"",""privilege"":""INSERT""}"
18_TABLE_GRANT,public.favorites.authenticated.SELECT,"{""table"":""favorites"",""schema"":""public"",""grantee"":""authenticated"",""grantor"":""postgres"",""grantable"":""NO"",""privilege"":""SELECT""}"
18_TABLE_GRANT,public.favorites.authenticated.UPDATE,"{""table"":""favorites"",""schema"":""public"",""grantee"":""authenticated"",""grantor"":""postgres"",""grantable"":""NO"",""privilege"":""UPDATE""}"
18_TABLE_GRANT,public.favorites.postgres.DELETE,"{""table"":""favorites"",""schema"":""public"",""grantee"":""postgres"",""grantor"":""postgres"",""grantable"":""YES"",""privilege"":""DELETE""}"
18_TABLE_GRANT,public.favorites.postgres.INSERT,"{""table"":""favorites"",""schema"":""public"",""grantee"":""postgres"",""grantor"":""postgres"",""grantable"":""YES"",""privilege"":""INSERT""}"
18_TABLE_GRANT,public.favorites.postgres.REFERENCES,"{""table"":""favorites"",""schema"":""public"",""grantee"":""postgres"",""grantor"":""postgres"",""grantable"":""YES"",""privilege"":""REFERENCES""}"
18_TABLE_GRANT,public.favorites.postgres.SELECT,"{""table"":""favorites"",""schema"":""public"",""grantee"":""postgres"",""grantor"":""postgres"",""grantable"":""YES"",""privilege"":""SELECT""}"
18_TABLE_GRANT,public.favorites.postgres.TRIGGER,"{""table"":""favorites"",""schema"":""public"",""grantee"":""postgres"",""grantor"":""postgres"",""grantable"":""YES"",""privilege"":""TRIGGER""}"
18_TABLE_GRANT,public.favorites.postgres.TRUNCATE,"{""table"":""favorites"",""schema"":""public"",""grantee"":""postgres"",""grantor"":""postgres"",""grantable"":""YES"",""privilege"":""TRUNCATE""}"
18_TABLE_GRANT,public.favorites.postgres.UPDATE,"{""table"":""favorites"",""schema"":""public"",""grantee"":""postgres"",""grantor"":""postgres"",""grantable"":""YES"",""privilege"":""UPDATE""}"
18_TABLE_GRANT,public.favorites.service_role.DELETE,"{""table"":""favorites"",""schema"":""public"",""grantee"":""service_role"",""grantor"":""postgres"",""grantable"":""NO"",""privilege"":""DELETE""}"
18_TABLE_GRANT,public.favorites.service_role.INSERT,"{""table"":""favorites"",""schema"":""public"",""grantee"":""service_role"",""grantor"":""postgres"",""grantable"":""NO"",""privilege"":""INSERT""}"
18_TABLE_GRANT,public.favorites.service_role.REFERENCES,"{""table"":""favorites"",""schema"":""public"",""grantee"":""service_role"",""grantor"":""postgres"",""grantable"":""NO"",""privilege"":""REFERENCES""}"
18_TABLE_GRANT,public.favorites.service_role.SELECT,"{""table"":""favorites"",""schema"":""public"",""grantee"":""service_role"",""grantor"":""postgres"",""grantable"":""NO"",""privilege"":""SELECT""}"
18_TABLE_GRANT,public.favorites.service_role.TRIGGER,"{""table"":""favorites"",""schema"":""public"",""grantee"":""service_role"",""grantor"":""postgres"",""grantable"":""NO"",""privilege"":""TRIGGER""}"
18_TABLE_GRANT,public.favorites.service_role.TRUNCATE,"{""table"":""favorites"",""schema"":""public"",""grantee"":""service_role"",""grantor"":""postgres"",""grantable"":""NO"",""privilege"":""TRUNCATE""}"
18_TABLE_GRANT,public.favorites.service_role.UPDATE,"{""table"":""favorites"",""schema"":""public"",""grantee"":""service_role"",""grantor"":""postgres"",""grantable"":""NO"",""privilege"":""UPDATE""}"
18_TABLE_GRANT,public.inquiries.anon.DELETE,"{""table"":""inquiries"",""schema"":""public"",""grantee"":""anon"",""grantor"":""postgres"",""grantable"":""NO"",""privilege"":""DELETE""}"
18_TABLE_GRANT,public.inquiries.anon.INSERT,"{""table"":""inquiries"",""schema"":""public"",""grantee"":""anon"",""grantor"":""postgres"",""grantable"":""NO"",""privilege"":""INSERT""}"
18_TABLE_GRANT,public.inquiries.anon.SELECT,"{""table"":""inquiries"",""schema"":""public"",""grantee"":""anon"",""grantor"":""postgres"",""grantable"":""NO"",""privilege"":""SELECT""}"
18_TABLE_GRANT,public.inquiries.anon.UPDATE,"{""table"":""inquiries"",""schema"":""public"",""grantee"":""anon"",""grantor"":""postgres"",""grantable"":""NO"",""privilege"":""UPDATE""}"
18_TABLE_GRANT,public.inquiries.authenticated.DELETE,"{""table"":""inquiries"",""schema"":""public"",""grantee"":""authenticated"",""grantor"":""postgres"",""grantable"":""NO"",""privilege"":""DELETE""}"
18_TABLE_GRANT,public.inquiries.authenticated.INSERT,"{""table"":""inquiries"",""schema"":""public"",""grantee"":""authenticated"",""grantor"":""postgres"",""grantable"":""NO"",""privilege"":""INSERT""}"
18_TABLE_GRANT,public.inquiries.authenticated.SELECT,"{""table"":""inquiries"",""schema"":""public"",""grantee"":""authenticated"",""grantor"":""postgres"",""grantable"":""NO"",""privilege"":""SELECT""}"
18_TABLE_GRANT,public.inquiries.authenticated.UPDATE,"{""table"":""inquiries"",""schema"":""public"",""grantee"":""authenticated"",""grantor"":""postgres"",""grantable"":""NO"",""privilege"":""UPDATE""}"
18_TABLE_GRANT,public.inquiries.postgres.DELETE,"{""table"":""inquiries"",""schema"":""public"",""grantee"":""postgres"",""grantor"":""postgres"",""grantable"":""YES"",""privilege"":""DELETE""}"
18_TABLE_GRANT,public.inquiries.postgres.INSERT,"{""table"":""inquiries"",""schema"":""public"",""grantee"":""postgres"",""grantor"":""postgres"",""grantable"":""YES"",""privilege"":""INSERT""}"
18_TABLE_GRANT,public.inquiries.postgres.REFERENCES,"{""table"":""inquiries"",""schema"":""public"",""grantee"":""postgres"",""grantor"":""postgres"",""grantable"":""YES"",""privilege"":""REFERENCES""}"
18_TABLE_GRANT,public.inquiries.postgres.SELECT,"{""table"":""inquiries"",""schema"":""public"",""grantee"":""postgres"",""grantor"":""postgres"",""grantable"":""YES"",""privilege"":""SELECT""}"
18_TABLE_GRANT,public.inquiries.postgres.TRIGGER,"{""table"":""inquiries"",""schema"":""public"",""grantee"":""postgres"",""grantor"":""postgres"",""grantable"":""YES"",""privilege"":""TRIGGER""}"
18_TABLE_GRANT,public.inquiries.postgres.TRUNCATE,"{""table"":""inquiries"",""schema"":""public"",""grantee"":""postgres"",""grantor"":""postgres"",""grantable"":""YES"",""privilege"":""TRUNCATE""}"
18_TABLE_GRANT,public.inquiries.postgres.UPDATE,"{""table"":""inquiries"",""schema"":""public"",""grantee"":""postgres"",""grantor"":""postgres"",""grantable"":""YES"",""privilege"":""UPDATE""}"
18_TABLE_GRANT,public.inquiries.service_role.DELETE,"{""table"":""inquiries"",""schema"":""public"",""grantee"":""service_role"",""grantor"":""postgres"",""grantable"":""NO"",""privilege"":""DELETE""}"
18_TABLE_GRANT,public.inquiries.service_role.INSERT,"{""table"":""inquiries"",""schema"":""public"",""grantee"":""service_role"",""grantor"":""postgres"",""grantable"":""NO"",""privilege"":""INSERT""}"
18_TABLE_GRANT,public.inquiries.service_role.REFERENCES,"{""table"":""inquiries"",""schema"":""public"",""grantee"":""service_role"",""grantor"":""postgres"",""grantable"":""NO"",""privilege"":""REFERENCES""}"
18_TABLE_GRANT,public.inquiries.service_role.SELECT,"{""table"":""inquiries"",""schema"":""public"",""grantee"":""service_role"",""grantor"":""postgres"",""grantable"":""NO"",""privilege"":""SELECT""}"
18_TABLE_GRANT,public.inquiries.service_role.TRIGGER,"{""table"":""inquiries"",""schema"":""public"",""grantee"":""service_role"",""grantor"":""postgres"",""grantable"":""NO"",""privilege"":""TRIGGER""}"
18_TABLE_GRANT,public.inquiries.service_role.TRUNCATE,"{""table"":""inquiries"",""schema"":""public"",""grantee"":""service_role"",""grantor"":""postgres"",""grantable"":""NO"",""privilege"":""TRUNCATE""}"
18_TABLE_GRANT,public.inquiries.service_role.UPDATE,"{""table"":""inquiries"",""schema"":""public"",""grantee"":""service_role"",""grantor"":""postgres"",""grantable"":""NO"",""privilege"":""UPDATE""}"
18_TABLE_GRANT,public.inquiry_status_history.anon.DELETE,"{""table"":""inquiry_status_history"",""schema"":""public"",""grantee"":""anon"",""grantor"":""postgres"",""grantable"":""NO"",""privilege"":""DELETE""}"
18_TABLE_GRANT,public.inquiry_status_history.anon.INSERT,"{""table"":""inquiry_status_history"",""schema"":""public"",""grantee"":""anon"",""grantor"":""postgres"",""grantable"":""NO"",""privilege"":""INSERT""}"
18_TABLE_GRANT,public.inquiry_status_history.anon.SELECT,"{""table"":""inquiry_status_history"",""schema"":""public"",""grantee"":""anon"",""grantor"":""postgres"",""grantable"":""NO"",""privilege"":""SELECT""}"
18_TABLE_GRANT,public.inquiry_status_history.anon.UPDATE,"{""table"":""inquiry_status_history"",""schema"":""public"",""grantee"":""anon"",""grantor"":""postgres"",""grantable"":""NO"",""privilege"":""UPDATE""}"
18_TABLE_GRANT,public.inquiry_status_history.authenticated.DELETE,"{""table"":""inquiry_status_history"",""schema"":""public"",""grantee"":""authenticated"",""grantor"":""postgres"",""grantable"":""NO"",""privilege"":""DELETE""}"
18_TABLE_GRANT,public.inquiry_status_history.authenticated.INSERT,"{""table"":""inquiry_status_history"",""schema"":""public"",""grantee"":""authenticated"",""grantor"":""postgres"",""grantable"":""NO"",""privilege"":""INSERT""}"
18_TABLE_GRANT,public.inquiry_status_history.authenticated.SELECT,"{""table"":""inquiry_status_history"",""schema"":""public"",""grantee"":""authenticated"",""grantor"":""postgres"",""grantable"":""NO"",""privilege"":""SELECT""}"
18_TABLE_GRANT,public.inquiry_status_history.authenticated.UPDATE,"{""table"":""inquiry_status_history"",""schema"":""public"",""grantee"":""authenticated"",""grantor"":""postgres"",""grantable"":""NO"",""privilege"":""UPDATE""}"
18_TABLE_GRANT,public.inquiry_status_history.postgres.DELETE,"{""table"":""inquiry_status_history"",""schema"":""public"",""grantee"":""postgres"",""grantor"":""postgres"",""grantable"":""YES"",""privilege"":""DELETE""}"
18_TABLE_GRANT,public.inquiry_status_history.postgres.INSERT,"{""table"":""inquiry_status_history"",""schema"":""public"",""grantee"":""postgres"",""grantor"":""postgres"",""grantable"":""YES"",""privilege"":""INSERT""}"
18_TABLE_GRANT,public.inquiry_status_history.postgres.REFERENCES,"{""table"":""inquiry_status_history"",""schema"":""public"",""grantee"":""postgres"",""grantor"":""postgres"",""grantable"":""YES"",""privilege"":""REFERENCES""}"
18_TABLE_GRANT,public.inquiry_status_history.postgres.SELECT,"{""table"":""inquiry_status_history"",""schema"":""public"",""grantee"":""postgres"",""grantor"":""postgres"",""grantable"":""YES"",""privilege"":""SELECT""}"
18_TABLE_GRANT,public.inquiry_status_history.postgres.TRIGGER,"{""table"":""inquiry_status_history"",""schema"":""public"",""grantee"":""postgres"",""grantor"":""postgres"",""grantable"":""YES"",""privilege"":""TRIGGER""}"
18_TABLE_GRANT,public.inquiry_status_history.postgres.TRUNCATE,"{""table"":""inquiry_status_history"",""schema"":""public"",""grantee"":""postgres"",""grantor"":""postgres"",""grantable"":""YES"",""privilege"":""TRUNCATE""}"
18_TABLE_GRANT,public.inquiry_status_history.postgres.UPDATE,"{""table"":""inquiry_status_history"",""schema"":""public"",""grantee"":""postgres"",""grantor"":""postgres"",""grantable"":""YES"",""privilege"":""UPDATE""}"
18_TABLE_GRANT,public.inquiry_status_history.service_role.DELETE,"{""table"":""inquiry_status_history"",""schema"":""public"",""grantee"":""service_role"",""grantor"":""postgres"",""grantable"":""NO"",""privilege"":""DELETE""}"
18_TABLE_GRANT,public.inquiry_status_history.service_role.INSERT,"{""table"":""inquiry_status_history"",""schema"":""public"",""grantee"":""service_role"",""grantor"":""postgres"",""grantable"":""NO"",""privilege"":""INSERT""}"
18_TABLE_GRANT,public.inquiry_status_history.service_role.REFERENCES,"{""table"":""inquiry_status_history"",""schema"":""public"",""grantee"":""service_role"",""grantor"":""postgres"",""grantable"":""NO"",""privilege"":""REFERENCES""}"
18_TABLE_GRANT,public.inquiry_status_history.service_role.SELECT,"{""table"":""inquiry_status_history"",""schema"":""public"",""grantee"":""service_role"",""grantor"":""postgres"",""grantable"":""NO"",""privilege"":""SELECT""}"
18_TABLE_GRANT,public.inquiry_status_history.service_role.TRIGGER,"{""table"":""inquiry_status_history"",""schema"":""public"",""grantee"":""service_role"",""grantor"":""postgres"",""grantable"":""NO"",""privilege"":""TRIGGER""}"
18_TABLE_GRANT,public.inquiry_status_history.service_role.TRUNCATE,"{""table"":""inquiry_status_history"",""schema"":""public"",""grantee"":""service_role"",""grantor"":""postgres"",""grantable"":""NO"",""privilege"":""TRUNCATE""}"
18_TABLE_GRANT,public.inquiry_status_history.service_role.UPDATE,"{""table"":""inquiry_status_history"",""schema"":""public"",""grantee"":""service_role"",""grantor"":""postgres"",""grantable"":""NO"",""privilege"":""UPDATE""}"
18_TABLE_GRANT,public.media.anon.DELETE,"{""table"":""media"",""schema"":""public"",""grantee"":""anon"",""grantor"":""postgres"",""grantable"":""NO"",""privilege"":""DELETE""}"
18_TABLE_GRANT,public.media.anon.INSERT,"{""table"":""media"",""schema"":""public"",""grantee"":""anon"",""grantor"":""postgres"",""grantable"":""NO"",""privilege"":""INSERT""}"
18_TABLE_GRANT,public.media.anon.SELECT,"{""table"":""media"",""schema"":""public"",""grantee"":""anon"",""grantor"":""postgres"",""grantable"":""NO"",""privilege"":""SELECT""}"
18_TABLE_GRANT,public.media.anon.UPDATE,"{""table"":""media"",""schema"":""public"",""grantee"":""anon"",""grantor"":""postgres"",""grantable"":""NO"",""privilege"":""UPDATE""}"
18_TABLE_GRANT,public.media.authenticated.DELETE,"{""table"":""media"",""schema"":""public"",""grantee"":""authenticated"",""grantor"":""postgres"",""grantable"":""NO"",""privilege"":""DELETE""}"
18_TABLE_GRANT,public.media.authenticated.INSERT,"{""table"":""media"",""schema"":""public"",""grantee"":""authenticated"",""grantor"":""postgres"",""grantable"":""NO"",""privilege"":""INSERT""}"
18_TABLE_GRANT,public.media.authenticated.SELECT,"{""table"":""media"",""schema"":""public"",""grantee"":""authenticated"",""grantor"":""postgres"",""grantable"":""NO"",""privilege"":""SELECT""}"
18_TABLE_GRANT,public.media.authenticated.UPDATE,"{""table"":""media"",""schema"":""public"",""grantee"":""authenticated"",""grantor"":""postgres"",""grantable"":""NO"",""privilege"":""UPDATE""}"
18_TABLE_GRANT,public.media.postgres.DELETE,"{""table"":""media"",""schema"":""public"",""grantee"":""postgres"",""grantor"":""postgres"",""grantable"":""YES"",""privilege"":""DELETE""}"
18_TABLE_GRANT,public.media.postgres.INSERT,"{""table"":""media"",""schema"":""public"",""grantee"":""postgres"",""grantor"":""postgres"",""grantable"":""YES"",""privilege"":""INSERT""}"
18_TABLE_GRANT,public.media.postgres.REFERENCES,"{""table"":""media"",""schema"":""public"",""grantee"":""postgres"",""grantor"":""postgres"",""grantable"":""YES"",""privilege"":""REFERENCES""}"
18_TABLE_GRANT,public.media.postgres.SELECT,"{""table"":""media"",""schema"":""public"",""grantee"":""postgres"",""grantor"":""postgres"",""grantable"":""YES"",""privilege"":""SELECT""}"
18_TABLE_GRANT,public.media.postgres.TRIGGER,"{""table"":""media"",""schema"":""public"",""grantee"":""postgres"",""grantor"":""postgres"",""grantable"":""YES"",""privilege"":""TRIGGER""}"
18_TABLE_GRANT,public.media.postgres.TRUNCATE,"{""table"":""media"",""schema"":""public"",""grantee"":""postgres"",""grantor"":""postgres"",""grantable"":""YES"",""privilege"":""TRUNCATE""}"
18_TABLE_GRANT,public.media.postgres.UPDATE,"{""table"":""media"",""schema"":""public"",""grantee"":""postgres"",""grantor"":""postgres"",""grantable"":""YES"",""privilege"":""UPDATE""}"
18_TABLE_GRANT,public.media.service_role.DELETE,"{""table"":""media"",""schema"":""public"",""grantee"":""service_role"",""grantor"":""postgres"",""grantable"":""NO"",""privilege"":""DELETE""}"
18_TABLE_GRANT,public.media.service_role.INSERT,"{""table"":""media"",""schema"":""public"",""grantee"":""service_role"",""grantor"":""postgres"",""grantable"":""NO"",""privilege"":""INSERT""}"
18_TABLE_GRANT,public.media.service_role.REFERENCES,"{""table"":""media"",""schema"":""public"",""grantee"":""service_role"",""grantor"":""postgres"",""grantable"":""NO"",""privilege"":""REFERENCES""}"
18_TABLE_GRANT,public.media.service_role.SELECT,"{""table"":""media"",""schema"":""public"",""grantee"":""service_role"",""grantor"":""postgres"",""grantable"":""NO"",""privilege"":""SELECT""}"
18_TABLE_GRANT,public.media.service_role.TRIGGER,"{""table"":""media"",""schema"":""public"",""grantee"":""service_role"",""grantor"":""postgres"",""grantable"":""NO"",""privilege"":""TRIGGER""}"
18_TABLE_GRANT,public.media.service_role.TRUNCATE,"{""table"":""media"",""schema"":""public"",""grantee"":""service_role"",""grantor"":""postgres"",""grantable"":""NO"",""privilege"":""TRUNCATE""}"
18_TABLE_GRANT,public.media.service_role.UPDATE,"{""table"":""media"",""schema"":""public"",""grantee"":""service_role"",""grantor"":""postgres"",""grantable"":""NO"",""privilege"":""UPDATE""}"
18_TABLE_GRANT,public.media_translations.anon.DELETE,"{""table"":""media_translations"",""schema"":""public"",""grantee"":""anon"",""grantor"":""postgres"",""grantable"":""NO"",""privilege"":""DELETE""}"
18_TABLE_GRANT,public.media_translations.anon.INSERT,"{""table"":""media_translations"",""schema"":""public"",""grantee"":""anon"",""grantor"":""postgres"",""grantable"":""NO"",""privilege"":""INSERT""}"
18_TABLE_GRANT,public.media_translations.anon.SELECT,"{""table"":""media_translations"",""schema"":""public"",""grantee"":""anon"",""grantor"":""postgres"",""grantable"":""NO"",""privilege"":""SELECT""}"
18_TABLE_GRANT,public.media_translations.anon.UPDATE,"{""table"":""media_translations"",""schema"":""public"",""grantee"":""anon"",""grantor"":""postgres"",""grantable"":""NO"",""privilege"":""UPDATE""}"
18_TABLE_GRANT,public.media_translations.authenticated.DELETE,"{""table"":""media_translations"",""schema"":""public"",""grantee"":""authenticated"",""grantor"":""postgres"",""grantable"":""NO"",""privilege"":""DELETE""}"
18_TABLE_GRANT,public.media_translations.authenticated.INSERT,"{""table"":""media_translations"",""schema"":""public"",""grantee"":""authenticated"",""grantor"":""postgres"",""grantable"":""NO"",""privilege"":""INSERT""}"
18_TABLE_GRANT,public.media_translations.authenticated.SELECT,"{""table"":""media_translations"",""schema"":""public"",""grantee"":""authenticated"",""grantor"":""postgres"",""grantable"":""NO"",""privilege"":""SELECT""}"
18_TABLE_GRANT,public.media_translations.authenticated.UPDATE,"{""table"":""media_translations"",""schema"":""public"",""grantee"":""authenticated"",""grantor"":""postgres"",""grantable"":""NO"",""privilege"":""UPDATE""}"
18_TABLE_GRANT,public.media_translations.postgres.DELETE,"{""table"":""media_translations"",""schema"":""public"",""grantee"":""postgres"",""grantor"":""postgres"",""grantable"":""YES"",""privilege"":""DELETE""}"
18_TABLE_GRANT,public.media_translations.postgres.INSERT,"{""table"":""media_translations"",""schema"":""public"",""grantee"":""postgres"",""grantor"":""postgres"",""grantable"":""YES"",""privilege"":""INSERT""}"
18_TABLE_GRANT,public.media_translations.postgres.REFERENCES,"{""table"":""media_translations"",""schema"":""public"",""grantee"":""postgres"",""grantor"":""postgres"",""grantable"":""YES"",""privilege"":""REFERENCES""}"
18_TABLE_GRANT,public.media_translations.postgres.SELECT,"{""table"":""media_translations"",""schema"":""public"",""grantee"":""postgres"",""grantor"":""postgres"",""grantable"":""YES"",""privilege"":""SELECT""}"
18_TABLE_GRANT,public.media_translations.postgres.TRIGGER,"{""table"":""media_translations"",""schema"":""public"",""grantee"":""postgres"",""grantor"":""postgres"",""grantable"":""YES"",""privilege"":""TRIGGER""}"
18_TABLE_GRANT,public.media_translations.postgres.TRUNCATE,"{""table"":""media_translations"",""schema"":""public"",""grantee"":""postgres"",""grantor"":""postgres"",""grantable"":""YES"",""privilege"":""TRUNCATE""}"
18_TABLE_GRANT,public.media_translations.postgres.UPDATE,"{""table"":""media_translations"",""schema"":""public"",""grantee"":""postgres"",""grantor"":""postgres"",""grantable"":""YES"",""privilege"":""UPDATE""}"
18_TABLE_GRANT,public.media_translations.service_role.DELETE,"{""table"":""media_translations"",""schema"":""public"",""grantee"":""service_role"",""grantor"":""postgres"",""grantable"":""NO"",""privilege"":""DELETE""}"
18_TABLE_GRANT,public.media_translations.service_role.INSERT,"{""table"":""media_translations"",""schema"":""public"",""grantee"":""service_role"",""grantor"":""postgres"",""grantable"":""NO"",""privilege"":""INSERT""}"
18_TABLE_GRANT,public.media_translations.service_role.REFERENCES,"{""table"":""media_translations"",""schema"":""public"",""grantee"":""service_role"",""grantor"":""postgres"",""grantable"":""NO"",""privilege"":""REFERENCES""}"
18_TABLE_GRANT,public.media_translations.service_role.SELECT,"{""table"":""media_translations"",""schema"":""public"",""grantee"":""service_role"",""grantor"":""postgres"",""grantable"":""NO"",""privilege"":""SELECT""}"
18_TABLE_GRANT,public.media_translations.service_role.TRIGGER,"{""table"":""media_translations"",""schema"":""public"",""grantee"":""service_role"",""grantor"":""postgres"",""grantable"":""NO"",""privilege"":""TRIGGER""}"
18_TABLE_GRANT,public.media_translations.service_role.TRUNCATE,"{""table"":""media_translations"",""schema"":""public"",""grantee"":""service_role"",""grantor"":""postgres"",""grantable"":""NO"",""privilege"":""TRUNCATE""}"
18_TABLE_GRANT,public.media_translations.service_role.UPDATE,"{""table"":""media_translations"",""schema"":""public"",""grantee"":""service_role"",""grantor"":""postgres"",""grantable"":""NO"",""privilege"":""UPDATE""}"
18_TABLE_GRANT,public.offer_price_tiers.authenticated.DELETE,"{""table"":""offer_price_tiers"",""schema"":""public"",""grantee"":""authenticated"",""grantor"":""postgres"",""grantable"":""NO"",""privilege"":""DELETE""}"
18_TABLE_GRANT,public.offer_price_tiers.authenticated.INSERT,"{""table"":""offer_price_tiers"",""schema"":""public"",""grantee"":""authenticated"",""grantor"":""postgres"",""grantable"":""NO"",""privilege"":""INSERT""}"
18_TABLE_GRANT,public.offer_price_tiers.authenticated.SELECT,"{""table"":""offer_price_tiers"",""schema"":""public"",""grantee"":""authenticated"",""grantor"":""postgres"",""grantable"":""NO"",""privilege"":""SELECT""}"
18_TABLE_GRANT,public.offer_price_tiers.authenticated.UPDATE,"{""table"":""offer_price_tiers"",""schema"":""public"",""grantee"":""authenticated"",""grantor"":""postgres"",""grantable"":""NO"",""privilege"":""UPDATE""}"
18_TABLE_GRANT,public.offer_price_tiers.postgres.DELETE,"{""table"":""offer_price_tiers"",""schema"":""public"",""grantee"":""postgres"",""grantor"":""postgres"",""grantable"":""YES"",""privilege"":""DELETE""}"
18_TABLE_GRANT,public.offer_price_tiers.postgres.INSERT,"{""table"":""offer_price_tiers"",""schema"":""public"",""grantee"":""postgres"",""grantor"":""postgres"",""grantable"":""YES"",""privilege"":""INSERT""}"
18_TABLE_GRANT,public.offer_price_tiers.postgres.REFERENCES,"{""table"":""offer_price_tiers"",""schema"":""public"",""grantee"":""postgres"",""grantor"":""postgres"",""grantable"":""YES"",""privilege"":""REFERENCES""}"
18_TABLE_GRANT,public.offer_price_tiers.postgres.SELECT,"{""table"":""offer_price_tiers"",""schema"":""public"",""grantee"":""postgres"",""grantor"":""postgres"",""grantable"":""YES"",""privilege"":""SELECT""}"
18_TABLE_GRANT,public.offer_price_tiers.postgres.TRIGGER,"{""table"":""offer_price_tiers"",""schema"":""public"",""grantee"":""postgres"",""grantor"":""postgres"",""grantable"":""YES"",""privilege"":""TRIGGER""}"
18_TABLE_GRANT,public.offer_price_tiers.postgres.TRUNCATE,"{""table"":""offer_price_tiers"",""schema"":""public"",""grantee"":""postgres"",""grantor"":""postgres"",""grantable"":""YES"",""privilege"":""TRUNCATE""}"
18_TABLE_GRANT,public.offer_price_tiers.postgres.UPDATE,"{""table"":""offer_price_tiers"",""schema"":""public"",""grantee"":""postgres"",""grantor"":""postgres"",""grantable"":""YES"",""privilege"":""UPDATE""}"
18_TABLE_GRANT,public.offer_price_tiers.service_role.DELETE,"{""table"":""offer_price_tiers"",""schema"":""public"",""grantee"":""service_role"",""grantor"":""postgres"",""grantable"":""NO"",""privilege"":""DELETE""}"
18_TABLE_GRANT,public.offer_price_tiers.service_role.INSERT,"{""table"":""offer_price_tiers"",""schema"":""public"",""grantee"":""service_role"",""grantor"":""postgres"",""grantable"":""NO"",""privilege"":""INSERT""}"
18_TABLE_GRANT,public.offer_price_tiers.service_role.REFERENCES,"{""table"":""offer_price_tiers"",""schema"":""public"",""grantee"":""service_role"",""grantor"":""postgres"",""grantable"":""NO"",""privilege"":""REFERENCES""}"
18_TABLE_GRANT,public.offer_price_tiers.service_role.SELECT,"{""table"":""offer_price_tiers"",""schema"":""public"",""grantee"":""service_role"",""grantor"":""postgres"",""grantable"":""NO"",""privilege"":""SELECT""}"
18_TABLE_GRANT,public.offer_price_tiers.service_role.TRIGGER,"{""table"":""offer_price_tiers"",""schema"":""public"",""grantee"":""service_role"",""grantor"":""postgres"",""grantable"":""NO"",""privilege"":""TRIGGER""}"
18_TABLE_GRANT,public.offer_price_tiers.service_role.TRUNCATE,"{""table"":""offer_price_tiers"",""schema"":""public"",""grantee"":""service_role"",""grantor"":""postgres"",""grantable"":""NO"",""privilege"":""TRUNCATE""}"
18_TABLE_GRANT,public.offer_price_tiers.service_role.UPDATE,"{""table"":""offer_price_tiers"",""schema"":""public"",""grantee"":""service_role"",""grantor"":""postgres"",""grantable"":""NO"",""privilege"":""UPDATE""}"
18_TABLE_GRANT,public.offer_sensory_notes.anon.DELETE,"{""table"":""offer_sensory_notes"",""schema"":""public"",""grantee"":""anon"",""grantor"":""postgres"",""grantable"":""NO"",""privilege"":""DELETE""}"
18_TABLE_GRANT,public.offer_sensory_notes.anon.INSERT,"{""table"":""offer_sensory_notes"",""schema"":""public"",""grantee"":""anon"",""grantor"":""postgres"",""grantable"":""NO"",""privilege"":""INSERT""}"
18_TABLE_GRANT,public.offer_sensory_notes.anon.SELECT,"{""table"":""offer_sensory_notes"",""schema"":""public"",""grantee"":""anon"",""grantor"":""postgres"",""grantable"":""NO"",""privilege"":""SELECT""}"
18_TABLE_GRANT,public.offer_sensory_notes.anon.UPDATE,"{""table"":""offer_sensory_notes"",""schema"":""public"",""grantee"":""anon"",""grantor"":""postgres"",""grantable"":""NO"",""privilege"":""UPDATE""}"
18_TABLE_GRANT,public.offer_sensory_notes.authenticated.DELETE,"{""table"":""offer_sensory_notes"",""schema"":""public"",""grantee"":""authenticated"",""grantor"":""postgres"",""grantable"":""NO"",""privilege"":""DELETE""}"
18_TABLE_GRANT,public.offer_sensory_notes.authenticated.INSERT,"{""table"":""offer_sensory_notes"",""schema"":""public"",""grantee"":""authenticated"",""grantor"":""postgres"",""grantable"":""NO"",""privilege"":""INSERT""}"
18_TABLE_GRANT,public.offer_sensory_notes.authenticated.SELECT,"{""table"":""offer_sensory_notes"",""schema"":""public"",""grantee"":""authenticated"",""grantor"":""postgres"",""grantable"":""NO"",""privilege"":""SELECT""}"
18_TABLE_GRANT,public.offer_sensory_notes.authenticated.UPDATE,"{""table"":""offer_sensory_notes"",""schema"":""public"",""grantee"":""authenticated"",""grantor"":""postgres"",""grantable"":""NO"",""privilege"":""UPDATE""}"
18_TABLE_GRANT,public.offer_sensory_notes.postgres.DELETE,"{""table"":""offer_sensory_notes"",""schema"":""public"",""grantee"":""postgres"",""grantor"":""postgres"",""grantable"":""YES"",""privilege"":""DELETE""}"
18_TABLE_GRANT,public.offer_sensory_notes.postgres.INSERT,"{""table"":""offer_sensory_notes"",""schema"":""public"",""grantee"":""postgres"",""grantor"":""postgres"",""grantable"":""YES"",""privilege"":""INSERT""}"
18_TABLE_GRANT,public.offer_sensory_notes.postgres.REFERENCES,"{""table"":""offer_sensory_notes"",""schema"":""public"",""grantee"":""postgres"",""grantor"":""postgres"",""grantable"":""YES"",""privilege"":""REFERENCES""}"
18_TABLE_GRANT,public.offer_sensory_notes.postgres.SELECT,"{""table"":""offer_sensory_notes"",""schema"":""public"",""grantee"":""postgres"",""grantor"":""postgres"",""grantable"":""YES"",""privilege"":""SELECT""}"
18_TABLE_GRANT,public.offer_sensory_notes.postgres.TRIGGER,"{""table"":""offer_sensory_notes"",""schema"":""public"",""grantee"":""postgres"",""grantor"":""postgres"",""grantable"":""YES"",""privilege"":""TRIGGER""}"
18_TABLE_GRANT,public.offer_sensory_notes.postgres.TRUNCATE,"{""table"":""offer_sensory_notes"",""schema"":""public"",""grantee"":""postgres"",""grantor"":""postgres"",""grantable"":""YES"",""privilege"":""TRUNCATE""}"
18_TABLE_GRANT,public.offer_sensory_notes.postgres.UPDATE,"{""table"":""offer_sensory_notes"",""schema"":""public"",""grantee"":""postgres"",""grantor"":""postgres"",""grantable"":""YES"",""privilege"":""UPDATE""}"
18_TABLE_GRANT,public.offer_sensory_notes.service_role.DELETE,"{""table"":""offer_sensory_notes"",""schema"":""public"",""grantee"":""service_role"",""grantor"":""postgres"",""grantable"":""NO"",""privilege"":""DELETE""}"
18_TABLE_GRANT,public.offer_sensory_notes.service_role.INSERT,"{""table"":""offer_sensory_notes"",""schema"":""public"",""grantee"":""service_role"",""grantor"":""postgres"",""grantable"":""NO"",""privilege"":""INSERT""}"
18_TABLE_GRANT,public.offer_sensory_notes.service_role.REFERENCES,"{""table"":""offer_sensory_notes"",""schema"":""public"",""grantee"":""service_role"",""grantor"":""postgres"",""grantable"":""NO"",""privilege"":""REFERENCES""}"
18_TABLE_GRANT,public.offer_sensory_notes.service_role.SELECT,"{""table"":""offer_sensory_notes"",""schema"":""public"",""grantee"":""service_role"",""grantor"":""postgres"",""grantable"":""NO"",""privilege"":""SELECT""}"
18_TABLE_GRANT,public.offer_sensory_notes.service_role.TRIGGER,"{""table"":""offer_sensory_notes"",""schema"":""public"",""grantee"":""service_role"",""grantor"":""postgres"",""grantable"":""NO"",""privilege"":""TRIGGER""}"
18_TABLE_GRANT,public.offer_sensory_notes.service_role.TRUNCATE,"{""table"":""offer_sensory_notes"",""schema"":""public"",""grantee"":""service_role"",""grantor"":""postgres"",""grantable"":""NO"",""privilege"":""TRUNCATE""}"
18_TABLE_GRANT,public.offer_sensory_notes.service_role.UPDATE,"{""table"":""offer_sensory_notes"",""schema"":""public"",""grantee"":""service_role"",""grantor"":""postgres"",""grantable"":""NO"",""privilege"":""UPDATE""}"
18_TABLE_GRANT,public.offer_tags.anon.DELETE,"{""table"":""offer_tags"",""schema"":""public"",""grantee"":""anon"",""grantor"":""postgres"",""grantable"":""NO"",""privilege"":""DELETE""}"
18_TABLE_GRANT,public.offer_tags.anon.INSERT,"{""table"":""offer_tags"",""schema"":""public"",""grantee"":""anon"",""grantor"":""postgres"",""grantable"":""NO"",""privilege"":""INSERT""}"
18_TABLE_GRANT,public.offer_tags.anon.SELECT,"{""table"":""offer_tags"",""schema"":""public"",""grantee"":""anon"",""grantor"":""postgres"",""grantable"":""NO"",""privilege"":""SELECT""}"
18_TABLE_GRANT,public.offer_tags.anon.UPDATE,"{""table"":""offer_tags"",""schema"":""public"",""grantee"":""anon"",""grantor"":""postgres"",""grantable"":""NO"",""privilege"":""UPDATE""}"
18_TABLE_GRANT,public.offer_tags.authenticated.DELETE,"{""table"":""offer_tags"",""schema"":""public"",""grantee"":""authenticated"",""grantor"":""postgres"",""grantable"":""NO"",""privilege"":""DELETE""}"
18_TABLE_GRANT,public.offer_tags.authenticated.INSERT,"{""table"":""offer_tags"",""schema"":""public"",""grantee"":""authenticated"",""grantor"":""postgres"",""grantable"":""NO"",""privilege"":""INSERT""}"
18_TABLE_GRANT,public.offer_tags.authenticated.SELECT,"{""table"":""offer_tags"",""schema"":""public"",""grantee"":""authenticated"",""grantor"":""postgres"",""grantable"":""NO"",""privilege"":""SELECT""}"
18_TABLE_GRANT,public.offer_tags.authenticated.UPDATE,"{""table"":""offer_tags"",""schema"":""public"",""grantee"":""authenticated"",""grantor"":""postgres"",""grantable"":""NO"",""privilege"":""UPDATE""}"
18_TABLE_GRANT,public.offer_tags.postgres.DELETE,"{""table"":""offer_tags"",""schema"":""public"",""grantee"":""postgres"",""grantor"":""postgres"",""grantable"":""YES"",""privilege"":""DELETE""}"
18_TABLE_GRANT,public.offer_tags.postgres.INSERT,"{""table"":""offer_tags"",""schema"":""public"",""grantee"":""postgres"",""grantor"":""postgres"",""grantable"":""YES"",""privilege"":""INSERT""}"
18_TABLE_GRANT,public.offer_tags.postgres.REFERENCES,"{""table"":""offer_tags"",""schema"":""public"",""grantee"":""postgres"",""grantor"":""postgres"",""grantable"":""YES"",""privilege"":""REFERENCES""}"
18_TABLE_GRANT,public.offer_tags.postgres.SELECT,"{""table"":""offer_tags"",""schema"":""public"",""grantee"":""postgres"",""grantor"":""postgres"",""grantable"":""YES"",""privilege"":""SELECT""}"
18_TABLE_GRANT,public.offer_tags.postgres.TRIGGER,"{""table"":""offer_tags"",""schema"":""public"",""grantee"":""postgres"",""grantor"":""postgres"",""grantable"":""YES"",""privilege"":""TRIGGER""}"
18_TABLE_GRANT,public.offer_tags.postgres.TRUNCATE,"{""table"":""offer_tags"",""schema"":""public"",""grantee"":""postgres"",""grantor"":""postgres"",""grantable"":""YES"",""privilege"":""TRUNCATE""}"
18_TABLE_GRANT,public.offer_tags.postgres.UPDATE,"{""table"":""offer_tags"",""schema"":""public"",""grantee"":""postgres"",""grantor"":""postgres"",""grantable"":""YES"",""privilege"":""UPDATE""}"
18_TABLE_GRANT,public.offer_tags.service_role.DELETE,"{""table"":""offer_tags"",""schema"":""public"",""grantee"":""service_role"",""grantor"":""postgres"",""grantable"":""NO"",""privilege"":""DELETE""}"
18_TABLE_GRANT,public.offer_tags.service_role.INSERT,"{""table"":""offer_tags"",""schema"":""public"",""grantee"":""service_role"",""grantor"":""postgres"",""grantable"":""NO"",""privilege"":""INSERT""}"
18_TABLE_GRANT,public.offer_tags.service_role.REFERENCES,"{""table"":""offer_tags"",""schema"":""public"",""grantee"":""service_role"",""grantor"":""postgres"",""grantable"":""NO"",""privilege"":""REFERENCES""}"
18_TABLE_GRANT,public.offer_tags.service_role.SELECT,"{""table"":""offer_tags"",""schema"":""public"",""grantee"":""service_role"",""grantor"":""postgres"",""grantable"":""NO"",""privilege"":""SELECT""}"
18_TABLE_GRANT,public.offer_tags.service_role.TRIGGER,"{""table"":""offer_tags"",""schema"":""public"",""grantee"":""service_role"",""grantor"":""postgres"",""grantable"":""NO"",""privilege"":""TRIGGER""}"
18_TABLE_GRANT,public.offer_tags.service_role.TRUNCATE,"{""table"":""offer_tags"",""schema"":""public"",""grantee"":""service_role"",""grantor"":""postgres"",""grantable"":""NO"",""privilege"":""TRUNCATE""}"
18_TABLE_GRANT,public.offer_tags.service_role.UPDATE,"{""table"":""offer_tags"",""schema"":""public"",""grantee"":""service_role"",""grantor"":""postgres"",""grantable"":""NO"",""privilege"":""UPDATE""}"
18_TABLE_GRANT,public.origin_media.anon.DELETE,"{""table"":""origin_media"",""schema"":""public"",""grantee"":""anon"",""grantor"":""postgres"",""grantable"":""NO"",""privilege"":""DELETE""}"
18_TABLE_GRANT,public.origin_media.anon.INSERT,"{""table"":""origin_media"",""schema"":""public"",""grantee"":""anon"",""grantor"":""postgres"",""grantable"":""NO"",""privilege"":""INSERT""}"
18_TABLE_GRANT,public.origin_media.anon.SELECT,"{""table"":""origin_media"",""schema"":""public"",""grantee"":""anon"",""grantor"":""postgres"",""grantable"":""NO"",""privilege"":""SELECT""}"
18_TABLE_GRANT,public.origin_media.anon.UPDATE,"{""table"":""origin_media"",""schema"":""public"",""grantee"":""anon"",""grantor"":""postgres"",""grantable"":""NO"",""privilege"":""UPDATE""}"
18_TABLE_GRANT,public.origin_media.authenticated.DELETE,"{""table"":""origin_media"",""schema"":""public"",""grantee"":""authenticated"",""grantor"":""postgres"",""grantable"":""NO"",""privilege"":""DELETE""}"
18_TABLE_GRANT,public.origin_media.authenticated.INSERT,"{""table"":""origin_media"",""schema"":""public"",""grantee"":""authenticated"",""grantor"":""postgres"",""grantable"":""NO"",""privilege"":""INSERT""}"
18_TABLE_GRANT,public.origin_media.authenticated.SELECT,"{""table"":""origin_media"",""schema"":""public"",""grantee"":""authenticated"",""grantor"":""postgres"",""grantable"":""NO"",""privilege"":""SELECT""}"
18_TABLE_GRANT,public.origin_media.authenticated.UPDATE,"{""table"":""origin_media"",""schema"":""public"",""grantee"":""authenticated"",""grantor"":""postgres"",""grantable"":""NO"",""privilege"":""UPDATE""}"
18_TABLE_GRANT,public.origin_media.postgres.DELETE,"{""table"":""origin_media"",""schema"":""public"",""grantee"":""postgres"",""grantor"":""postgres"",""grantable"":""YES"",""privilege"":""DELETE""}"
18_TABLE_GRANT,public.origin_media.postgres.INSERT,"{""table"":""origin_media"",""schema"":""public"",""grantee"":""postgres"",""grantor"":""postgres"",""grantable"":""YES"",""privilege"":""INSERT""}"
18_TABLE_GRANT,public.origin_media.postgres.REFERENCES,"{""table"":""origin_media"",""schema"":""public"",""grantee"":""postgres"",""grantor"":""postgres"",""grantable"":""YES"",""privilege"":""REFERENCES""}"
18_TABLE_GRANT,public.origin_media.postgres.SELECT,"{""table"":""origin_media"",""schema"":""public"",""grantee"":""postgres"",""grantor"":""postgres"",""grantable"":""YES"",""privilege"":""SELECT""}"
18_TABLE_GRANT,public.origin_media.postgres.TRIGGER,"{""table"":""origin_media"",""schema"":""public"",""grantee"":""postgres"",""grantor"":""postgres"",""grantable"":""YES"",""privilege"":""TRIGGER""}"
18_TABLE_GRANT,public.origin_media.postgres.TRUNCATE,"{""table"":""origin_media"",""schema"":""public"",""grantee"":""postgres"",""grantor"":""postgres"",""grantable"":""YES"",""privilege"":""TRUNCATE""}"
18_TABLE_GRANT,public.origin_media.postgres.UPDATE,"{""table"":""origin_media"",""schema"":""public"",""grantee"":""postgres"",""grantor"":""postgres"",""grantable"":""YES"",""privilege"":""UPDATE""}"
18_TABLE_GRANT,public.origin_media.service_role.DELETE,"{""table"":""origin_media"",""schema"":""public"",""grantee"":""service_role"",""grantor"":""postgres"",""grantable"":""NO"",""privilege"":""DELETE""}"
18_TABLE_GRANT,public.origin_media.service_role.INSERT,"{""table"":""origin_media"",""schema"":""public"",""grantee"":""service_role"",""grantor"":""postgres"",""grantable"":""NO"",""privilege"":""INSERT""}"
18_TABLE_GRANT,public.origin_media.service_role.REFERENCES,"{""table"":""origin_media"",""schema"":""public"",""grantee"":""service_role"",""grantor"":""postgres"",""grantable"":""NO"",""privilege"":""REFERENCES""}"
18_TABLE_GRANT,public.origin_media.service_role.SELECT,"{""table"":""origin_media"",""schema"":""public"",""grantee"":""service_role"",""grantor"":""postgres"",""grantable"":""NO"",""privilege"":""SELECT""}"
18_TABLE_GRANT,public.origin_media.service_role.TRIGGER,"{""table"":""origin_media"",""schema"":""public"",""grantee"":""service_role"",""grantor"":""postgres"",""grantable"":""NO"",""privilege"":""TRIGGER""}"
18_TABLE_GRANT,public.origin_media.service_role.TRUNCATE,"{""table"":""origin_media"",""schema"":""public"",""grantee"":""service_role"",""grantor"":""postgres"",""grantable"":""NO"",""privilege"":""TRUNCATE""}"
18_TABLE_GRANT,public.origin_media.service_role.UPDATE,"{""table"":""origin_media"",""schema"":""public"",""grantee"":""service_role"",""grantor"":""postgres"",""grantable"":""NO"",""privilege"":""UPDATE""}"
18_TABLE_GRANT,public.origin_translations.anon.DELETE,"{""table"":""origin_translations"",""schema"":""public"",""grantee"":""anon"",""grantor"":""postgres"",""grantable"":""NO"",""privilege"":""DELETE""}"
18_TABLE_GRANT,public.origin_translations.anon.INSERT,"{""table"":""origin_translations"",""schema"":""public"",""grantee"":""anon"",""grantor"":""postgres"",""grantable"":""NO"",""privilege"":""INSERT""}"
18_TABLE_GRANT,public.origin_translations.anon.SELECT,"{""table"":""origin_translations"",""schema"":""public"",""grantee"":""anon"",""grantor"":""postgres"",""grantable"":""NO"",""privilege"":""SELECT""}"
18_TABLE_GRANT,public.origin_translations.anon.UPDATE,"{""table"":""origin_translations"",""schema"":""public"",""grantee"":""anon"",""grantor"":""postgres"",""grantable"":""NO"",""privilege"":""UPDATE""}"
18_TABLE_GRANT,public.origin_translations.authenticated.DELETE,"{""table"":""origin_translations"",""schema"":""public"",""grantee"":""authenticated"",""grantor"":""postgres"",""grantable"":""NO"",""privilege"":""DELETE""}"
18_TABLE_GRANT,public.origin_translations.authenticated.INSERT,"{""table"":""origin_translations"",""schema"":""public"",""grantee"":""authenticated"",""grantor"":""postgres"",""grantable"":""NO"",""privilege"":""INSERT""}"
18_TABLE_GRANT,public.origin_translations.authenticated.SELECT,"{""table"":""origin_translations"",""schema"":""public"",""grantee"":""authenticated"",""grantor"":""postgres"",""grantable"":""NO"",""privilege"":""SELECT""}"
18_TABLE_GRANT,public.origin_translations.authenticated.UPDATE,"{""table"":""origin_translations"",""schema"":""public"",""grantee"":""authenticated"",""grantor"":""postgres"",""grantable"":""NO"",""privilege"":""UPDATE""}"
18_TABLE_GRANT,public.origin_translations.postgres.DELETE,"{""table"":""origin_translations"",""schema"":""public"",""grantee"":""postgres"",""grantor"":""postgres"",""grantable"":""YES"",""privilege"":""DELETE""}"
18_TABLE_GRANT,public.origin_translations.postgres.INSERT,"{""table"":""origin_translations"",""schema"":""public"",""grantee"":""postgres"",""grantor"":""postgres"",""grantable"":""YES"",""privilege"":""INSERT""}"
18_TABLE_GRANT,public.origin_translations.postgres.REFERENCES,"{""table"":""origin_translations"",""schema"":""public"",""grantee"":""postgres"",""grantor"":""postgres"",""grantable"":""YES"",""privilege"":""REFERENCES""}"
18_TABLE_GRANT,public.origin_translations.postgres.SELECT,"{""table"":""origin_translations"",""schema"":""public"",""grantee"":""postgres"",""grantor"":""postgres"",""grantable"":""YES"",""privilege"":""SELECT""}"
18_TABLE_GRANT,public.origin_translations.postgres.TRIGGER,"{""table"":""origin_translations"",""schema"":""public"",""grantee"":""postgres"",""grantor"":""postgres"",""grantable"":""YES"",""privilege"":""TRIGGER""}"
18_TABLE_GRANT,public.origin_translations.postgres.TRUNCATE,"{""table"":""origin_translations"",""schema"":""public"",""grantee"":""postgres"",""grantor"":""postgres"",""grantable"":""YES"",""privilege"":""TRUNCATE""}"
18_TABLE_GRANT,public.origin_translations.postgres.UPDATE,"{""table"":""origin_translations"",""schema"":""public"",""grantee"":""postgres"",""grantor"":""postgres"",""grantable"":""YES"",""privilege"":""UPDATE""}"
18_TABLE_GRANT,public.origin_translations.service_role.DELETE,"{""table"":""origin_translations"",""schema"":""public"",""grantee"":""service_role"",""grantor"":""postgres"",""grantable"":""NO"",""privilege"":""DELETE""}"
18_TABLE_GRANT,public.origin_translations.service_role.INSERT,"{""table"":""origin_translations"",""schema"":""public"",""grantee"":""service_role"",""grantor"":""postgres"",""grantable"":""NO"",""privilege"":""INSERT""}"
18_TABLE_GRANT,public.origin_translations.service_role.REFERENCES,"{""table"":""origin_translations"",""schema"":""public"",""grantee"":""service_role"",""grantor"":""postgres"",""grantable"":""NO"",""privilege"":""REFERENCES""}"
18_TABLE_GRANT,public.origin_translations.service_role.SELECT,"{""table"":""origin_translations"",""schema"":""public"",""grantee"":""service_role"",""grantor"":""postgres"",""grantable"":""NO"",""privilege"":""SELECT""}"
18_TABLE_GRANT,public.origin_translations.service_role.TRIGGER,"{""table"":""origin_translations"",""schema"":""public"",""grantee"":""service_role"",""grantor"":""postgres"",""grantable"":""NO"",""privilege"":""TRIGGER""}"
18_TABLE_GRANT,public.origin_translations.service_role.TRUNCATE,"{""table"":""origin_translations"",""schema"":""public"",""grantee"":""service_role"",""grantor"":""postgres"",""grantable"":""NO"",""privilege"":""TRUNCATE""}"
18_TABLE_GRANT,public.origin_translations.service_role.UPDATE,"{""table"":""origin_translations"",""schema"":""public"",""grantee"":""service_role"",""grantor"":""postgres"",""grantable"":""NO"",""privilege"":""UPDATE""}"
18_TABLE_GRANT,public.origins.anon.DELETE,"{""table"":""origins"",""schema"":""public"",""grantee"":""anon"",""grantor"":""postgres"",""grantable"":""NO"",""privilege"":""DELETE""}"
18_TABLE_GRANT,public.origins.anon.INSERT,"{""table"":""origins"",""schema"":""public"",""grantee"":""anon"",""grantor"":""postgres"",""grantable"":""NO"",""privilege"":""INSERT""}"
18_TABLE_GRANT,public.origins.anon.SELECT,"{""table"":""origins"",""schema"":""public"",""grantee"":""anon"",""grantor"":""postgres"",""grantable"":""NO"",""privilege"":""SELECT""}"
18_TABLE_GRANT,public.origins.anon.UPDATE,"{""table"":""origins"",""schema"":""public"",""grantee"":""anon"",""grantor"":""postgres"",""grantable"":""NO"",""privilege"":""UPDATE""}"
18_TABLE_GRANT,public.origins.authenticated.DELETE,"{""table"":""origins"",""schema"":""public"",""grantee"":""authenticated"",""grantor"":""postgres"",""grantable"":""NO"",""privilege"":""DELETE""}"
18_TABLE_GRANT,public.origins.authenticated.INSERT,"{""table"":""origins"",""schema"":""public"",""grantee"":""authenticated"",""grantor"":""postgres"",""grantable"":""NO"",""privilege"":""INSERT""}"
18_TABLE_GRANT,public.origins.authenticated.SELECT,"{""table"":""origins"",""schema"":""public"",""grantee"":""authenticated"",""grantor"":""postgres"",""grantable"":""NO"",""privilege"":""SELECT""}"
18_TABLE_GRANT,public.origins.authenticated.UPDATE,"{""table"":""origins"",""schema"":""public"",""grantee"":""authenticated"",""grantor"":""postgres"",""grantable"":""NO"",""privilege"":""UPDATE""}"
18_TABLE_GRANT,public.origins.postgres.DELETE,"{""table"":""origins"",""schema"":""public"",""grantee"":""postgres"",""grantor"":""postgres"",""grantable"":""YES"",""privilege"":""DELETE""}"
18_TABLE_GRANT,public.origins.postgres.INSERT,"{""table"":""origins"",""schema"":""public"",""grantee"":""postgres"",""grantor"":""postgres"",""grantable"":""YES"",""privilege"":""INSERT""}"
18_TABLE_GRANT,public.origins.postgres.REFERENCES,"{""table"":""origins"",""schema"":""public"",""grantee"":""postgres"",""grantor"":""postgres"",""grantable"":""YES"",""privilege"":""REFERENCES""}"
18_TABLE_GRANT,public.origins.postgres.SELECT,"{""table"":""origins"",""schema"":""public"",""grantee"":""postgres"",""grantor"":""postgres"",""grantable"":""YES"",""privilege"":""SELECT""}"
18_TABLE_GRANT,public.origins.postgres.TRIGGER,"{""table"":""origins"",""schema"":""public"",""grantee"":""postgres"",""grantor"":""postgres"",""grantable"":""YES"",""privilege"":""TRIGGER""}"
18_TABLE_GRANT,public.origins.postgres.TRUNCATE,"{""table"":""origins"",""schema"":""public"",""grantee"":""postgres"",""grantor"":""postgres"",""grantable"":""YES"",""privilege"":""TRUNCATE""}"
18_TABLE_GRANT,public.origins.postgres.UPDATE,"{""table"":""origins"",""schema"":""public"",""grantee"":""postgres"",""grantor"":""postgres"",""grantable"":""YES"",""privilege"":""UPDATE""}"
18_TABLE_GRANT,public.origins.service_role.DELETE,"{""table"":""origins"",""schema"":""public"",""grantee"":""service_role"",""grantor"":""postgres"",""grantable"":""NO"",""privilege"":""DELETE""}"
18_TABLE_GRANT,public.origins.service_role.INSERT,"{""table"":""origins"",""schema"":""public"",""grantee"":""service_role"",""grantor"":""postgres"",""grantable"":""NO"",""privilege"":""INSERT""}"
18_TABLE_GRANT,public.origins.service_role.REFERENCES,"{""table"":""origins"",""schema"":""public"",""grantee"":""service_role"",""grantor"":""postgres"",""grantable"":""NO"",""privilege"":""REFERENCES""}"
18_TABLE_GRANT,public.origins.service_role.SELECT,"{""table"":""origins"",""schema"":""public"",""grantee"":""service_role"",""grantor"":""postgres"",""grantable"":""NO"",""privilege"":""SELECT""}"
18_TABLE_GRANT,public.origins.service_role.TRIGGER,"{""table"":""origins"",""schema"":""public"",""grantee"":""service_role"",""grantor"":""postgres"",""grantable"":""NO"",""privilege"":""TRIGGER""}"
18_TABLE_GRANT,public.origins.service_role.TRUNCATE,"{""table"":""origins"",""schema"":""public"",""grantee"":""service_role"",""grantor"":""postgres"",""grantable"":""NO"",""privilege"":""TRUNCATE""}"
18_TABLE_GRANT,public.origins.service_role.UPDATE,"{""table"":""origins"",""schema"":""public"",""grantee"":""service_role"",""grantor"":""postgres"",""grantable"":""NO"",""privilege"":""UPDATE""}"
18_TABLE_GRANT,public.packaging_type_translations.anon.DELETE,"{""table"":""packaging_type_translations"",""schema"":""public"",""grantee"":""anon"",""grantor"":""postgres"",""grantable"":""NO"",""privilege"":""DELETE""}"
18_TABLE_GRANT,public.packaging_type_translations.anon.INSERT,"{""table"":""packaging_type_translations"",""schema"":""public"",""grantee"":""anon"",""grantor"":""postgres"",""grantable"":""NO"",""privilege"":""INSERT""}"
18_TABLE_GRANT,public.packaging_type_translations.anon.SELECT,"{""table"":""packaging_type_translations"",""schema"":""public"",""grantee"":""anon"",""grantor"":""postgres"",""grantable"":""NO"",""privilege"":""SELECT""}"
18_TABLE_GRANT,public.packaging_type_translations.anon.UPDATE,"{""table"":""packaging_type_translations"",""schema"":""public"",""grantee"":""anon"",""grantor"":""postgres"",""grantable"":""NO"",""privilege"":""UPDATE""}"
18_TABLE_GRANT,public.packaging_type_translations.authenticated.DELETE,"{""table"":""packaging_type_translations"",""schema"":""public"",""grantee"":""authenticated"",""grantor"":""postgres"",""grantable"":""NO"",""privilege"":""DELETE""}"
18_TABLE_GRANT,public.packaging_type_translations.authenticated.INSERT,"{""table"":""packaging_type_translations"",""schema"":""public"",""grantee"":""authenticated"",""grantor"":""postgres"",""grantable"":""NO"",""privilege"":""INSERT""}"
18_TABLE_GRANT,public.packaging_type_translations.authenticated.SELECT,"{""table"":""packaging_type_translations"",""schema"":""public"",""grantee"":""authenticated"",""grantor"":""postgres"",""grantable"":""NO"",""privilege"":""SELECT""}"
18_TABLE_GRANT,public.packaging_type_translations.authenticated.UPDATE,"{""table"":""packaging_type_translations"",""schema"":""public"",""grantee"":""authenticated"",""grantor"":""postgres"",""grantable"":""NO"",""privilege"":""UPDATE""}"
18_TABLE_GRANT,public.packaging_type_translations.postgres.DELETE,"{""table"":""packaging_type_translations"",""schema"":""public"",""grantee"":""postgres"",""grantor"":""postgres"",""grantable"":""YES"",""privilege"":""DELETE""}"
18_TABLE_GRANT,public.packaging_type_translations.postgres.INSERT,"{""table"":""packaging_type_translations"",""schema"":""public"",""grantee"":""postgres"",""grantor"":""postgres"",""grantable"":""YES"",""privilege"":""INSERT""}"
18_TABLE_GRANT,public.packaging_type_translations.postgres.REFERENCES,"{""table"":""packaging_type_translations"",""schema"":""public"",""grantee"":""postgres"",""grantor"":""postgres"",""grantable"":""YES"",""privilege"":""REFERENCES""}"
18_TABLE_GRANT,public.packaging_type_translations.postgres.SELECT,"{""table"":""packaging_type_translations"",""schema"":""public"",""grantee"":""postgres"",""grantor"":""postgres"",""grantable"":""YES"",""privilege"":""SELECT""}"
18_TABLE_GRANT,public.packaging_type_translations.postgres.TRIGGER,"{""table"":""packaging_type_translations"",""schema"":""public"",""grantee"":""postgres"",""grantor"":""postgres"",""grantable"":""YES"",""privilege"":""TRIGGER""}"
18_TABLE_GRANT,public.packaging_type_translations.postgres.TRUNCATE,"{""table"":""packaging_type_translations"",""schema"":""public"",""grantee"":""postgres"",""grantor"":""postgres"",""grantable"":""YES"",""privilege"":""TRUNCATE""}"
18_TABLE_GRANT,public.packaging_type_translations.postgres.UPDATE,"{""table"":""packaging_type_translations"",""schema"":""public"",""grantee"":""postgres"",""grantor"":""postgres"",""grantable"":""YES"",""privilege"":""UPDATE""}"
18_TABLE_GRANT,public.packaging_type_translations.service_role.DELETE,"{""table"":""packaging_type_translations"",""schema"":""public"",""grantee"":""service_role"",""grantor"":""postgres"",""grantable"":""NO"",""privilege"":""DELETE""}"
18_TABLE_GRANT,public.packaging_type_translations.service_role.INSERT,"{""table"":""packaging_type_translations"",""schema"":""public"",""grantee"":""service_role"",""grantor"":""postgres"",""grantable"":""NO"",""privilege"":""INSERT""}"
18_TABLE_GRANT,public.packaging_type_translations.service_role.REFERENCES,"{""table"":""packaging_type_translations"",""schema"":""public"",""grantee"":""service_role"",""grantor"":""postgres"",""grantable"":""NO"",""privilege"":""REFERENCES""}"
18_TABLE_GRANT,public.packaging_type_translations.service_role.SELECT,"{""table"":""packaging_type_translations"",""schema"":""public"",""grantee"":""service_role"",""grantor"":""postgres"",""grantable"":""NO"",""privilege"":""SELECT""}"
18_TABLE_GRANT,public.packaging_type_translations.service_role.TRIGGER,"{""table"":""packaging_type_translations"",""schema"":""public"",""grantee"":""service_role"",""grantor"":""postgres"",""grantable"":""NO"",""privilege"":""TRIGGER""}"
18_TABLE_GRANT,public.packaging_type_translations.service_role.TRUNCATE,"{""table"":""packaging_type_translations"",""schema"":""public"",""grantee"":""service_role"",""grantor"":""postgres"",""grantable"":""NO"",""privilege"":""TRUNCATE""}"
18_TABLE_GRANT,public.packaging_type_translations.service_role.UPDATE,"{""table"":""packaging_type_translations"",""schema"":""public"",""grantee"":""service_role"",""grantor"":""postgres"",""grantable"":""NO"",""privilege"":""UPDATE""}"
18_TABLE_GRANT,public.packaging_types.anon.DELETE,"{""table"":""packaging_types"",""schema"":""public"",""grantee"":""anon"",""grantor"":""postgres"",""grantable"":""NO"",""privilege"":""DELETE""}"
18_TABLE_GRANT,public.packaging_types.anon.INSERT,"{""table"":""packaging_types"",""schema"":""public"",""grantee"":""anon"",""grantor"":""postgres"",""grantable"":""NO"",""privilege"":""INSERT""}"
18_TABLE_GRANT,public.packaging_types.anon.SELECT,"{""table"":""packaging_types"",""schema"":""public"",""grantee"":""anon"",""grantor"":""postgres"",""grantable"":""NO"",""privilege"":""SELECT""}"
18_TABLE_GRANT,public.packaging_types.anon.UPDATE,"{""table"":""packaging_types"",""schema"":""public"",""grantee"":""anon"",""grantor"":""postgres"",""grantable"":""NO"",""privilege"":""UPDATE""}"
18_TABLE_GRANT,public.packaging_types.authenticated.DELETE,"{""table"":""packaging_types"",""schema"":""public"",""grantee"":""authenticated"",""grantor"":""postgres"",""grantable"":""NO"",""privilege"":""DELETE""}"
18_TABLE_GRANT,public.packaging_types.authenticated.INSERT,"{""table"":""packaging_types"",""schema"":""public"",""grantee"":""authenticated"",""grantor"":""postgres"",""grantable"":""NO"",""privilege"":""INSERT""}"
18_TABLE_GRANT,public.packaging_types.authenticated.SELECT,"{""table"":""packaging_types"",""schema"":""public"",""grantee"":""authenticated"",""grantor"":""postgres"",""grantable"":""NO"",""privilege"":""SELECT""}"
18_TABLE_GRANT,public.packaging_types.authenticated.UPDATE,"{""table"":""packaging_types"",""schema"":""public"",""grantee"":""authenticated"",""grantor"":""postgres"",""grantable"":""NO"",""privilege"":""UPDATE""}"
18_TABLE_GRANT,public.packaging_types.postgres.DELETE,"{""table"":""packaging_types"",""schema"":""public"",""grantee"":""postgres"",""grantor"":""postgres"",""grantable"":""YES"",""privilege"":""DELETE""}"
18_TABLE_GRANT,public.packaging_types.postgres.INSERT,"{""table"":""packaging_types"",""schema"":""public"",""grantee"":""postgres"",""grantor"":""postgres"",""grantable"":""YES"",""privilege"":""INSERT""}"
18_TABLE_GRANT,public.packaging_types.postgres.REFERENCES,"{""table"":""packaging_types"",""schema"":""public"",""grantee"":""postgres"",""grantor"":""postgres"",""grantable"":""YES"",""privilege"":""REFERENCES""}"
18_TABLE_GRANT,public.packaging_types.postgres.SELECT,"{""table"":""packaging_types"",""schema"":""public"",""grantee"":""postgres"",""grantor"":""postgres"",""grantable"":""YES"",""privilege"":""SELECT""}"
18_TABLE_GRANT,public.packaging_types.postgres.TRIGGER,"{""table"":""packaging_types"",""schema"":""public"",""grantee"":""postgres"",""grantor"":""postgres"",""grantable"":""YES"",""privilege"":""TRIGGER""}"
18_TABLE_GRANT,public.packaging_types.postgres.TRUNCATE,"{""table"":""packaging_types"",""schema"":""public"",""grantee"":""postgres"",""grantor"":""postgres"",""grantable"":""YES"",""privilege"":""TRUNCATE""}"
18_TABLE_GRANT,public.packaging_types.postgres.UPDATE,"{""table"":""packaging_types"",""schema"":""public"",""grantee"":""postgres"",""grantor"":""postgres"",""grantable"":""YES"",""privilege"":""UPDATE""}"
18_TABLE_GRANT,public.packaging_types.service_role.DELETE,"{""table"":""packaging_types"",""schema"":""public"",""grantee"":""service_role"",""grantor"":""postgres"",""grantable"":""NO"",""privilege"":""DELETE""}"
18_TABLE_GRANT,public.packaging_types.service_role.INSERT,"{""table"":""packaging_types"",""schema"":""public"",""grantee"":""service_role"",""grantor"":""postgres"",""grantable"":""NO"",""privilege"":""INSERT""}"
18_TABLE_GRANT,public.packaging_types.service_role.REFERENCES,"{""table"":""packaging_types"",""schema"":""public"",""grantee"":""service_role"",""grantor"":""postgres"",""grantable"":""NO"",""privilege"":""REFERENCES""}"
18_TABLE_GRANT,public.packaging_types.service_role.SELECT,"{""table"":""packaging_types"",""schema"":""public"",""grantee"":""service_role"",""grantor"":""postgres"",""grantable"":""NO"",""privilege"":""SELECT""}"
18_TABLE_GRANT,public.packaging_types.service_role.TRIGGER,"{""table"":""packaging_types"",""schema"":""public"",""grantee"":""service_role"",""grantor"":""postgres"",""grantable"":""NO"",""privilege"":""TRIGGER""}"
18_TABLE_GRANT,public.packaging_types.service_role.TRUNCATE,"{""table"":""packaging_types"",""schema"":""public"",""grantee"":""service_role"",""grantor"":""postgres"",""grantable"":""NO"",""privilege"":""TRUNCATE""}"
18_TABLE_GRANT,public.packaging_types.service_role.UPDATE,"{""table"":""packaging_types"",""schema"":""public"",""grantee"":""service_role"",""grantor"":""postgres"",""grantable"":""NO"",""privilege"":""UPDATE""}"
18_TABLE_GRANT,public.processing_method_translations.anon.DELETE,"{""table"":""processing_method_translations"",""schema"":""public"",""grantee"":""anon"",""grantor"":""postgres"",""grantable"":""NO"",""privilege"":""DELETE""}"
18_TABLE_GRANT,public.processing_method_translations.anon.INSERT,"{""table"":""processing_method_translations"",""schema"":""public"",""grantee"":""anon"",""grantor"":""postgres"",""grantable"":""NO"",""privilege"":""INSERT""}"
18_TABLE_GRANT,public.processing_method_translations.anon.SELECT,"{""table"":""processing_method_translations"",""schema"":""public"",""grantee"":""anon"",""grantor"":""postgres"",""grantable"":""NO"",""privilege"":""SELECT""}"
18_TABLE_GRANT,public.processing_method_translations.anon.UPDATE,"{""table"":""processing_method_translations"",""schema"":""public"",""grantee"":""anon"",""grantor"":""postgres"",""grantable"":""NO"",""privilege"":""UPDATE""}"
18_TABLE_GRANT,public.processing_method_translations.authenticated.DELETE,"{""table"":""processing_method_translations"",""schema"":""public"",""grantee"":""authenticated"",""grantor"":""postgres"",""grantable"":""NO"",""privilege"":""DELETE""}"
18_TABLE_GRANT,public.processing_method_translations.authenticated.INSERT,"{""table"":""processing_method_translations"",""schema"":""public"",""grantee"":""authenticated"",""grantor"":""postgres"",""grantable"":""NO"",""privilege"":""INSERT""}"
18_TABLE_GRANT,public.processing_method_translations.authenticated.SELECT,"{""table"":""processing_method_translations"",""schema"":""public"",""grantee"":""authenticated"",""grantor"":""postgres"",""grantable"":""NO"",""privilege"":""SELECT""}"
18_TABLE_GRANT,public.processing_method_translations.authenticated.UPDATE,"{""table"":""processing_method_translations"",""schema"":""public"",""grantee"":""authenticated"",""grantor"":""postgres"",""grantable"":""NO"",""privilege"":""UPDATE""}"
18_TABLE_GRANT,public.processing_method_translations.postgres.DELETE,"{""table"":""processing_method_translations"",""schema"":""public"",""grantee"":""postgres"",""grantor"":""postgres"",""grantable"":""YES"",""privilege"":""DELETE""}"
18_TABLE_GRANT,public.processing_method_translations.postgres.INSERT,"{""table"":""processing_method_translations"",""schema"":""public"",""grantee"":""postgres"",""grantor"":""postgres"",""grantable"":""YES"",""privilege"":""INSERT""}"
18_TABLE_GRANT,public.processing_method_translations.postgres.REFERENCES,"{""table"":""processing_method_translations"",""schema"":""public"",""grantee"":""postgres"",""grantor"":""postgres"",""grantable"":""YES"",""privilege"":""REFERENCES""}"
18_TABLE_GRANT,public.processing_method_translations.postgres.SELECT,"{""table"":""processing_method_translations"",""schema"":""public"",""grantee"":""postgres"",""grantor"":""postgres"",""grantable"":""YES"",""privilege"":""SELECT""}"
18_TABLE_GRANT,public.processing_method_translations.postgres.TRIGGER,"{""table"":""processing_method_translations"",""schema"":""public"",""grantee"":""postgres"",""grantor"":""postgres"",""grantable"":""YES"",""privilege"":""TRIGGER""}"
18_TABLE_GRANT,public.processing_method_translations.postgres.TRUNCATE,"{""table"":""processing_method_translations"",""schema"":""public"",""grantee"":""postgres"",""grantor"":""postgres"",""grantable"":""YES"",""privilege"":""TRUNCATE""}"
18_TABLE_GRANT,public.processing_method_translations.postgres.UPDATE,"{""table"":""processing_method_translations"",""schema"":""public"",""grantee"":""postgres"",""grantor"":""postgres"",""grantable"":""YES"",""privilege"":""UPDATE""}"
18_TABLE_GRANT,public.processing_method_translations.service_role.DELETE,"{""table"":""processing_method_translations"",""schema"":""public"",""grantee"":""service_role"",""grantor"":""postgres"",""grantable"":""NO"",""privilege"":""DELETE""}"
18_TABLE_GRANT,public.processing_method_translations.service_role.INSERT,"{""table"":""processing_method_translations"",""schema"":""public"",""grantee"":""service_role"",""grantor"":""postgres"",""grantable"":""NO"",""privilege"":""INSERT""}"
18_TABLE_GRANT,public.processing_method_translations.service_role.REFERENCES,"{""table"":""processing_method_translations"",""schema"":""public"",""grantee"":""service_role"",""grantor"":""postgres"",""grantable"":""NO"",""privilege"":""REFERENCES""}"
18_TABLE_GRANT,public.processing_method_translations.service_role.SELECT,"{""table"":""processing_method_translations"",""schema"":""public"",""grantee"":""service_role"",""grantor"":""postgres"",""grantable"":""NO"",""privilege"":""SELECT""}"
18_TABLE_GRANT,public.processing_method_translations.service_role.TRIGGER,"{""table"":""processing_method_translations"",""schema"":""public"",""grantee"":""service_role"",""grantor"":""postgres"",""grantable"":""NO"",""privilege"":""TRIGGER""}"
18_TABLE_GRANT,public.processing_method_translations.service_role.TRUNCATE,"{""table"":""processing_method_translations"",""schema"":""public"",""grantee"":""service_role"",""grantor"":""postgres"",""grantable"":""NO"",""privilege"":""TRUNCATE""}"
18_TABLE_GRANT,public.processing_method_translations.service_role.UPDATE,"{""table"":""processing_method_translations"",""schema"":""public"",""grantee"":""service_role"",""grantor"":""postgres"",""grantable"":""NO"",""privilege"":""UPDATE""}"
18_TABLE_GRANT,public.processing_methods.anon.DELETE,"{""table"":""processing_methods"",""schema"":""public"",""grantee"":""anon"",""grantor"":""postgres"",""grantable"":""NO"",""privilege"":""DELETE""}"
18_TABLE_GRANT,public.processing_methods.anon.INSERT,"{""table"":""processing_methods"",""schema"":""public"",""grantee"":""anon"",""grantor"":""postgres"",""grantable"":""NO"",""privilege"":""INSERT""}"
18_TABLE_GRANT,public.processing_methods.anon.SELECT,"{""table"":""processing_methods"",""schema"":""public"",""grantee"":""anon"",""grantor"":""postgres"",""grantable"":""NO"",""privilege"":""SELECT""}"
18_TABLE_GRANT,public.processing_methods.anon.UPDATE,"{""table"":""processing_methods"",""schema"":""public"",""grantee"":""anon"",""grantor"":""postgres"",""grantable"":""NO"",""privilege"":""UPDATE""}"
18_TABLE_GRANT,public.processing_methods.authenticated.DELETE,"{""table"":""processing_methods"",""schema"":""public"",""grantee"":""authenticated"",""grantor"":""postgres"",""grantable"":""NO"",""privilege"":""DELETE""}"
18_TABLE_GRANT,public.processing_methods.authenticated.INSERT,"{""table"":""processing_methods"",""schema"":""public"",""grantee"":""authenticated"",""grantor"":""postgres"",""grantable"":""NO"",""privilege"":""INSERT""}"
18_TABLE_GRANT,public.processing_methods.authenticated.SELECT,"{""table"":""processing_methods"",""schema"":""public"",""grantee"":""authenticated"",""grantor"":""postgres"",""grantable"":""NO"",""privilege"":""SELECT""}"
18_TABLE_GRANT,public.processing_methods.authenticated.UPDATE,"{""table"":""processing_methods"",""schema"":""public"",""grantee"":""authenticated"",""grantor"":""postgres"",""grantable"":""NO"",""privilege"":""UPDATE""}"
18_TABLE_GRANT,public.processing_methods.postgres.DELETE,"{""table"":""processing_methods"",""schema"":""public"",""grantee"":""postgres"",""grantor"":""postgres"",""grantable"":""YES"",""privilege"":""DELETE""}"
18_TABLE_GRANT,public.processing_methods.postgres.INSERT,"{""table"":""processing_methods"",""schema"":""public"",""grantee"":""postgres"",""grantor"":""postgres"",""grantable"":""YES"",""privilege"":""INSERT""}"
18_TABLE_GRANT,public.processing_methods.postgres.REFERENCES,"{""table"":""processing_methods"",""schema"":""public"",""grantee"":""postgres"",""grantor"":""postgres"",""grantable"":""YES"",""privilege"":""REFERENCES""}"
18_TABLE_GRANT,public.processing_methods.postgres.SELECT,"{""table"":""processing_methods"",""schema"":""public"",""grantee"":""postgres"",""grantor"":""postgres"",""grantable"":""YES"",""privilege"":""SELECT""}"
18_TABLE_GRANT,public.processing_methods.postgres.TRIGGER,"{""table"":""processing_methods"",""schema"":""public"",""grantee"":""postgres"",""grantor"":""postgres"",""grantable"":""YES"",""privilege"":""TRIGGER""}"
18_TABLE_GRANT,public.processing_methods.postgres.TRUNCATE,"{""table"":""processing_methods"",""schema"":""public"",""grantee"":""postgres"",""grantor"":""postgres"",""grantable"":""YES"",""privilege"":""TRUNCATE""}"
18_TABLE_GRANT,public.processing_methods.postgres.UPDATE,"{""table"":""processing_methods"",""schema"":""public"",""grantee"":""postgres"",""grantor"":""postgres"",""grantable"":""YES"",""privilege"":""UPDATE""}"
18_TABLE_GRANT,public.processing_methods.service_role.DELETE,"{""table"":""processing_methods"",""schema"":""public"",""grantee"":""service_role"",""grantor"":""postgres"",""grantable"":""NO"",""privilege"":""DELETE""}"
18_TABLE_GRANT,public.processing_methods.service_role.INSERT,"{""table"":""processing_methods"",""schema"":""public"",""grantee"":""service_role"",""grantor"":""postgres"",""grantable"":""NO"",""privilege"":""INSERT""}"
18_TABLE_GRANT,public.processing_methods.service_role.REFERENCES,"{""table"":""processing_methods"",""schema"":""public"",""grantee"":""service_role"",""grantor"":""postgres"",""grantable"":""NO"",""privilege"":""REFERENCES""}"
18_TABLE_GRANT,public.processing_methods.service_role.SELECT,"{""table"":""processing_methods"",""schema"":""public"",""grantee"":""service_role"",""grantor"":""postgres"",""grantable"":""NO"",""privilege"":""SELECT""}"
18_TABLE_GRANT,public.processing_methods.service_role.TRIGGER,"{""table"":""processing_methods"",""schema"":""public"",""grantee"":""service_role"",""grantor"":""postgres"",""grantable"":""NO"",""privilege"":""TRIGGER""}"
18_TABLE_GRANT,public.processing_methods.service_role.TRUNCATE,"{""table"":""processing_methods"",""schema"":""public"",""grantee"":""service_role"",""grantor"":""postgres"",""grantable"":""NO"",""privilege"":""TRUNCATE""}"
18_TABLE_GRANT,public.processing_methods.service_role.UPDATE,"{""table"":""processing_methods"",""schema"":""public"",""grantee"":""service_role"",""grantor"":""postgres"",""grantable"":""NO"",""privilege"":""UPDATE""}"
18_TABLE_GRANT,public.profiles.anon.DELETE,"{""table"":""profiles"",""schema"":""public"",""grantee"":""anon"",""grantor"":""postgres"",""grantable"":""NO"",""privilege"":""DELETE""}"
18_TABLE_GRANT,public.profiles.anon.INSERT,"{""table"":""profiles"",""schema"":""public"",""grantee"":""anon"",""grantor"":""postgres"",""grantable"":""NO"",""privilege"":""INSERT""}"
18_TABLE_GRANT,public.profiles.anon.SELECT,"{""table"":""profiles"",""schema"":""public"",""grantee"":""anon"",""grantor"":""postgres"",""grantable"":""NO"",""privilege"":""SELECT""}"
18_TABLE_GRANT,public.profiles.anon.UPDATE,"{""table"":""profiles"",""schema"":""public"",""grantee"":""anon"",""grantor"":""postgres"",""grantable"":""NO"",""privilege"":""UPDATE""}"
18_TABLE_GRANT,public.profiles.authenticated.DELETE,"{""table"":""profiles"",""schema"":""public"",""grantee"":""authenticated"",""grantor"":""postgres"",""grantable"":""NO"",""privilege"":""DELETE""}"
18_TABLE_GRANT,public.profiles.authenticated.INSERT,"{""table"":""profiles"",""schema"":""public"",""grantee"":""authenticated"",""grantor"":""postgres"",""grantable"":""NO"",""privilege"":""INSERT""}"
18_TABLE_GRANT,public.profiles.authenticated.SELECT,"{""table"":""profiles"",""schema"":""public"",""grantee"":""authenticated"",""grantor"":""postgres"",""grantable"":""NO"",""privilege"":""SELECT""}"
18_TABLE_GRANT,public.profiles.authenticated.UPDATE,"{""table"":""profiles"",""schema"":""public"",""grantee"":""authenticated"",""grantor"":""postgres"",""grantable"":""NO"",""privilege"":""UPDATE""}"
18_TABLE_GRANT,public.profiles.postgres.DELETE,"{""table"":""profiles"",""schema"":""public"",""grantee"":""postgres"",""grantor"":""postgres"",""grantable"":""YES"",""privilege"":""DELETE""}"
18_TABLE_GRANT,public.profiles.postgres.INSERT,"{""table"":""profiles"",""schema"":""public"",""grantee"":""postgres"",""grantor"":""postgres"",""grantable"":""YES"",""privilege"":""INSERT""}"
18_TABLE_GRANT,public.profiles.postgres.REFERENCES,"{""table"":""profiles"",""schema"":""public"",""grantee"":""postgres"",""grantor"":""postgres"",""grantable"":""YES"",""privilege"":""REFERENCES""}"
18_TABLE_GRANT,public.profiles.postgres.SELECT,"{""table"":""profiles"",""schema"":""public"",""grantee"":""postgres"",""grantor"":""postgres"",""grantable"":""YES"",""privilege"":""SELECT""}"
18_TABLE_GRANT,public.profiles.postgres.TRIGGER,"{""table"":""profiles"",""schema"":""public"",""grantee"":""postgres"",""grantor"":""postgres"",""grantable"":""YES"",""privilege"":""TRIGGER""}"
18_TABLE_GRANT,public.profiles.postgres.TRUNCATE,"{""table"":""profiles"",""schema"":""public"",""grantee"":""postgres"",""grantor"":""postgres"",""grantable"":""YES"",""privilege"":""TRUNCATE""}"
18_TABLE_GRANT,public.profiles.postgres.UPDATE,"{""table"":""profiles"",""schema"":""public"",""grantee"":""postgres"",""grantor"":""postgres"",""grantable"":""YES"",""privilege"":""UPDATE""}"
18_TABLE_GRANT,public.profiles.service_role.DELETE,"{""table"":""profiles"",""schema"":""public"",""grantee"":""service_role"",""grantor"":""postgres"",""grantable"":""NO"",""privilege"":""DELETE""}"
18_TABLE_GRANT,public.profiles.service_role.INSERT,"{""table"":""profiles"",""schema"":""public"",""grantee"":""service_role"",""grantor"":""postgres"",""grantable"":""NO"",""privilege"":""INSERT""}"
18_TABLE_GRANT,public.profiles.service_role.REFERENCES,"{""table"":""profiles"",""schema"":""public"",""grantee"":""service_role"",""grantor"":""postgres"",""grantable"":""NO"",""privilege"":""REFERENCES""}"
18_TABLE_GRANT,public.profiles.service_role.SELECT,"{""table"":""profiles"",""schema"":""public"",""grantee"":""service_role"",""grantor"":""postgres"",""grantable"":""NO"",""privilege"":""SELECT""}"
18_TABLE_GRANT,public.profiles.service_role.TRIGGER,"{""table"":""profiles"",""schema"":""public"",""grantee"":""service_role"",""grantor"":""postgres"",""grantable"":""NO"",""privilege"":""TRIGGER""}"
18_TABLE_GRANT,public.profiles.service_role.TRUNCATE,"{""table"":""profiles"",""schema"":""public"",""grantee"":""service_role"",""grantor"":""postgres"",""grantable"":""NO"",""privilege"":""TRUNCATE""}"
18_TABLE_GRANT,public.profiles.service_role.UPDATE,"{""table"":""profiles"",""schema"":""public"",""grantee"":""service_role"",""grantor"":""postgres"",""grantable"":""NO"",""privilege"":""UPDATE""}"
18_TABLE_GRANT,public.region_translations.anon.DELETE,"{""table"":""region_translations"",""schema"":""public"",""grantee"":""anon"",""grantor"":""postgres"",""grantable"":""NO"",""privilege"":""DELETE""}"
18_TABLE_GRANT,public.region_translations.anon.INSERT,"{""table"":""region_translations"",""schema"":""public"",""grantee"":""anon"",""grantor"":""postgres"",""grantable"":""NO"",""privilege"":""INSERT""}"
18_TABLE_GRANT,public.region_translations.anon.SELECT,"{""table"":""region_translations"",""schema"":""public"",""grantee"":""anon"",""grantor"":""postgres"",""grantable"":""NO"",""privilege"":""SELECT""}"
18_TABLE_GRANT,public.region_translations.anon.UPDATE,"{""table"":""region_translations"",""schema"":""public"",""grantee"":""anon"",""grantor"":""postgres"",""grantable"":""NO"",""privilege"":""UPDATE""}"
18_TABLE_GRANT,public.region_translations.authenticated.DELETE,"{""table"":""region_translations"",""schema"":""public"",""grantee"":""authenticated"",""grantor"":""postgres"",""grantable"":""NO"",""privilege"":""DELETE""}"
18_TABLE_GRANT,public.region_translations.authenticated.INSERT,"{""table"":""region_translations"",""schema"":""public"",""grantee"":""authenticated"",""grantor"":""postgres"",""grantable"":""NO"",""privilege"":""INSERT""}"
18_TABLE_GRANT,public.region_translations.authenticated.SELECT,"{""table"":""region_translations"",""schema"":""public"",""grantee"":""authenticated"",""grantor"":""postgres"",""grantable"":""NO"",""privilege"":""SELECT""}"
18_TABLE_GRANT,public.region_translations.authenticated.UPDATE,"{""table"":""region_translations"",""schema"":""public"",""grantee"":""authenticated"",""grantor"":""postgres"",""grantable"":""NO"",""privilege"":""UPDATE""}"
18_TABLE_GRANT,public.region_translations.postgres.DELETE,"{""table"":""region_translations"",""schema"":""public"",""grantee"":""postgres"",""grantor"":""postgres"",""grantable"":""YES"",""privilege"":""DELETE""}"
18_TABLE_GRANT,public.region_translations.postgres.INSERT,"{""table"":""region_translations"",""schema"":""public"",""grantee"":""postgres"",""grantor"":""postgres"",""grantable"":""YES"",""privilege"":""INSERT""}"
18_TABLE_GRANT,public.region_translations.postgres.REFERENCES,"{""table"":""region_translations"",""schema"":""public"",""grantee"":""postgres"",""grantor"":""postgres"",""grantable"":""YES"",""privilege"":""REFERENCES""}"
18_TABLE_GRANT,public.region_translations.postgres.SELECT,"{""table"":""region_translations"",""schema"":""public"",""grantee"":""postgres"",""grantor"":""postgres"",""grantable"":""YES"",""privilege"":""SELECT""}"
18_TABLE_GRANT,public.region_translations.postgres.TRIGGER,"{""table"":""region_translations"",""schema"":""public"",""grantee"":""postgres"",""grantor"":""postgres"",""grantable"":""YES"",""privilege"":""TRIGGER""}"
18_TABLE_GRANT,public.region_translations.postgres.TRUNCATE,"{""table"":""region_translations"",""schema"":""public"",""grantee"":""postgres"",""grantor"":""postgres"",""grantable"":""YES"",""privilege"":""TRUNCATE""}"
18_TABLE_GRANT,public.region_translations.postgres.UPDATE,"{""table"":""region_translations"",""schema"":""public"",""grantee"":""postgres"",""grantor"":""postgres"",""grantable"":""YES"",""privilege"":""UPDATE""}"
18_TABLE_GRANT,public.region_translations.service_role.DELETE,"{""table"":""region_translations"",""schema"":""public"",""grantee"":""service_role"",""grantor"":""postgres"",""grantable"":""NO"",""privilege"":""DELETE""}"
18_TABLE_GRANT,public.region_translations.service_role.INSERT,"{""table"":""region_translations"",""schema"":""public"",""grantee"":""service_role"",""grantor"":""postgres"",""grantable"":""NO"",""privilege"":""INSERT""}"
18_TABLE_GRANT,public.region_translations.service_role.REFERENCES,"{""table"":""region_translations"",""schema"":""public"",""grantee"":""service_role"",""grantor"":""postgres"",""grantable"":""NO"",""privilege"":""REFERENCES""}"
18_TABLE_GRANT,public.region_translations.service_role.SELECT,"{""table"":""region_translations"",""schema"":""public"",""grantee"":""service_role"",""grantor"":""postgres"",""grantable"":""NO"",""privilege"":""SELECT""}"
18_TABLE_GRANT,public.region_translations.service_role.TRIGGER,"{""table"":""region_translations"",""schema"":""public"",""grantee"":""service_role"",""grantor"":""postgres"",""grantable"":""NO"",""privilege"":""TRIGGER""}"
18_TABLE_GRANT,public.region_translations.service_role.TRUNCATE,"{""table"":""region_translations"",""schema"":""public"",""grantee"":""service_role"",""grantor"":""postgres"",""grantable"":""NO"",""privilege"":""TRUNCATE""}"
18_TABLE_GRANT,public.region_translations.service_role.UPDATE,"{""table"":""region_translations"",""schema"":""public"",""grantee"":""service_role"",""grantor"":""postgres"",""grantable"":""NO"",""privilege"":""UPDATE""}"
18_TABLE_GRANT,public.regions.anon.DELETE,"{""table"":""regions"",""schema"":""public"",""grantee"":""anon"",""grantor"":""postgres"",""grantable"":""NO"",""privilege"":""DELETE""}"
18_TABLE_GRANT,public.regions.anon.INSERT,"{""table"":""regions"",""schema"":""public"",""grantee"":""anon"",""grantor"":""postgres"",""grantable"":""NO"",""privilege"":""INSERT""}"
18_TABLE_GRANT,public.regions.anon.SELECT,"{""table"":""regions"",""schema"":""public"",""grantee"":""anon"",""grantor"":""postgres"",""grantable"":""NO"",""privilege"":""SELECT""}"
18_TABLE_GRANT,public.regions.anon.UPDATE,"{""table"":""regions"",""schema"":""public"",""grantee"":""anon"",""grantor"":""postgres"",""grantable"":""NO"",""privilege"":""UPDATE""}"
18_TABLE_GRANT,public.regions.authenticated.DELETE,"{""table"":""regions"",""schema"":""public"",""grantee"":""authenticated"",""grantor"":""postgres"",""grantable"":""NO"",""privilege"":""DELETE""}"
18_TABLE_GRANT,public.regions.authenticated.INSERT,"{""table"":""regions"",""schema"":""public"",""grantee"":""authenticated"",""grantor"":""postgres"",""grantable"":""NO"",""privilege"":""INSERT""}"
18_TABLE_GRANT,public.regions.authenticated.SELECT,"{""table"":""regions"",""schema"":""public"",""grantee"":""authenticated"",""grantor"":""postgres"",""grantable"":""NO"",""privilege"":""SELECT""}"
18_TABLE_GRANT,public.regions.authenticated.UPDATE,"{""table"":""regions"",""schema"":""public"",""grantee"":""authenticated"",""grantor"":""postgres"",""grantable"":""NO"",""privilege"":""UPDATE""}"
18_TABLE_GRANT,public.regions.postgres.DELETE,"{""table"":""regions"",""schema"":""public"",""grantee"":""postgres"",""grantor"":""postgres"",""grantable"":""YES"",""privilege"":""DELETE""}"
18_TABLE_GRANT,public.regions.postgres.INSERT,"{""table"":""regions"",""schema"":""public"",""grantee"":""postgres"",""grantor"":""postgres"",""grantable"":""YES"",""privilege"":""INSERT""}"
18_TABLE_GRANT,public.regions.postgres.REFERENCES,"{""table"":""regions"",""schema"":""public"",""grantee"":""postgres"",""grantor"":""postgres"",""grantable"":""YES"",""privilege"":""REFERENCES""}"
18_TABLE_GRANT,public.regions.postgres.SELECT,"{""table"":""regions"",""schema"":""public"",""grantee"":""postgres"",""grantor"":""postgres"",""grantable"":""YES"",""privilege"":""SELECT""}"
18_TABLE_GRANT,public.regions.postgres.TRIGGER,"{""table"":""regions"",""schema"":""public"",""grantee"":""postgres"",""grantor"":""postgres"",""grantable"":""YES"",""privilege"":""TRIGGER""}"
18_TABLE_GRANT,public.regions.postgres.TRUNCATE,"{""table"":""regions"",""schema"":""public"",""grantee"":""postgres"",""grantor"":""postgres"",""grantable"":""YES"",""privilege"":""TRUNCATE""}"
18_TABLE_GRANT,public.regions.postgres.UPDATE,"{""table"":""regions"",""schema"":""public"",""grantee"":""postgres"",""grantor"":""postgres"",""grantable"":""YES"",""privilege"":""UPDATE""}"
18_TABLE_GRANT,public.regions.service_role.DELETE,"{""table"":""regions"",""schema"":""public"",""grantee"":""service_role"",""grantor"":""postgres"",""grantable"":""NO"",""privilege"":""DELETE""}"
18_TABLE_GRANT,public.regions.service_role.INSERT,"{""table"":""regions"",""schema"":""public"",""grantee"":""service_role"",""grantor"":""postgres"",""grantable"":""NO"",""privilege"":""INSERT""}"
18_TABLE_GRANT,public.regions.service_role.REFERENCES,"{""table"":""regions"",""schema"":""public"",""grantee"":""service_role"",""grantor"":""postgres"",""grantable"":""NO"",""privilege"":""REFERENCES""}"
18_TABLE_GRANT,public.regions.service_role.SELECT,"{""table"":""regions"",""schema"":""public"",""grantee"":""service_role"",""grantor"":""postgres"",""grantable"":""NO"",""privilege"":""SELECT""}"
18_TABLE_GRANT,public.regions.service_role.TRIGGER,"{""table"":""regions"",""schema"":""public"",""grantee"":""service_role"",""grantor"":""postgres"",""grantable"":""NO"",""privilege"":""TRIGGER""}"
18_TABLE_GRANT,public.regions.service_role.TRUNCATE,"{""table"":""regions"",""schema"":""public"",""grantee"":""service_role"",""grantor"":""postgres"",""grantable"":""NO"",""privilege"":""TRUNCATE""}"
18_TABLE_GRANT,public.regions.service_role.UPDATE,"{""table"":""regions"",""schema"":""public"",""grantee"":""service_role"",""grantor"":""postgres"",""grantable"":""NO"",""privilege"":""UPDATE""}"
18_TABLE_GRANT,public.sensory_note_translations.anon.DELETE,"{""table"":""sensory_note_translations"",""schema"":""public"",""grantee"":""anon"",""grantor"":""postgres"",""grantable"":""NO"",""privilege"":""DELETE""}"
18_TABLE_GRANT,public.sensory_note_translations.anon.INSERT,"{""table"":""sensory_note_translations"",""schema"":""public"",""grantee"":""anon"",""grantor"":""postgres"",""grantable"":""NO"",""privilege"":""INSERT""}"
18_TABLE_GRANT,public.sensory_note_translations.anon.SELECT,"{""table"":""sensory_note_translations"",""schema"":""public"",""grantee"":""anon"",""grantor"":""postgres"",""grantable"":""NO"",""privilege"":""SELECT""}"
18_TABLE_GRANT,public.sensory_note_translations.anon.UPDATE,"{""table"":""sensory_note_translations"",""schema"":""public"",""grantee"":""anon"",""grantor"":""postgres"",""grantable"":""NO"",""privilege"":""UPDATE""}"
18_TABLE_GRANT,public.sensory_note_translations.authenticated.DELETE,"{""table"":""sensory_note_translations"",""schema"":""public"",""grantee"":""authenticated"",""grantor"":""postgres"",""grantable"":""NO"",""privilege"":""DELETE""}"
18_TABLE_GRANT,public.sensory_note_translations.authenticated.INSERT,"{""table"":""sensory_note_translations"",""schema"":""public"",""grantee"":""authenticated"",""grantor"":""postgres"",""grantable"":""NO"",""privilege"":""INSERT""}"
18_TABLE_GRANT,public.sensory_note_translations.authenticated.SELECT,"{""table"":""sensory_note_translations"",""schema"":""public"",""grantee"":""authenticated"",""grantor"":""postgres"",""grantable"":""NO"",""privilege"":""SELECT""}"
18_TABLE_GRANT,public.sensory_note_translations.authenticated.UPDATE,"{""table"":""sensory_note_translations"",""schema"":""public"",""grantee"":""authenticated"",""grantor"":""postgres"",""grantable"":""NO"",""privilege"":""UPDATE""}"
18_TABLE_GRANT,public.sensory_note_translations.postgres.DELETE,"{""table"":""sensory_note_translations"",""schema"":""public"",""grantee"":""postgres"",""grantor"":""postgres"",""grantable"":""YES"",""privilege"":""DELETE""}"
18_TABLE_GRANT,public.sensory_note_translations.postgres.INSERT,"{""table"":""sensory_note_translations"",""schema"":""public"",""grantee"":""postgres"",""grantor"":""postgres"",""grantable"":""YES"",""privilege"":""INSERT""}"
18_TABLE_GRANT,public.sensory_note_translations.postgres.REFERENCES,"{""table"":""sensory_note_translations"",""schema"":""public"",""grantee"":""postgres"",""grantor"":""postgres"",""grantable"":""YES"",""privilege"":""REFERENCES""}"
18_TABLE_GRANT,public.sensory_note_translations.postgres.SELECT,"{""table"":""sensory_note_translations"",""schema"":""public"",""grantee"":""postgres"",""grantor"":""postgres"",""grantable"":""YES"",""privilege"":""SELECT""}"
18_TABLE_GRANT,public.sensory_note_translations.postgres.TRIGGER,"{""table"":""sensory_note_translations"",""schema"":""public"",""grantee"":""postgres"",""grantor"":""postgres"",""grantable"":""YES"",""privilege"":""TRIGGER""}"
18_TABLE_GRANT,public.sensory_note_translations.postgres.TRUNCATE,"{""table"":""sensory_note_translations"",""schema"":""public"",""grantee"":""postgres"",""grantor"":""postgres"",""grantable"":""YES"",""privilege"":""TRUNCATE""}"
18_TABLE_GRANT,public.sensory_note_translations.postgres.UPDATE,"{""table"":""sensory_note_translations"",""schema"":""public"",""grantee"":""postgres"",""grantor"":""postgres"",""grantable"":""YES"",""privilege"":""UPDATE""}"
18_TABLE_GRANT,public.sensory_note_translations.service_role.DELETE,"{""table"":""sensory_note_translations"",""schema"":""public"",""grantee"":""service_role"",""grantor"":""postgres"",""grantable"":""NO"",""privilege"":""DELETE""}"
18_TABLE_GRANT,public.sensory_note_translations.service_role.INSERT,"{""table"":""sensory_note_translations"",""schema"":""public"",""grantee"":""service_role"",""grantor"":""postgres"",""grantable"":""NO"",""privilege"":""INSERT""}"
18_TABLE_GRANT,public.sensory_note_translations.service_role.REFERENCES,"{""table"":""sensory_note_translations"",""schema"":""public"",""grantee"":""service_role"",""grantor"":""postgres"",""grantable"":""NO"",""privilege"":""REFERENCES""}"
18_TABLE_GRANT,public.sensory_note_translations.service_role.SELECT,"{""table"":""sensory_note_translations"",""schema"":""public"",""grantee"":""service_role"",""grantor"":""postgres"",""grantable"":""NO"",""privilege"":""SELECT""}"
18_TABLE_GRANT,public.sensory_note_translations.service_role.TRIGGER,"{""table"":""sensory_note_translations"",""schema"":""public"",""grantee"":""service_role"",""grantor"":""postgres"",""grantable"":""NO"",""privilege"":""TRIGGER""}"
18_TABLE_GRANT,public.sensory_note_translations.service_role.TRUNCATE,"{""table"":""sensory_note_translations"",""schema"":""public"",""grantee"":""service_role"",""grantor"":""postgres"",""grantable"":""NO"",""privilege"":""TRUNCATE""}"
18_TABLE_GRANT,public.sensory_note_translations.service_role.UPDATE,"{""table"":""sensory_note_translations"",""schema"":""public"",""grantee"":""service_role"",""grantor"":""postgres"",""grantable"":""NO"",""privilege"":""UPDATE""}"
18_TABLE_GRANT,public.sensory_notes.anon.DELETE,"{""table"":""sensory_notes"",""schema"":""public"",""grantee"":""anon"",""grantor"":""postgres"",""grantable"":""NO"",""privilege"":""DELETE""}"
18_TABLE_GRANT,public.sensory_notes.anon.INSERT,"{""table"":""sensory_notes"",""schema"":""public"",""grantee"":""anon"",""grantor"":""postgres"",""grantable"":""NO"",""privilege"":""INSERT""}"
18_TABLE_GRANT,public.sensory_notes.anon.SELECT,"{""table"":""sensory_notes"",""schema"":""public"",""grantee"":""anon"",""grantor"":""postgres"",""grantable"":""NO"",""privilege"":""SELECT""}"
18_TABLE_GRANT,public.sensory_notes.anon.UPDATE,"{""table"":""sensory_notes"",""schema"":""public"",""grantee"":""anon"",""grantor"":""postgres"",""grantable"":""NO"",""privilege"":""UPDATE""}"
18_TABLE_GRANT,public.sensory_notes.authenticated.DELETE,"{""table"":""sensory_notes"",""schema"":""public"",""grantee"":""authenticated"",""grantor"":""postgres"",""grantable"":""NO"",""privilege"":""DELETE""}"
18_TABLE_GRANT,public.sensory_notes.authenticated.INSERT,"{""table"":""sensory_notes"",""schema"":""public"",""grantee"":""authenticated"",""grantor"":""postgres"",""grantable"":""NO"",""privilege"":""INSERT""}"
18_TABLE_GRANT,public.sensory_notes.authenticated.SELECT,"{""table"":""sensory_notes"",""schema"":""public"",""grantee"":""authenticated"",""grantor"":""postgres"",""grantable"":""NO"",""privilege"":""SELECT""}"
18_TABLE_GRANT,public.sensory_notes.authenticated.UPDATE,"{""table"":""sensory_notes"",""schema"":""public"",""grantee"":""authenticated"",""grantor"":""postgres"",""grantable"":""NO"",""privilege"":""UPDATE""}"
18_TABLE_GRANT,public.sensory_notes.postgres.DELETE,"{""table"":""sensory_notes"",""schema"":""public"",""grantee"":""postgres"",""grantor"":""postgres"",""grantable"":""YES"",""privilege"":""DELETE""}"
18_TABLE_GRANT,public.sensory_notes.postgres.INSERT,"{""table"":""sensory_notes"",""schema"":""public"",""grantee"":""postgres"",""grantor"":""postgres"",""grantable"":""YES"",""privilege"":""INSERT""}"
18_TABLE_GRANT,public.sensory_notes.postgres.REFERENCES,"{""table"":""sensory_notes"",""schema"":""public"",""grantee"":""postgres"",""grantor"":""postgres"",""grantable"":""YES"",""privilege"":""REFERENCES""}"
18_TABLE_GRANT,public.sensory_notes.postgres.SELECT,"{""table"":""sensory_notes"",""schema"":""public"",""grantee"":""postgres"",""grantor"":""postgres"",""grantable"":""YES"",""privilege"":""SELECT""}"
18_TABLE_GRANT,public.sensory_notes.postgres.TRIGGER,"{""table"":""sensory_notes"",""schema"":""public"",""grantee"":""postgres"",""grantor"":""postgres"",""grantable"":""YES"",""privilege"":""TRIGGER""}"
18_TABLE_GRANT,public.sensory_notes.postgres.TRUNCATE,"{""table"":""sensory_notes"",""schema"":""public"",""grantee"":""postgres"",""grantor"":""postgres"",""grantable"":""YES"",""privilege"":""TRUNCATE""}"
18_TABLE_GRANT,public.sensory_notes.postgres.UPDATE,"{""table"":""sensory_notes"",""schema"":""public"",""grantee"":""postgres"",""grantor"":""postgres"",""grantable"":""YES"",""privilege"":""UPDATE""}"
18_TABLE_GRANT,public.sensory_notes.service_role.DELETE,"{""table"":""sensory_notes"",""schema"":""public"",""grantee"":""service_role"",""grantor"":""postgres"",""grantable"":""NO"",""privilege"":""DELETE""}"
18_TABLE_GRANT,public.sensory_notes.service_role.INSERT,"{""table"":""sensory_notes"",""schema"":""public"",""grantee"":""service_role"",""grantor"":""postgres"",""grantable"":""NO"",""privilege"":""INSERT""}"
18_TABLE_GRANT,public.sensory_notes.service_role.REFERENCES,"{""table"":""sensory_notes"",""schema"":""public"",""grantee"":""service_role"",""grantor"":""postgres"",""grantable"":""NO"",""privilege"":""REFERENCES""}"
18_TABLE_GRANT,public.sensory_notes.service_role.SELECT,"{""table"":""sensory_notes"",""schema"":""public"",""grantee"":""service_role"",""grantor"":""postgres"",""grantable"":""NO"",""privilege"":""SELECT""}"
18_TABLE_GRANT,public.sensory_notes.service_role.TRIGGER,"{""table"":""sensory_notes"",""schema"":""public"",""grantee"":""service_role"",""grantor"":""postgres"",""grantable"":""NO"",""privilege"":""TRIGGER""}"
18_TABLE_GRANT,public.sensory_notes.service_role.TRUNCATE,"{""table"":""sensory_notes"",""schema"":""public"",""grantee"":""service_role"",""grantor"":""postgres"",""grantable"":""NO"",""privilege"":""TRUNCATE""}"
18_TABLE_GRANT,public.sensory_notes.service_role.UPDATE,"{""table"":""sensory_notes"",""schema"":""public"",""grantee"":""service_role"",""grantor"":""postgres"",""grantable"":""NO"",""privilege"":""UPDATE""}"
18_TABLE_GRANT,public.site_page_section_translations.anon.SELECT,"{""table"":""site_page_section_translations"",""schema"":""public"",""grantee"":""anon"",""grantor"":""postgres"",""grantable"":""NO"",""privilege"":""SELECT""}"
18_TABLE_GRANT,public.site_page_section_translations.authenticated.DELETE,"{""table"":""site_page_section_translations"",""schema"":""public"",""grantee"":""authenticated"",""grantor"":""postgres"",""grantable"":""NO"",""privilege"":""DELETE""}"
18_TABLE_GRANT,public.site_page_section_translations.authenticated.INSERT,"{""table"":""site_page_section_translations"",""schema"":""public"",""grantee"":""authenticated"",""grantor"":""postgres"",""grantable"":""NO"",""privilege"":""INSERT""}"
18_TABLE_GRANT,public.site_page_section_translations.authenticated.SELECT,"{""table"":""site_page_section_translations"",""schema"":""public"",""grantee"":""authenticated"",""grantor"":""postgres"",""grantable"":""NO"",""privilege"":""SELECT""}"
18_TABLE_GRANT,public.site_page_section_translations.authenticated.UPDATE,"{""table"":""site_page_section_translations"",""schema"":""public"",""grantee"":""authenticated"",""grantor"":""postgres"",""grantable"":""NO"",""privilege"":""UPDATE""}"
18_TABLE_GRANT,public.site_page_section_translations.postgres.DELETE,"{""table"":""site_page_section_translations"",""schema"":""public"",""grantee"":""postgres"",""grantor"":""postgres"",""grantable"":""YES"",""privilege"":""DELETE""}"
18_TABLE_GRANT,public.site_page_section_translations.postgres.INSERT,"{""table"":""site_page_section_translations"",""schema"":""public"",""grantee"":""postgres"",""grantor"":""postgres"",""grantable"":""YES"",""privilege"":""INSERT""}"
18_TABLE_GRANT,public.site_page_section_translations.postgres.REFERENCES,"{""table"":""site_page_section_translations"",""schema"":""public"",""grantee"":""postgres"",""grantor"":""postgres"",""grantable"":""YES"",""privilege"":""REFERENCES""}"
18_TABLE_GRANT,public.site_page_section_translations.postgres.SELECT,"{""table"":""site_page_section_translations"",""schema"":""public"",""grantee"":""postgres"",""grantor"":""postgres"",""grantable"":""YES"",""privilege"":""SELECT""}"
18_TABLE_GRANT,public.site_page_section_translations.postgres.TRIGGER,"{""table"":""site_page_section_translations"",""schema"":""public"",""grantee"":""postgres"",""grantor"":""postgres"",""grantable"":""YES"",""privilege"":""TRIGGER""}"
18_TABLE_GRANT,public.site_page_section_translations.postgres.TRUNCATE,"{""table"":""site_page_section_translations"",""schema"":""public"",""grantee"":""postgres"",""grantor"":""postgres"",""grantable"":""YES"",""privilege"":""TRUNCATE""}"
18_TABLE_GRANT,public.site_page_section_translations.postgres.UPDATE,"{""table"":""site_page_section_translations"",""schema"":""public"",""grantee"":""postgres"",""grantor"":""postgres"",""grantable"":""YES"",""privilege"":""UPDATE""}"
18_TABLE_GRANT,public.site_page_section_translations.service_role.DELETE,"{""table"":""site_page_section_translations"",""schema"":""public"",""grantee"":""service_role"",""grantor"":""postgres"",""grantable"":""NO"",""privilege"":""DELETE""}"
18_TABLE_GRANT,public.site_page_section_translations.service_role.INSERT,"{""table"":""site_page_section_translations"",""schema"":""public"",""grantee"":""service_role"",""grantor"":""postgres"",""grantable"":""NO"",""privilege"":""INSERT""}"
18_TABLE_GRANT,public.site_page_section_translations.service_role.REFERENCES,"{""table"":""site_page_section_translations"",""schema"":""public"",""grantee"":""service_role"",""grantor"":""postgres"",""grantable"":""NO"",""privilege"":""REFERENCES""}"
18_TABLE_GRANT,public.site_page_section_translations.service_role.SELECT,"{""table"":""site_page_section_translations"",""schema"":""public"",""grantee"":""service_role"",""grantor"":""postgres"",""grantable"":""NO"",""privilege"":""SELECT""}"
18_TABLE_GRANT,public.site_page_section_translations.service_role.TRIGGER,"{""table"":""site_page_section_translations"",""schema"":""public"",""grantee"":""service_role"",""grantor"":""postgres"",""grantable"":""NO"",""privilege"":""TRIGGER""}"
18_TABLE_GRANT,public.site_page_section_translations.service_role.TRUNCATE,"{""table"":""site_page_section_translations"",""schema"":""public"",""grantee"":""service_role"",""grantor"":""postgres"",""grantable"":""NO"",""privilege"":""TRUNCATE""}"
18_TABLE_GRANT,public.site_page_section_translations.service_role.UPDATE,"{""table"":""site_page_section_translations"",""schema"":""public"",""grantee"":""service_role"",""grantor"":""postgres"",""grantable"":""NO"",""privilege"":""UPDATE""}"
18_TABLE_GRANT,public.site_page_sections.anon.SELECT,"{""table"":""site_page_sections"",""schema"":""public"",""grantee"":""anon"",""grantor"":""postgres"",""grantable"":""NO"",""privilege"":""SELECT""}"
18_TABLE_GRANT,public.site_page_sections.authenticated.DELETE,"{""table"":""site_page_sections"",""schema"":""public"",""grantee"":""authenticated"",""grantor"":""postgres"",""grantable"":""NO"",""privilege"":""DELETE""}"
18_TABLE_GRANT,public.site_page_sections.authenticated.INSERT,"{""table"":""site_page_sections"",""schema"":""public"",""grantee"":""authenticated"",""grantor"":""postgres"",""grantable"":""NO"",""privilege"":""INSERT""}"
18_TABLE_GRANT,public.site_page_sections.authenticated.SELECT,"{""table"":""site_page_sections"",""schema"":""public"",""grantee"":""authenticated"",""grantor"":""postgres"",""grantable"":""NO"",""privilege"":""SELECT""}"
18_TABLE_GRANT,public.site_page_sections.authenticated.UPDATE,"{""table"":""site_page_sections"",""schema"":""public"",""grantee"":""authenticated"",""grantor"":""postgres"",""grantable"":""NO"",""privilege"":""UPDATE""}"
18_TABLE_GRANT,public.site_page_sections.postgres.DELETE,"{""table"":""site_page_sections"",""schema"":""public"",""grantee"":""postgres"",""grantor"":""postgres"",""grantable"":""YES"",""privilege"":""DELETE""}"
18_TABLE_GRANT,public.site_page_sections.postgres.INSERT,"{""table"":""site_page_sections"",""schema"":""public"",""grantee"":""postgres"",""grantor"":""postgres"",""grantable"":""YES"",""privilege"":""INSERT""}"
18_TABLE_GRANT,public.site_page_sections.postgres.REFERENCES,"{""table"":""site_page_sections"",""schema"":""public"",""grantee"":""postgres"",""grantor"":""postgres"",""grantable"":""YES"",""privilege"":""REFERENCES""}"
18_TABLE_GRANT,public.site_page_sections.postgres.SELECT,"{""table"":""site_page_sections"",""schema"":""public"",""grantee"":""postgres"",""grantor"":""postgres"",""grantable"":""YES"",""privilege"":""SELECT""}"
18_TABLE_GRANT,public.site_page_sections.postgres.TRIGGER,"{""table"":""site_page_sections"",""schema"":""public"",""grantee"":""postgres"",""grantor"":""postgres"",""grantable"":""YES"",""privilege"":""TRIGGER""}"
18_TABLE_GRANT,public.site_page_sections.postgres.TRUNCATE,"{""table"":""site_page_sections"",""schema"":""public"",""grantee"":""postgres"",""grantor"":""postgres"",""grantable"":""YES"",""privilege"":""TRUNCATE""}"
18_TABLE_GRANT,public.site_page_sections.postgres.UPDATE,"{""table"":""site_page_sections"",""schema"":""public"",""grantee"":""postgres"",""grantor"":""postgres"",""grantable"":""YES"",""privilege"":""UPDATE""}"
18_TABLE_GRANT,public.site_page_sections.service_role.DELETE,"{""table"":""site_page_sections"",""schema"":""public"",""grantee"":""service_role"",""grantor"":""postgres"",""grantable"":""NO"",""privilege"":""DELETE""}"
18_TABLE_GRANT,public.site_page_sections.service_role.INSERT,"{""table"":""site_page_sections"",""schema"":""public"",""grantee"":""service_role"",""grantor"":""postgres"",""grantable"":""NO"",""privilege"":""INSERT""}"
18_TABLE_GRANT,public.site_page_sections.service_role.REFERENCES,"{""table"":""site_page_sections"",""schema"":""public"",""grantee"":""service_role"",""grantor"":""postgres"",""grantable"":""NO"",""privilege"":""REFERENCES""}"
18_TABLE_GRANT,public.site_page_sections.service_role.SELECT,"{""table"":""site_page_sections"",""schema"":""public"",""grantee"":""service_role"",""grantor"":""postgres"",""grantable"":""NO"",""privilege"":""SELECT""}"
18_TABLE_GRANT,public.site_page_sections.service_role.TRIGGER,"{""table"":""site_page_sections"",""schema"":""public"",""grantee"":""service_role"",""grantor"":""postgres"",""grantable"":""NO"",""privilege"":""TRIGGER""}"
18_TABLE_GRANT,public.site_page_sections.service_role.TRUNCATE,"{""table"":""site_page_sections"",""schema"":""public"",""grantee"":""service_role"",""grantor"":""postgres"",""grantable"":""NO"",""privilege"":""TRUNCATE""}"
18_TABLE_GRANT,public.site_page_sections.service_role.UPDATE,"{""table"":""site_page_sections"",""schema"":""public"",""grantee"":""service_role"",""grantor"":""postgres"",""grantable"":""NO"",""privilege"":""UPDATE""}"
18_TABLE_GRANT,public.site_page_translations.anon.SELECT,"{""table"":""site_page_translations"",""schema"":""public"",""grantee"":""anon"",""grantor"":""postgres"",""grantable"":""NO"",""privilege"":""SELECT""}"
18_TABLE_GRANT,public.site_page_translations.authenticated.DELETE,"{""table"":""site_page_translations"",""schema"":""public"",""grantee"":""authenticated"",""grantor"":""postgres"",""grantable"":""NO"",""privilege"":""DELETE""}"
18_TABLE_GRANT,public.site_page_translations.authenticated.INSERT,"{""table"":""site_page_translations"",""schema"":""public"",""grantee"":""authenticated"",""grantor"":""postgres"",""grantable"":""NO"",""privilege"":""INSERT""}"
18_TABLE_GRANT,public.site_page_translations.authenticated.SELECT,"{""table"":""site_page_translations"",""schema"":""public"",""grantee"":""authenticated"",""grantor"":""postgres"",""grantable"":""NO"",""privilege"":""SELECT""}"
18_TABLE_GRANT,public.site_page_translations.authenticated.UPDATE,"{""table"":""site_page_translations"",""schema"":""public"",""grantee"":""authenticated"",""grantor"":""postgres"",""grantable"":""NO"",""privilege"":""UPDATE""}"
18_TABLE_GRANT,public.site_page_translations.postgres.DELETE,"{""table"":""site_page_translations"",""schema"":""public"",""grantee"":""postgres"",""grantor"":""postgres"",""grantable"":""YES"",""privilege"":""DELETE""}"
18_TABLE_GRANT,public.site_page_translations.postgres.INSERT,"{""table"":""site_page_translations"",""schema"":""public"",""grantee"":""postgres"",""grantor"":""postgres"",""grantable"":""YES"",""privilege"":""INSERT""}"
18_TABLE_GRANT,public.site_page_translations.postgres.REFERENCES,"{""table"":""site_page_translations"",""schema"":""public"",""grantee"":""postgres"",""grantor"":""postgres"",""grantable"":""YES"",""privilege"":""REFERENCES""}"
18_TABLE_GRANT,public.site_page_translations.postgres.SELECT,"{""table"":""site_page_translations"",""schema"":""public"",""grantee"":""postgres"",""grantor"":""postgres"",""grantable"":""YES"",""privilege"":""SELECT""}"
18_TABLE_GRANT,public.site_page_translations.postgres.TRIGGER,"{""table"":""site_page_translations"",""schema"":""public"",""grantee"":""postgres"",""grantor"":""postgres"",""grantable"":""YES"",""privilege"":""TRIGGER""}"
18_TABLE_GRANT,public.site_page_translations.postgres.TRUNCATE,"{""table"":""site_page_translations"",""schema"":""public"",""grantee"":""postgres"",""grantor"":""postgres"",""grantable"":""YES"",""privilege"":""TRUNCATE""}"
18_TABLE_GRANT,public.site_page_translations.postgres.UPDATE,"{""table"":""site_page_translations"",""schema"":""public"",""grantee"":""postgres"",""grantor"":""postgres"",""grantable"":""YES"",""privilege"":""UPDATE""}"
18_TABLE_GRANT,public.site_page_translations.service_role.DELETE,"{""table"":""site_page_translations"",""schema"":""public"",""grantee"":""service_role"",""grantor"":""postgres"",""grantable"":""NO"",""privilege"":""DELETE""}"
18_TABLE_GRANT,public.site_page_translations.service_role.INSERT,"{""table"":""site_page_translations"",""schema"":""public"",""grantee"":""service_role"",""grantor"":""postgres"",""grantable"":""NO"",""privilege"":""INSERT""}"
18_TABLE_GRANT,public.site_page_translations.service_role.REFERENCES,"{""table"":""site_page_translations"",""schema"":""public"",""grantee"":""service_role"",""grantor"":""postgres"",""grantable"":""NO"",""privilege"":""REFERENCES""}"
18_TABLE_GRANT,public.site_page_translations.service_role.SELECT,"{""table"":""site_page_translations"",""schema"":""public"",""grantee"":""service_role"",""grantor"":""postgres"",""grantable"":""NO"",""privilege"":""SELECT""}"
18_TABLE_GRANT,public.site_page_translations.service_role.TRIGGER,"{""table"":""site_page_translations"",""schema"":""public"",""grantee"":""service_role"",""grantor"":""postgres"",""grantable"":""NO"",""privilege"":""TRIGGER""}"
18_TABLE_GRANT,public.site_page_translations.service_role.TRUNCATE,"{""table"":""site_page_translations"",""schema"":""public"",""grantee"":""service_role"",""grantor"":""postgres"",""grantable"":""NO"",""privilege"":""TRUNCATE""}"
18_TABLE_GRANT,public.site_page_translations.service_role.UPDATE,"{""table"":""site_page_translations"",""schema"":""public"",""grantee"":""service_role"",""grantor"":""postgres"",""grantable"":""NO"",""privilege"":""UPDATE""}"
18_TABLE_GRANT,public.site_pages.anon.SELECT,"{""table"":""site_pages"",""schema"":""public"",""grantee"":""anon"",""grantor"":""postgres"",""grantable"":""NO"",""privilege"":""SELECT""}"
18_TABLE_GRANT,public.site_pages.authenticated.DELETE,"{""table"":""site_pages"",""schema"":""public"",""grantee"":""authenticated"",""grantor"":""postgres"",""grantable"":""NO"",""privilege"":""DELETE""}"
18_TABLE_GRANT,public.site_pages.authenticated.INSERT,"{""table"":""site_pages"",""schema"":""public"",""grantee"":""authenticated"",""grantor"":""postgres"",""grantable"":""NO"",""privilege"":""INSERT""}"
18_TABLE_GRANT,public.site_pages.authenticated.SELECT,"{""table"":""site_pages"",""schema"":""public"",""grantee"":""authenticated"",""grantor"":""postgres"",""grantable"":""NO"",""privilege"":""SELECT""}"
18_TABLE_GRANT,public.site_pages.authenticated.UPDATE,"{""table"":""site_pages"",""schema"":""public"",""grantee"":""authenticated"",""grantor"":""postgres"",""grantable"":""NO"",""privilege"":""UPDATE""}"
18_TABLE_GRANT,public.site_pages.postgres.DELETE,"{""table"":""site_pages"",""schema"":""public"",""grantee"":""postgres"",""grantor"":""postgres"",""grantable"":""YES"",""privilege"":""DELETE""}"
18_TABLE_GRANT,public.site_pages.postgres.INSERT,"{""table"":""site_pages"",""schema"":""public"",""grantee"":""postgres"",""grantor"":""postgres"",""grantable"":""YES"",""privilege"":""INSERT""}"
18_TABLE_GRANT,public.site_pages.postgres.REFERENCES,"{""table"":""site_pages"",""schema"":""public"",""grantee"":""postgres"",""grantor"":""postgres"",""grantable"":""YES"",""privilege"":""REFERENCES""}"
18_TABLE_GRANT,public.site_pages.postgres.SELECT,"{""table"":""site_pages"",""schema"":""public"",""grantee"":""postgres"",""grantor"":""postgres"",""grantable"":""YES"",""privilege"":""SELECT""}"
18_TABLE_GRANT,public.site_pages.postgres.TRIGGER,"{""table"":""site_pages"",""schema"":""public"",""grantee"":""postgres"",""grantor"":""postgres"",""grantable"":""YES"",""privilege"":""TRIGGER""}"
18_TABLE_GRANT,public.site_pages.postgres.TRUNCATE,"{""table"":""site_pages"",""schema"":""public"",""grantee"":""postgres"",""grantor"":""postgres"",""grantable"":""YES"",""privilege"":""TRUNCATE""}"
18_TABLE_GRANT,public.site_pages.postgres.UPDATE,"{""table"":""site_pages"",""schema"":""public"",""grantee"":""postgres"",""grantor"":""postgres"",""grantable"":""YES"",""privilege"":""UPDATE""}"
18_TABLE_GRANT,public.site_pages.service_role.DELETE,"{""table"":""site_pages"",""schema"":""public"",""grantee"":""service_role"",""grantor"":""postgres"",""grantable"":""NO"",""privilege"":""DELETE""}"
18_TABLE_GRANT,public.site_pages.service_role.INSERT,"{""table"":""site_pages"",""schema"":""public"",""grantee"":""service_role"",""grantor"":""postgres"",""grantable"":""NO"",""privilege"":""INSERT""}"
18_TABLE_GRANT,public.site_pages.service_role.REFERENCES,"{""table"":""site_pages"",""schema"":""public"",""grantee"":""service_role"",""grantor"":""postgres"",""grantable"":""NO"",""privilege"":""REFERENCES""}"
18_TABLE_GRANT,public.site_pages.service_role.SELECT,"{""table"":""site_pages"",""schema"":""public"",""grantee"":""service_role"",""grantor"":""postgres"",""grantable"":""NO"",""privilege"":""SELECT""}"
18_TABLE_GRANT,public.site_pages.service_role.TRIGGER,"{""table"":""site_pages"",""schema"":""public"",""grantee"":""service_role"",""grantor"":""postgres"",""grantable"":""NO"",""privilege"":""TRIGGER""}"
18_TABLE_GRANT,public.site_pages.service_role.TRUNCATE,"{""table"":""site_pages"",""schema"":""public"",""grantee"":""service_role"",""grantor"":""postgres"",""grantable"":""NO"",""privilege"":""TRUNCATE""}"
18_TABLE_GRANT,public.site_pages.service_role.UPDATE,"{""table"":""site_pages"",""schema"":""public"",""grantee"":""service_role"",""grantor"":""postgres"",""grantable"":""NO"",""privilege"":""UPDATE""}"
18_TABLE_GRANT,public.site_settings.anon.SELECT,"{""table"":""site_settings"",""schema"":""public"",""grantee"":""anon"",""grantor"":""postgres"",""grantable"":""NO"",""privilege"":""SELECT""}"
18_TABLE_GRANT,public.site_settings.authenticated.DELETE,"{""table"":""site_settings"",""schema"":""public"",""grantee"":""authenticated"",""grantor"":""postgres"",""grantable"":""NO"",""privilege"":""DELETE""}"
18_TABLE_GRANT,public.site_settings.authenticated.INSERT,"{""table"":""site_settings"",""schema"":""public"",""grantee"":""authenticated"",""grantor"":""postgres"",""grantable"":""NO"",""privilege"":""INSERT""}"
18_TABLE_GRANT,public.site_settings.authenticated.SELECT,"{""table"":""site_settings"",""schema"":""public"",""grantee"":""authenticated"",""grantor"":""postgres"",""grantable"":""NO"",""privilege"":""SELECT""}"
18_TABLE_GRANT,public.site_settings.authenticated.UPDATE,"{""table"":""site_settings"",""schema"":""public"",""grantee"":""authenticated"",""grantor"":""postgres"",""grantable"":""NO"",""privilege"":""UPDATE""}"
18_TABLE_GRANT,public.site_settings.postgres.DELETE,"{""table"":""site_settings"",""schema"":""public"",""grantee"":""postgres"",""grantor"":""postgres"",""grantable"":""YES"",""privilege"":""DELETE""}"
18_TABLE_GRANT,public.site_settings.postgres.INSERT,"{""table"":""site_settings"",""schema"":""public"",""grantee"":""postgres"",""grantor"":""postgres"",""grantable"":""YES"",""privilege"":""INSERT""}"
18_TABLE_GRANT,public.site_settings.postgres.REFERENCES,"{""table"":""site_settings"",""schema"":""public"",""grantee"":""postgres"",""grantor"":""postgres"",""grantable"":""YES"",""privilege"":""REFERENCES""}"
18_TABLE_GRANT,public.site_settings.postgres.SELECT,"{""table"":""site_settings"",""schema"":""public"",""grantee"":""postgres"",""grantor"":""postgres"",""grantable"":""YES"",""privilege"":""SELECT""}"
18_TABLE_GRANT,public.site_settings.postgres.TRIGGER,"{""table"":""site_settings"",""schema"":""public"",""grantee"":""postgres"",""grantor"":""postgres"",""grantable"":""YES"",""privilege"":""TRIGGER""}"
18_TABLE_GRANT,public.site_settings.postgres.TRUNCATE,"{""table"":""site_settings"",""schema"":""public"",""grantee"":""postgres"",""grantor"":""postgres"",""grantable"":""YES"",""privilege"":""TRUNCATE""}"
18_TABLE_GRANT,public.site_settings.postgres.UPDATE,"{""table"":""site_settings"",""schema"":""public"",""grantee"":""postgres"",""grantor"":""postgres"",""grantable"":""YES"",""privilege"":""UPDATE""}"
18_TABLE_GRANT,public.site_settings.service_role.DELETE,"{""table"":""site_settings"",""schema"":""public"",""grantee"":""service_role"",""grantor"":""postgres"",""grantable"":""NO"",""privilege"":""DELETE""}"
18_TABLE_GRANT,public.site_settings.service_role.INSERT,"{""table"":""site_settings"",""schema"":""public"",""grantee"":""service_role"",""grantor"":""postgres"",""grantable"":""NO"",""privilege"":""INSERT""}"
18_TABLE_GRANT,public.site_settings.service_role.REFERENCES,"{""table"":""site_settings"",""schema"":""public"",""grantee"":""service_role"",""grantor"":""postgres"",""grantable"":""NO"",""privilege"":""REFERENCES""}"
18_TABLE_GRANT,public.site_settings.service_role.SELECT,"{""table"":""site_settings"",""schema"":""public"",""grantee"":""service_role"",""grantor"":""postgres"",""grantable"":""NO"",""privilege"":""SELECT""}"
18_TABLE_GRANT,public.site_settings.service_role.TRIGGER,"{""table"":""site_settings"",""schema"":""public"",""grantee"":""service_role"",""grantor"":""postgres"",""grantable"":""NO"",""privilege"":""TRIGGER""}"
18_TABLE_GRANT,public.site_settings.service_role.TRUNCATE,"{""table"":""site_settings"",""schema"":""public"",""grantee"":""service_role"",""grantor"":""postgres"",""grantable"":""NO"",""privilege"":""TRUNCATE""}"
18_TABLE_GRANT,public.site_settings.service_role.UPDATE,"{""table"":""site_settings"",""schema"":""public"",""grantee"":""service_role"",""grantor"":""postgres"",""grantable"":""NO"",""privilege"":""UPDATE""}"
18_TABLE_GRANT,public.site_settings_translations.anon.SELECT,"{""table"":""site_settings_translations"",""schema"":""public"",""grantee"":""anon"",""grantor"":""postgres"",""grantable"":""NO"",""privilege"":""SELECT""}"
18_TABLE_GRANT,public.site_settings_translations.authenticated.DELETE,"{""table"":""site_settings_translations"",""schema"":""public"",""grantee"":""authenticated"",""grantor"":""postgres"",""grantable"":""NO"",""privilege"":""DELETE""}"
18_TABLE_GRANT,public.site_settings_translations.authenticated.INSERT,"{""table"":""site_settings_translations"",""schema"":""public"",""grantee"":""authenticated"",""grantor"":""postgres"",""grantable"":""NO"",""privilege"":""INSERT""}"
18_TABLE_GRANT,public.site_settings_translations.authenticated.SELECT,"{""table"":""site_settings_translations"",""schema"":""public"",""grantee"":""authenticated"",""grantor"":""postgres"",""grantable"":""NO"",""privilege"":""SELECT""}"
18_TABLE_GRANT,public.site_settings_translations.authenticated.UPDATE,"{""table"":""site_settings_translations"",""schema"":""public"",""grantee"":""authenticated"",""grantor"":""postgres"",""grantable"":""NO"",""privilege"":""UPDATE""}"
18_TABLE_GRANT,public.site_settings_translations.postgres.DELETE,"{""table"":""site_settings_translations"",""schema"":""public"",""grantee"":""postgres"",""grantor"":""postgres"",""grantable"":""YES"",""privilege"":""DELETE""}"
18_TABLE_GRANT,public.site_settings_translations.postgres.INSERT,"{""table"":""site_settings_translations"",""schema"":""public"",""grantee"":""postgres"",""grantor"":""postgres"",""grantable"":""YES"",""privilege"":""INSERT""}"
18_TABLE_GRANT,public.site_settings_translations.postgres.REFERENCES,"{""table"":""site_settings_translations"",""schema"":""public"",""grantee"":""postgres"",""grantor"":""postgres"",""grantable"":""YES"",""privilege"":""REFERENCES""}"
18_TABLE_GRANT,public.site_settings_translations.postgres.SELECT,"{""table"":""site_settings_translations"",""schema"":""public"",""grantee"":""postgres"",""grantor"":""postgres"",""grantable"":""YES"",""privilege"":""SELECT""}"
18_TABLE_GRANT,public.site_settings_translations.postgres.TRIGGER,"{""table"":""site_settings_translations"",""schema"":""public"",""grantee"":""postgres"",""grantor"":""postgres"",""grantable"":""YES"",""privilege"":""TRIGGER""}"
18_TABLE_GRANT,public.site_settings_translations.postgres.TRUNCATE,"{""table"":""site_settings_translations"",""schema"":""public"",""grantee"":""postgres"",""grantor"":""postgres"",""grantable"":""YES"",""privilege"":""TRUNCATE""}"
18_TABLE_GRANT,public.site_settings_translations.postgres.UPDATE,"{""table"":""site_settings_translations"",""schema"":""public"",""grantee"":""postgres"",""grantor"":""postgres"",""grantable"":""YES"",""privilege"":""UPDATE""}"
18_TABLE_GRANT,public.site_settings_translations.service_role.DELETE,"{""table"":""site_settings_translations"",""schema"":""public"",""grantee"":""service_role"",""grantor"":""postgres"",""grantable"":""NO"",""privilege"":""DELETE""}"
18_TABLE_GRANT,public.site_settings_translations.service_role.INSERT,"{""table"":""site_settings_translations"",""schema"":""public"",""grantee"":""service_role"",""grantor"":""postgres"",""grantable"":""NO"",""privilege"":""INSERT""}"
18_TABLE_GRANT,public.site_settings_translations.service_role.REFERENCES,"{""table"":""site_settings_translations"",""schema"":""public"",""grantee"":""service_role"",""grantor"":""postgres"",""grantable"":""NO"",""privilege"":""REFERENCES""}"
18_TABLE_GRANT,public.site_settings_translations.service_role.SELECT,"{""table"":""site_settings_translations"",""schema"":""public"",""grantee"":""service_role"",""grantor"":""postgres"",""grantable"":""NO"",""privilege"":""SELECT""}"
18_TABLE_GRANT,public.site_settings_translations.service_role.TRIGGER,"{""table"":""site_settings_translations"",""schema"":""public"",""grantee"":""service_role"",""grantor"":""postgres"",""grantable"":""NO"",""privilege"":""TRIGGER""}"
18_TABLE_GRANT,public.site_settings_translations.service_role.TRUNCATE,"{""table"":""site_settings_translations"",""schema"":""public"",""grantee"":""service_role"",""grantor"":""postgres"",""grantable"":""NO"",""privilege"":""TRUNCATE""}"
18_TABLE_GRANT,public.site_settings_translations.service_role.UPDATE,"{""table"":""site_settings_translations"",""schema"":""public"",""grantee"":""service_role"",""grantor"":""postgres"",""grantable"":""NO"",""privilege"":""UPDATE""}"
18_TABLE_GRANT,public.tag_translations.anon.DELETE,"{""table"":""tag_translations"",""schema"":""public"",""grantee"":""anon"",""grantor"":""postgres"",""grantable"":""NO"",""privilege"":""DELETE""}"
18_TABLE_GRANT,public.tag_translations.anon.INSERT,"{""table"":""tag_translations"",""schema"":""public"",""grantee"":""anon"",""grantor"":""postgres"",""grantable"":""NO"",""privilege"":""INSERT""}"
18_TABLE_GRANT,public.tag_translations.anon.SELECT,"{""table"":""tag_translations"",""schema"":""public"",""grantee"":""anon"",""grantor"":""postgres"",""grantable"":""NO"",""privilege"":""SELECT""}"
18_TABLE_GRANT,public.tag_translations.anon.UPDATE,"{""table"":""tag_translations"",""schema"":""public"",""grantee"":""anon"",""grantor"":""postgres"",""grantable"":""NO"",""privilege"":""UPDATE""}"
18_TABLE_GRANT,public.tag_translations.authenticated.DELETE,"{""table"":""tag_translations"",""schema"":""public"",""grantee"":""authenticated"",""grantor"":""postgres"",""grantable"":""NO"",""privilege"":""DELETE""}"
18_TABLE_GRANT,public.tag_translations.authenticated.INSERT,"{""table"":""tag_translations"",""schema"":""public"",""grantee"":""authenticated"",""grantor"":""postgres"",""grantable"":""NO"",""privilege"":""INSERT""}"
18_TABLE_GRANT,public.tag_translations.authenticated.SELECT,"{""table"":""tag_translations"",""schema"":""public"",""grantee"":""authenticated"",""grantor"":""postgres"",""grantable"":""NO"",""privilege"":""SELECT""}"
18_TABLE_GRANT,public.tag_translations.authenticated.UPDATE,"{""table"":""tag_translations"",""schema"":""public"",""grantee"":""authenticated"",""grantor"":""postgres"",""grantable"":""NO"",""privilege"":""UPDATE""}"
18_TABLE_GRANT,public.tag_translations.postgres.DELETE,"{""table"":""tag_translations"",""schema"":""public"",""grantee"":""postgres"",""grantor"":""postgres"",""grantable"":""YES"",""privilege"":""DELETE""}"
18_TABLE_GRANT,public.tag_translations.postgres.INSERT,"{""table"":""tag_translations"",""schema"":""public"",""grantee"":""postgres"",""grantor"":""postgres"",""grantable"":""YES"",""privilege"":""INSERT""}"
18_TABLE_GRANT,public.tag_translations.postgres.REFERENCES,"{""table"":""tag_translations"",""schema"":""public"",""grantee"":""postgres"",""grantor"":""postgres"",""grantable"":""YES"",""privilege"":""REFERENCES""}"
18_TABLE_GRANT,public.tag_translations.postgres.SELECT,"{""table"":""tag_translations"",""schema"":""public"",""grantee"":""postgres"",""grantor"":""postgres"",""grantable"":""YES"",""privilege"":""SELECT""}"
18_TABLE_GRANT,public.tag_translations.postgres.TRIGGER,"{""table"":""tag_translations"",""schema"":""public"",""grantee"":""postgres"",""grantor"":""postgres"",""grantable"":""YES"",""privilege"":""TRIGGER""}"
18_TABLE_GRANT,public.tag_translations.postgres.TRUNCATE,"{""table"":""tag_translations"",""schema"":""public"",""grantee"":""postgres"",""grantor"":""postgres"",""grantable"":""YES"",""privilege"":""TRUNCATE""}"
18_TABLE_GRANT,public.tag_translations.postgres.UPDATE,"{""table"":""tag_translations"",""schema"":""public"",""grantee"":""postgres"",""grantor"":""postgres"",""grantable"":""YES"",""privilege"":""UPDATE""}"
18_TABLE_GRANT,public.tag_translations.service_role.DELETE,"{""table"":""tag_translations"",""schema"":""public"",""grantee"":""service_role"",""grantor"":""postgres"",""grantable"":""NO"",""privilege"":""DELETE""}"
18_TABLE_GRANT,public.tag_translations.service_role.INSERT,"{""table"":""tag_translations"",""schema"":""public"",""grantee"":""service_role"",""grantor"":""postgres"",""grantable"":""NO"",""privilege"":""INSERT""}"
18_TABLE_GRANT,public.tag_translations.service_role.REFERENCES,"{""table"":""tag_translations"",""schema"":""public"",""grantee"":""service_role"",""grantor"":""postgres"",""grantable"":""NO"",""privilege"":""REFERENCES""}"
18_TABLE_GRANT,public.tag_translations.service_role.SELECT,"{""table"":""tag_translations"",""schema"":""public"",""grantee"":""service_role"",""grantor"":""postgres"",""grantable"":""NO"",""privilege"":""SELECT""}"
18_TABLE_GRANT,public.tag_translations.service_role.TRIGGER,"{""table"":""tag_translations"",""schema"":""public"",""grantee"":""service_role"",""grantor"":""postgres"",""grantable"":""NO"",""privilege"":""TRIGGER""}"
18_TABLE_GRANT,public.tag_translations.service_role.TRUNCATE,"{""table"":""tag_translations"",""schema"":""public"",""grantee"":""service_role"",""grantor"":""postgres"",""grantable"":""NO"",""privilege"":""TRUNCATE""}"
18_TABLE_GRANT,public.tag_translations.service_role.UPDATE,"{""table"":""tag_translations"",""schema"":""public"",""grantee"":""service_role"",""grantor"":""postgres"",""grantable"":""NO"",""privilege"":""UPDATE""}"
18_TABLE_GRANT,public.tags.anon.DELETE,"{""table"":""tags"",""schema"":""public"",""grantee"":""anon"",""grantor"":""postgres"",""grantable"":""NO"",""privilege"":""DELETE""}"
18_TABLE_GRANT,public.tags.anon.INSERT,"{""table"":""tags"",""schema"":""public"",""grantee"":""anon"",""grantor"":""postgres"",""grantable"":""NO"",""privilege"":""INSERT""}"
18_TABLE_GRANT,public.tags.anon.SELECT,"{""table"":""tags"",""schema"":""public"",""grantee"":""anon"",""grantor"":""postgres"",""grantable"":""NO"",""privilege"":""SELECT""}"
18_TABLE_GRANT,public.tags.anon.UPDATE,"{""table"":""tags"",""schema"":""public"",""grantee"":""anon"",""grantor"":""postgres"",""grantable"":""NO"",""privilege"":""UPDATE""}"
18_TABLE_GRANT,public.tags.authenticated.DELETE,"{""table"":""tags"",""schema"":""public"",""grantee"":""authenticated"",""grantor"":""postgres"",""grantable"":""NO"",""privilege"":""DELETE""}"
18_TABLE_GRANT,public.tags.authenticated.INSERT,"{""table"":""tags"",""schema"":""public"",""grantee"":""authenticated"",""grantor"":""postgres"",""grantable"":""NO"",""privilege"":""INSERT""}"
18_TABLE_GRANT,public.tags.authenticated.SELECT,"{""table"":""tags"",""schema"":""public"",""grantee"":""authenticated"",""grantor"":""postgres"",""grantable"":""NO"",""privilege"":""SELECT""}"
18_TABLE_GRANT,public.tags.authenticated.UPDATE,"{""table"":""tags"",""schema"":""public"",""grantee"":""authenticated"",""grantor"":""postgres"",""grantable"":""NO"",""privilege"":""UPDATE""}"
18_TABLE_GRANT,public.tags.postgres.DELETE,"{""table"":""tags"",""schema"":""public"",""grantee"":""postgres"",""grantor"":""postgres"",""grantable"":""YES"",""privilege"":""DELETE""}"
18_TABLE_GRANT,public.tags.postgres.INSERT,"{""table"":""tags"",""schema"":""public"",""grantee"":""postgres"",""grantor"":""postgres"",""grantable"":""YES"",""privilege"":""INSERT""}"
18_TABLE_GRANT,public.tags.postgres.REFERENCES,"{""table"":""tags"",""schema"":""public"",""grantee"":""postgres"",""grantor"":""postgres"",""grantable"":""YES"",""privilege"":""REFERENCES""}"
18_TABLE_GRANT,public.tags.postgres.SELECT,"{""table"":""tags"",""schema"":""public"",""grantee"":""postgres"",""grantor"":""postgres"",""grantable"":""YES"",""privilege"":""SELECT""}"
18_TABLE_GRANT,public.tags.postgres.TRIGGER,"{""table"":""tags"",""schema"":""public"",""grantee"":""postgres"",""grantor"":""postgres"",""grantable"":""YES"",""privilege"":""TRIGGER""}"
18_TABLE_GRANT,public.tags.postgres.TRUNCATE,"{""table"":""tags"",""schema"":""public"",""grantee"":""postgres"",""grantor"":""postgres"",""grantable"":""YES"",""privilege"":""TRUNCATE""}"
18_TABLE_GRANT,public.tags.postgres.UPDATE,"{""table"":""tags"",""schema"":""public"",""grantee"":""postgres"",""grantor"":""postgres"",""grantable"":""YES"",""privilege"":""UPDATE""}"
18_TABLE_GRANT,public.tags.service_role.DELETE,"{""table"":""tags"",""schema"":""public"",""grantee"":""service_role"",""grantor"":""postgres"",""grantable"":""NO"",""privilege"":""DELETE""}"
18_TABLE_GRANT,public.tags.service_role.INSERT,"{""table"":""tags"",""schema"":""public"",""grantee"":""service_role"",""grantor"":""postgres"",""grantable"":""NO"",""privilege"":""INSERT""}"
18_TABLE_GRANT,public.tags.service_role.REFERENCES,"{""table"":""tags"",""schema"":""public"",""grantee"":""service_role"",""grantor"":""postgres"",""grantable"":""NO"",""privilege"":""REFERENCES""}"
18_TABLE_GRANT,public.tags.service_role.SELECT,"{""table"":""tags"",""schema"":""public"",""grantee"":""service_role"",""grantor"":""postgres"",""grantable"":""NO"",""privilege"":""SELECT""}"
18_TABLE_GRANT,public.tags.service_role.TRIGGER,"{""table"":""tags"",""schema"":""public"",""grantee"":""service_role"",""grantor"":""postgres"",""grantable"":""NO"",""privilege"":""TRIGGER""}"
18_TABLE_GRANT,public.tags.service_role.TRUNCATE,"{""table"":""tags"",""schema"":""public"",""grantee"":""service_role"",""grantor"":""postgres"",""grantable"":""NO"",""privilege"":""TRUNCATE""}"
18_TABLE_GRANT,public.tags.service_role.UPDATE,"{""table"":""tags"",""schema"":""public"",""grantee"":""service_role"",""grantor"":""postgres"",""grantable"":""NO"",""privilege"":""UPDATE""}"
18_TABLE_GRANT,public.varieties.anon.DELETE,"{""table"":""varieties"",""schema"":""public"",""grantee"":""anon"",""grantor"":""postgres"",""grantable"":""NO"",""privilege"":""DELETE""}"
18_TABLE_GRANT,public.varieties.anon.INSERT,"{""table"":""varieties"",""schema"":""public"",""grantee"":""anon"",""grantor"":""postgres"",""grantable"":""NO"",""privilege"":""INSERT""}"
18_TABLE_GRANT,public.varieties.anon.SELECT,"{""table"":""varieties"",""schema"":""public"",""grantee"":""anon"",""grantor"":""postgres"",""grantable"":""NO"",""privilege"":""SELECT""}"
18_TABLE_GRANT,public.varieties.anon.UPDATE,"{""table"":""varieties"",""schema"":""public"",""grantee"":""anon"",""grantor"":""postgres"",""grantable"":""NO"",""privilege"":""UPDATE""}"
18_TABLE_GRANT,public.varieties.authenticated.DELETE,"{""table"":""varieties"",""schema"":""public"",""grantee"":""authenticated"",""grantor"":""postgres"",""grantable"":""NO"",""privilege"":""DELETE""}"
18_TABLE_GRANT,public.varieties.authenticated.INSERT,"{""table"":""varieties"",""schema"":""public"",""grantee"":""authenticated"",""grantor"":""postgres"",""grantable"":""NO"",""privilege"":""INSERT""}"
18_TABLE_GRANT,public.varieties.authenticated.SELECT,"{""table"":""varieties"",""schema"":""public"",""grantee"":""authenticated"",""grantor"":""postgres"",""grantable"":""NO"",""privilege"":""SELECT""}"
18_TABLE_GRANT,public.varieties.authenticated.UPDATE,"{""table"":""varieties"",""schema"":""public"",""grantee"":""authenticated"",""grantor"":""postgres"",""grantable"":""NO"",""privilege"":""UPDATE""}"
18_TABLE_GRANT,public.varieties.postgres.DELETE,"{""table"":""varieties"",""schema"":""public"",""grantee"":""postgres"",""grantor"":""postgres"",""grantable"":""YES"",""privilege"":""DELETE""}"
18_TABLE_GRANT,public.varieties.postgres.INSERT,"{""table"":""varieties"",""schema"":""public"",""grantee"":""postgres"",""grantor"":""postgres"",""grantable"":""YES"",""privilege"":""INSERT""}"
18_TABLE_GRANT,public.varieties.postgres.REFERENCES,"{""table"":""varieties"",""schema"":""public"",""grantee"":""postgres"",""grantor"":""postgres"",""grantable"":""YES"",""privilege"":""REFERENCES""}"
18_TABLE_GRANT,public.varieties.postgres.SELECT,"{""table"":""varieties"",""schema"":""public"",""grantee"":""postgres"",""grantor"":""postgres"",""grantable"":""YES"",""privilege"":""SELECT""}"
18_TABLE_GRANT,public.varieties.postgres.TRIGGER,"{""table"":""varieties"",""schema"":""public"",""grantee"":""postgres"",""grantor"":""postgres"",""grantable"":""YES"",""privilege"":""TRIGGER""}"
18_TABLE_GRANT,public.varieties.postgres.TRUNCATE,"{""table"":""varieties"",""schema"":""public"",""grantee"":""postgres"",""grantor"":""postgres"",""grantable"":""YES"",""privilege"":""TRUNCATE""}"
18_TABLE_GRANT,public.varieties.postgres.UPDATE,"{""table"":""varieties"",""schema"":""public"",""grantee"":""postgres"",""grantor"":""postgres"",""grantable"":""YES"",""privilege"":""UPDATE""}"
18_TABLE_GRANT,public.varieties.service_role.DELETE,"{""table"":""varieties"",""schema"":""public"",""grantee"":""service_role"",""grantor"":""postgres"",""grantable"":""NO"",""privilege"":""DELETE""}"
18_TABLE_GRANT,public.varieties.service_role.INSERT,"{""table"":""varieties"",""schema"":""public"",""grantee"":""service_role"",""grantor"":""postgres"",""grantable"":""NO"",""privilege"":""INSERT""}"
18_TABLE_GRANT,public.varieties.service_role.REFERENCES,"{""table"":""varieties"",""schema"":""public"",""grantee"":""service_role"",""grantor"":""postgres"",""grantable"":""NO"",""privilege"":""REFERENCES""}"
18_TABLE_GRANT,public.varieties.service_role.SELECT,"{""table"":""varieties"",""schema"":""public"",""grantee"":""service_role"",""grantor"":""postgres"",""grantable"":""NO"",""privilege"":""SELECT""}"
18_TABLE_GRANT,public.varieties.service_role.TRIGGER,"{""table"":""varieties"",""schema"":""public"",""grantee"":""service_role"",""grantor"":""postgres"",""grantable"":""NO"",""privilege"":""TRIGGER""}"
18_TABLE_GRANT,public.varieties.service_role.TRUNCATE,"{""table"":""varieties"",""schema"":""public"",""grantee"":""service_role"",""grantor"":""postgres"",""grantable"":""NO"",""privilege"":""TRUNCATE""}"
18_TABLE_GRANT,public.varieties.service_role.UPDATE,"{""table"":""varieties"",""schema"":""public"",""grantee"":""service_role"",""grantor"":""postgres"",""grantable"":""NO"",""privilege"":""UPDATE""}"
18_TABLE_GRANT,public.warehouse_translations.anon.SELECT,"{""table"":""warehouse_translations"",""schema"":""public"",""grantee"":""anon"",""grantor"":""postgres"",""grantable"":""NO"",""privilege"":""SELECT""}"
18_TABLE_GRANT,public.warehouse_translations.authenticated.DELETE,"{""table"":""warehouse_translations"",""schema"":""public"",""grantee"":""authenticated"",""grantor"":""postgres"",""grantable"":""NO"",""privilege"":""DELETE""}"
18_TABLE_GRANT,public.warehouse_translations.authenticated.INSERT,"{""table"":""warehouse_translations"",""schema"":""public"",""grantee"":""authenticated"",""grantor"":""postgres"",""grantable"":""NO"",""privilege"":""INSERT""}"
18_TABLE_GRANT,public.warehouse_translations.authenticated.SELECT,"{""table"":""warehouse_translations"",""schema"":""public"",""grantee"":""authenticated"",""grantor"":""postgres"",""grantable"":""NO"",""privilege"":""SELECT""}"
18_TABLE_GRANT,public.warehouse_translations.authenticated.UPDATE,"{""table"":""warehouse_translations"",""schema"":""public"",""grantee"":""authenticated"",""grantor"":""postgres"",""grantable"":""NO"",""privilege"":""UPDATE""}"
18_TABLE_GRANT,public.warehouse_translations.postgres.DELETE,"{""table"":""warehouse_translations"",""schema"":""public"",""grantee"":""postgres"",""grantor"":""postgres"",""grantable"":""YES"",""privilege"":""DELETE""}"
18_TABLE_GRANT,public.warehouse_translations.postgres.INSERT,"{""table"":""warehouse_translations"",""schema"":""public"",""grantee"":""postgres"",""grantor"":""postgres"",""grantable"":""YES"",""privilege"":""INSERT""}"
18_TABLE_GRANT,public.warehouse_translations.postgres.REFERENCES,"{""table"":""warehouse_translations"",""schema"":""public"",""grantee"":""postgres"",""grantor"":""postgres"",""grantable"":""YES"",""privilege"":""REFERENCES""}"
18_TABLE_GRANT,public.warehouse_translations.postgres.SELECT,"{""table"":""warehouse_translations"",""schema"":""public"",""grantee"":""postgres"",""grantor"":""postgres"",""grantable"":""YES"",""privilege"":""SELECT""}"
18_TABLE_GRANT,public.warehouse_translations.postgres.TRIGGER,"{""table"":""warehouse_translations"",""schema"":""public"",""grantee"":""postgres"",""grantor"":""postgres"",""grantable"":""YES"",""privilege"":""TRIGGER""}"
18_TABLE_GRANT,public.warehouse_translations.postgres.TRUNCATE,"{""table"":""warehouse_translations"",""schema"":""public"",""grantee"":""postgres"",""grantor"":""postgres"",""grantable"":""YES"",""privilege"":""TRUNCATE""}"
18_TABLE_GRANT,public.warehouse_translations.postgres.UPDATE,"{""table"":""warehouse_translations"",""schema"":""public"",""grantee"":""postgres"",""grantor"":""postgres"",""grantable"":""YES"",""privilege"":""UPDATE""}"
18_TABLE_GRANT,public.warehouse_translations.service_role.DELETE,"{""table"":""warehouse_translations"",""schema"":""public"",""grantee"":""service_role"",""grantor"":""postgres"",""grantable"":""NO"",""privilege"":""DELETE""}"
18_TABLE_GRANT,public.warehouse_translations.service_role.INSERT,"{""table"":""warehouse_translations"",""schema"":""public"",""grantee"":""service_role"",""grantor"":""postgres"",""grantable"":""NO"",""privilege"":""INSERT""}"
18_TABLE_GRANT,public.warehouse_translations.service_role.REFERENCES,"{""table"":""warehouse_translations"",""schema"":""public"",""grantee"":""service_role"",""grantor"":""postgres"",""grantable"":""NO"",""privilege"":""REFERENCES""}"
18_TABLE_GRANT,public.warehouse_translations.service_role.SELECT,"{""table"":""warehouse_translations"",""schema"":""public"",""grantee"":""service_role"",""grantor"":""postgres"",""grantable"":""NO"",""privilege"":""SELECT""}"
18_TABLE_GRANT,public.warehouse_translations.service_role.TRIGGER,"{""table"":""warehouse_translations"",""schema"":""public"",""grantee"":""service_role"",""grantor"":""postgres"",""grantable"":""NO"",""privilege"":""TRIGGER""}"
18_TABLE_GRANT,public.warehouse_translations.service_role.TRUNCATE,"{""table"":""warehouse_translations"",""schema"":""public"",""grantee"":""service_role"",""grantor"":""postgres"",""grantable"":""NO"",""privilege"":""TRUNCATE""}"
18_TABLE_GRANT,public.warehouse_translations.service_role.UPDATE,"{""table"":""warehouse_translations"",""schema"":""public"",""grantee"":""service_role"",""grantor"":""postgres"",""grantable"":""NO"",""privilege"":""UPDATE""}"
18_TABLE_GRANT,public.warehouses.anon.DELETE,"{""table"":""warehouses"",""schema"":""public"",""grantee"":""anon"",""grantor"":""postgres"",""grantable"":""NO"",""privilege"":""DELETE""}"
18_TABLE_GRANT,public.warehouses.anon.INSERT,"{""table"":""warehouses"",""schema"":""public"",""grantee"":""anon"",""grantor"":""postgres"",""grantable"":""NO"",""privilege"":""INSERT""}"
18_TABLE_GRANT,public.warehouses.anon.SELECT,"{""table"":""warehouses"",""schema"":""public"",""grantee"":""anon"",""grantor"":""postgres"",""grantable"":""NO"",""privilege"":""SELECT""}"
18_TABLE_GRANT,public.warehouses.anon.UPDATE,"{""table"":""warehouses"",""schema"":""public"",""grantee"":""anon"",""grantor"":""postgres"",""grantable"":""NO"",""privilege"":""UPDATE""}"
18_TABLE_GRANT,public.warehouses.authenticated.DELETE,"{""table"":""warehouses"",""schema"":""public"",""grantee"":""authenticated"",""grantor"":""postgres"",""grantable"":""NO"",""privilege"":""DELETE""}"
18_TABLE_GRANT,public.warehouses.authenticated.INSERT,"{""table"":""warehouses"",""schema"":""public"",""grantee"":""authenticated"",""grantor"":""postgres"",""grantable"":""NO"",""privilege"":""INSERT""}"
18_TABLE_GRANT,public.warehouses.authenticated.SELECT,"{""table"":""warehouses"",""schema"":""public"",""grantee"":""authenticated"",""grantor"":""postgres"",""grantable"":""NO"",""privilege"":""SELECT""}"
18_TABLE_GRANT,public.warehouses.authenticated.UPDATE,"{""table"":""warehouses"",""schema"":""public"",""grantee"":""authenticated"",""grantor"":""postgres"",""grantable"":""NO"",""privilege"":""UPDATE""}"
18_TABLE_GRANT,public.warehouses.postgres.DELETE,"{""table"":""warehouses"",""schema"":""public"",""grantee"":""postgres"",""grantor"":""postgres"",""grantable"":""YES"",""privilege"":""DELETE""}"
18_TABLE_GRANT,public.warehouses.postgres.INSERT,"{""table"":""warehouses"",""schema"":""public"",""grantee"":""postgres"",""grantor"":""postgres"",""grantable"":""YES"",""privilege"":""INSERT""}"
18_TABLE_GRANT,public.warehouses.postgres.REFERENCES,"{""table"":""warehouses"",""schema"":""public"",""grantee"":""postgres"",""grantor"":""postgres"",""grantable"":""YES"",""privilege"":""REFERENCES""}"
18_TABLE_GRANT,public.warehouses.postgres.SELECT,"{""table"":""warehouses"",""schema"":""public"",""grantee"":""postgres"",""grantor"":""postgres"",""grantable"":""YES"",""privilege"":""SELECT""}"
18_TABLE_GRANT,public.warehouses.postgres.TRIGGER,"{""table"":""warehouses"",""schema"":""public"",""grantee"":""postgres"",""grantor"":""postgres"",""grantable"":""YES"",""privilege"":""TRIGGER""}"
18_TABLE_GRANT,public.warehouses.postgres.TRUNCATE,"{""table"":""warehouses"",""schema"":""public"",""grantee"":""postgres"",""grantor"":""postgres"",""grantable"":""YES"",""privilege"":""TRUNCATE""}"
18_TABLE_GRANT,public.warehouses.postgres.UPDATE,"{""table"":""warehouses"",""schema"":""public"",""grantee"":""postgres"",""grantor"":""postgres"",""grantable"":""YES"",""privilege"":""UPDATE""}"
18_TABLE_GRANT,public.warehouses.service_role.DELETE,"{""table"":""warehouses"",""schema"":""public"",""grantee"":""service_role"",""grantor"":""postgres"",""grantable"":""NO"",""privilege"":""DELETE""}"
18_TABLE_GRANT,public.warehouses.service_role.INSERT,"{""table"":""warehouses"",""schema"":""public"",""grantee"":""service_role"",""grantor"":""postgres"",""grantable"":""NO"",""privilege"":""INSERT""}"
18_TABLE_GRANT,public.warehouses.service_role.REFERENCES,"{""table"":""warehouses"",""schema"":""public"",""grantee"":""service_role"",""grantor"":""postgres"",""grantable"":""NO"",""privilege"":""REFERENCES""}"
18_TABLE_GRANT,public.warehouses.service_role.SELECT,"{""table"":""warehouses"",""schema"":""public"",""grantee"":""service_role"",""grantor"":""postgres"",""grantable"":""NO"",""privilege"":""SELECT""}"
18_TABLE_GRANT,public.warehouses.service_role.TRIGGER,"{""table"":""warehouses"",""schema"":""public"",""grantee"":""service_role"",""grantor"":""postgres"",""grantable"":""NO"",""privilege"":""TRIGGER""}"
18_TABLE_GRANT,public.warehouses.service_role.TRUNCATE,"{""table"":""warehouses"",""schema"":""public"",""grantee"":""service_role"",""grantor"":""postgres"",""grantable"":""NO"",""privilege"":""TRUNCATE""}"
18_TABLE_GRANT,public.warehouses.service_role.UPDATE,"{""table"":""warehouses"",""schema"":""public"",""grantee"":""service_role"",""grantor"":""postgres"",""grantable"":""NO"",""privilege"":""UPDATE""}"
18_TABLE_GRANT,storage.buckets.anon.DELETE,"{""table"":""buckets"",""schema"":""storage"",""grantee"":""anon"",""grantor"":""supabase_storage_admin"",""grantable"":""NO"",""privilege"":""DELETE""}"
18_TABLE_GRANT,storage.buckets.anon.INSERT,"{""table"":""buckets"",""schema"":""storage"",""grantee"":""anon"",""grantor"":""supabase_storage_admin"",""grantable"":""NO"",""privilege"":""INSERT""}"
18_TABLE_GRANT,storage.buckets.anon.REFERENCES,"{""table"":""buckets"",""schema"":""storage"",""grantee"":""anon"",""grantor"":""supabase_storage_admin"",""grantable"":""NO"",""privilege"":""REFERENCES""}"
18_TABLE_GRANT,storage.buckets.anon.SELECT,"{""table"":""buckets"",""schema"":""storage"",""grantee"":""anon"",""grantor"":""supabase_storage_admin"",""grantable"":""NO"",""privilege"":""SELECT""}"
18_TABLE_GRANT,storage.buckets.anon.TRIGGER,"{""table"":""buckets"",""schema"":""storage"",""grantee"":""anon"",""grantor"":""supabase_storage_admin"",""grantable"":""NO"",""privilege"":""TRIGGER""}"
18_TABLE_GRANT,storage.buckets.anon.TRUNCATE,"{""table"":""buckets"",""schema"":""storage"",""grantee"":""anon"",""grantor"":""supabase_storage_admin"",""grantable"":""NO"",""privilege"":""TRUNCATE""}"
18_TABLE_GRANT,storage.buckets.anon.UPDATE,"{""table"":""buckets"",""schema"":""storage"",""grantee"":""anon"",""grantor"":""supabase_storage_admin"",""grantable"":""NO"",""privilege"":""UPDATE""}"
18_TABLE_GRANT,storage.buckets.authenticated.DELETE,"{""table"":""buckets"",""schema"":""storage"",""grantee"":""authenticated"",""grantor"":""supabase_storage_admin"",""grantable"":""NO"",""privilege"":""DELETE""}"
18_TABLE_GRANT,storage.buckets.authenticated.INSERT,"{""table"":""buckets"",""schema"":""storage"",""grantee"":""authenticated"",""grantor"":""supabase_storage_admin"",""grantable"":""NO"",""privilege"":""INSERT""}"
18_TABLE_GRANT,storage.buckets.authenticated.REFERENCES,"{""table"":""buckets"",""schema"":""storage"",""grantee"":""authenticated"",""grantor"":""supabase_storage_admin"",""grantable"":""NO"",""privilege"":""REFERENCES""}"
18_TABLE_GRANT,storage.buckets.authenticated.SELECT,"{""table"":""buckets"",""schema"":""storage"",""grantee"":""authenticated"",""grantor"":""supabase_storage_admin"",""grantable"":""NO"",""privilege"":""SELECT""}"
18_TABLE_GRANT,storage.buckets.authenticated.TRIGGER,"{""table"":""buckets"",""schema"":""storage"",""grantee"":""authenticated"",""grantor"":""supabase_storage_admin"",""grantable"":""NO"",""privilege"":""TRIGGER""}"
18_TABLE_GRANT,storage.buckets.authenticated.TRUNCATE,"{""table"":""buckets"",""schema"":""storage"",""grantee"":""authenticated"",""grantor"":""supabase_storage_admin"",""grantable"":""NO"",""privilege"":""TRUNCATE""}"
18_TABLE_GRANT,storage.buckets.authenticated.UPDATE,"{""table"":""buckets"",""schema"":""storage"",""grantee"":""authenticated"",""grantor"":""supabase_storage_admin"",""grantable"":""NO"",""privilege"":""UPDATE""}"
18_TABLE_GRANT,storage.buckets.postgres.DELETE,"{""table"":""buckets"",""schema"":""storage"",""grantee"":""postgres"",""grantor"":""supabase_storage_admin"",""grantable"":""YES"",""privilege"":""DELETE""}"
18_TABLE_GRANT,storage.buckets.postgres.INSERT,"{""table"":""buckets"",""schema"":""storage"",""grantee"":""postgres"",""grantor"":""supabase_storage_admin"",""grantable"":""YES"",""privilege"":""INSERT""}"
18_TABLE_GRANT,storage.buckets.postgres.REFERENCES,"{""table"":""buckets"",""schema"":""storage"",""grantee"":""postgres"",""grantor"":""supabase_storage_admin"",""grantable"":""YES"",""privilege"":""REFERENCES""}"
18_TABLE_GRANT,storage.buckets.postgres.SELECT,"{""table"":""buckets"",""schema"":""storage"",""grantee"":""postgres"",""grantor"":""supabase_storage_admin"",""grantable"":""YES"",""privilege"":""SELECT""}"
18_TABLE_GRANT,storage.buckets.postgres.TRIGGER,"{""table"":""buckets"",""schema"":""storage"",""grantee"":""postgres"",""grantor"":""supabase_storage_admin"",""grantable"":""YES"",""privilege"":""TRIGGER""}"
18_TABLE_GRANT,storage.buckets.postgres.TRUNCATE,"{""table"":""buckets"",""schema"":""storage"",""grantee"":""postgres"",""grantor"":""supabase_storage_admin"",""grantable"":""YES"",""privilege"":""TRUNCATE""}"
18_TABLE_GRANT,storage.buckets.postgres.UPDATE,"{""table"":""buckets"",""schema"":""storage"",""grantee"":""postgres"",""grantor"":""supabase_storage_admin"",""grantable"":""YES"",""privilege"":""UPDATE""}"
18_TABLE_GRANT,storage.buckets.service_role.DELETE,"{""table"":""buckets"",""schema"":""storage"",""grantee"":""service_role"",""grantor"":""supabase_storage_admin"",""grantable"":""NO"",""privilege"":""DELETE""}"
18_TABLE_GRANT,storage.buckets.service_role.INSERT,"{""table"":""buckets"",""schema"":""storage"",""grantee"":""service_role"",""grantor"":""supabase_storage_admin"",""grantable"":""NO"",""privilege"":""INSERT""}"
18_TABLE_GRANT,storage.buckets.service_role.REFERENCES,"{""table"":""buckets"",""schema"":""storage"",""grantee"":""service_role"",""grantor"":""supabase_storage_admin"",""grantable"":""NO"",""privilege"":""REFERENCES""}"
18_TABLE_GRANT,storage.buckets.service_role.SELECT,"{""table"":""buckets"",""schema"":""storage"",""grantee"":""service_role"",""grantor"":""supabase_storage_admin"",""grantable"":""NO"",""privilege"":""SELECT""}"
18_TABLE_GRANT,storage.buckets.service_role.TRIGGER,"{""table"":""buckets"",""schema"":""storage"",""grantee"":""service_role"",""grantor"":""supabase_storage_admin"",""grantable"":""NO"",""privilege"":""TRIGGER""}"
18_TABLE_GRANT,storage.buckets.service_role.TRUNCATE,"{""table"":""buckets"",""schema"":""storage"",""grantee"":""service_role"",""grantor"":""supabase_storage_admin"",""grantable"":""NO"",""privilege"":""TRUNCATE""}"
18_TABLE_GRANT,storage.buckets.service_role.UPDATE,"{""table"":""buckets"",""schema"":""storage"",""grantee"":""service_role"",""grantor"":""supabase_storage_admin"",""grantable"":""NO"",""privilege"":""UPDATE""}"
18_TABLE_GRANT,storage.objects.anon.DELETE,"{""table"":""objects"",""schema"":""storage"",""grantee"":""anon"",""grantor"":""supabase_storage_admin"",""grantable"":""NO"",""privilege"":""DELETE""}"
18_TABLE_GRANT,storage.objects.anon.INSERT,"{""table"":""objects"",""schema"":""storage"",""grantee"":""anon"",""grantor"":""supabase_storage_admin"",""grantable"":""NO"",""privilege"":""INSERT""}"
18_TABLE_GRANT,storage.objects.anon.REFERENCES,"{""table"":""objects"",""schema"":""storage"",""grantee"":""anon"",""grantor"":""supabase_storage_admin"",""grantable"":""NO"",""privilege"":""REFERENCES""}"
18_TABLE_GRANT,storage.objects.anon.SELECT,"{""table"":""objects"",""schema"":""storage"",""grantee"":""anon"",""grantor"":""supabase_storage_admin"",""grantable"":""NO"",""privilege"":""SELECT""}"
18_TABLE_GRANT,storage.objects.anon.TRIGGER,"{""table"":""objects"",""schema"":""storage"",""grantee"":""anon"",""grantor"":""supabase_storage_admin"",""grantable"":""NO"",""privilege"":""TRIGGER""}"
18_TABLE_GRANT,storage.objects.anon.TRUNCATE,"{""table"":""objects"",""schema"":""storage"",""grantee"":""anon"",""grantor"":""supabase_storage_admin"",""grantable"":""NO"",""privilege"":""TRUNCATE""}"
18_TABLE_GRANT,storage.objects.anon.UPDATE,"{""table"":""objects"",""schema"":""storage"",""grantee"":""anon"",""grantor"":""supabase_storage_admin"",""grantable"":""NO"",""privilege"":""UPDATE""}"
18_TABLE_GRANT,storage.objects.authenticated.DELETE,"{""table"":""objects"",""schema"":""storage"",""grantee"":""authenticated"",""grantor"":""supabase_storage_admin"",""grantable"":""NO"",""privilege"":""DELETE""}"
18_TABLE_GRANT,storage.objects.authenticated.INSERT,"{""table"":""objects"",""schema"":""storage"",""grantee"":""authenticated"",""grantor"":""supabase_storage_admin"",""grantable"":""NO"",""privilege"":""INSERT""}"
18_TABLE_GRANT,storage.objects.authenticated.REFERENCES,"{""table"":""objects"",""schema"":""storage"",""grantee"":""authenticated"",""grantor"":""supabase_storage_admin"",""grantable"":""NO"",""privilege"":""REFERENCES""}"
18_TABLE_GRANT,storage.objects.authenticated.SELECT,"{""table"":""objects"",""schema"":""storage"",""grantee"":""authenticated"",""grantor"":""supabase_storage_admin"",""grantable"":""NO"",""privilege"":""SELECT""}"
18_TABLE_GRANT,storage.objects.authenticated.TRIGGER,"{""table"":""objects"",""schema"":""storage"",""grantee"":""authenticated"",""grantor"":""supabase_storage_admin"",""grantable"":""NO"",""privilege"":""TRIGGER""}"
18_TABLE_GRANT,storage.objects.authenticated.TRUNCATE,"{""table"":""objects"",""schema"":""storage"",""grantee"":""authenticated"",""grantor"":""supabase_storage_admin"",""grantable"":""NO"",""privilege"":""TRUNCATE""}"
18_TABLE_GRANT,storage.objects.authenticated.UPDATE,"{""table"":""objects"",""schema"":""storage"",""grantee"":""authenticated"",""grantor"":""supabase_storage_admin"",""grantable"":""NO"",""privilege"":""UPDATE""}"
18_TABLE_GRANT,storage.objects.postgres.DELETE,"{""table"":""objects"",""schema"":""storage"",""grantee"":""postgres"",""grantor"":""supabase_storage_admin"",""grantable"":""YES"",""privilege"":""DELETE""}"
18_TABLE_GRANT,storage.objects.postgres.INSERT,"{""table"":""objects"",""schema"":""storage"",""grantee"":""postgres"",""grantor"":""supabase_storage_admin"",""grantable"":""YES"",""privilege"":""INSERT""}"
18_TABLE_GRANT,storage.objects.postgres.REFERENCES,"{""table"":""objects"",""schema"":""storage"",""grantee"":""postgres"",""grantor"":""supabase_storage_admin"",""grantable"":""YES"",""privilege"":""REFERENCES""}"
18_TABLE_GRANT,storage.objects.postgres.SELECT,"{""table"":""objects"",""schema"":""storage"",""grantee"":""postgres"",""grantor"":""supabase_storage_admin"",""grantable"":""YES"",""privilege"":""SELECT""}"
18_TABLE_GRANT,storage.objects.postgres.TRIGGER,"{""table"":""objects"",""schema"":""storage"",""grantee"":""postgres"",""grantor"":""supabase_storage_admin"",""grantable"":""YES"",""privilege"":""TRIGGER""}"
18_TABLE_GRANT,storage.objects.postgres.TRUNCATE,"{""table"":""objects"",""schema"":""storage"",""grantee"":""postgres"",""grantor"":""supabase_storage_admin"",""grantable"":""YES"",""privilege"":""TRUNCATE""}"
18_TABLE_GRANT,storage.objects.postgres.UPDATE,"{""table"":""objects"",""schema"":""storage"",""grantee"":""postgres"",""grantor"":""supabase_storage_admin"",""grantable"":""YES"",""privilege"":""UPDATE""}"
18_TABLE_GRANT,storage.objects.service_role.DELETE,"{""table"":""objects"",""schema"":""storage"",""grantee"":""service_role"",""grantor"":""supabase_storage_admin"",""grantable"":""NO"",""privilege"":""DELETE""}"
18_TABLE_GRANT,storage.objects.service_role.INSERT,"{""table"":""objects"",""schema"":""storage"",""grantee"":""service_role"",""grantor"":""supabase_storage_admin"",""grantable"":""NO"",""privilege"":""INSERT""}"
18_TABLE_GRANT,storage.objects.service_role.REFERENCES,"{""table"":""objects"",""schema"":""storage"",""grantee"":""service_role"",""grantor"":""supabase_storage_admin"",""grantable"":""NO"",""privilege"":""REFERENCES""}"
18_TABLE_GRANT,storage.objects.service_role.SELECT,"{""table"":""objects"",""schema"":""storage"",""grantee"":""service_role"",""grantor"":""supabase_storage_admin"",""grantable"":""NO"",""privilege"":""SELECT""}"
18_TABLE_GRANT,storage.objects.service_role.TRIGGER,"{""table"":""objects"",""schema"":""storage"",""grantee"":""service_role"",""grantor"":""supabase_storage_admin"",""grantable"":""NO"",""privilege"":""TRIGGER""}"
18_TABLE_GRANT,storage.objects.service_role.TRUNCATE,"{""table"":""objects"",""schema"":""storage"",""grantee"":""service_role"",""grantor"":""supabase_storage_admin"",""grantable"":""NO"",""privilege"":""TRUNCATE""}"
18_TABLE_GRANT,storage.objects.service_role.UPDATE,"{""table"":""objects"",""schema"":""storage"",""grantee"":""service_role"",""grantor"":""supabase_storage_admin"",""grantable"":""NO"",""privilege"":""UPDATE""}"
19_ROUTINE_GRANT,public.admin_list_users.anon.EXECUTE,"{""schema"":""public"",""grantee"":""anon"",""grantor"":""postgres"",""routine"":""admin_list_users"",""grantable"":""NO"",""privilege"":""EXECUTE""}"
19_ROUTINE_GRANT,public.admin_list_users.authenticated.EXECUTE,"{""schema"":""public"",""grantee"":""authenticated"",""grantor"":""postgres"",""routine"":""admin_list_users"",""grantable"":""NO"",""privilege"":""EXECUTE""}"
19_ROUTINE_GRANT,public.admin_list_users.postgres.EXECUTE,"{""schema"":""public"",""grantee"":""postgres"",""grantor"":""postgres"",""routine"":""admin_list_users"",""grantable"":""YES"",""privilege"":""EXECUTE""}"
19_ROUTINE_GRANT,public.admin_list_users.service_role.EXECUTE,"{""schema"":""public"",""grantee"":""service_role"",""grantor"":""postgres"",""routine"":""admin_list_users"",""grantable"":""NO"",""privilege"":""EXECUTE""}"
19_ROUTINE_GRANT,public.audit_hills_changes.PUBLIC.EXECUTE,"{""schema"":""public"",""grantee"":""PUBLIC"",""grantor"":""postgres"",""routine"":""audit_hills_changes"",""grantable"":""NO"",""privilege"":""EXECUTE""}"
19_ROUTINE_GRANT,public.audit_hills_changes.anon.EXECUTE,"{""schema"":""public"",""grantee"":""anon"",""grantor"":""postgres"",""routine"":""audit_hills_changes"",""grantable"":""NO"",""privilege"":""EXECUTE""}"
19_ROUTINE_GRANT,public.audit_hills_changes.authenticated.EXECUTE,"{""schema"":""public"",""grantee"":""authenticated"",""grantor"":""postgres"",""routine"":""audit_hills_changes"",""grantable"":""NO"",""privilege"":""EXECUTE""}"
19_ROUTINE_GRANT,public.audit_hills_changes.postgres.EXECUTE,"{""schema"":""public"",""grantee"":""postgres"",""grantor"":""postgres"",""routine"":""audit_hills_changes"",""grantable"":""YES"",""privilege"":""EXECUTE""}"
19_ROUTINE_GRANT,public.audit_hills_changes.service_role.EXECUTE,"{""schema"":""public"",""grantee"":""service_role"",""grantor"":""postgres"",""routine"":""audit_hills_changes"",""grantable"":""NO"",""privilege"":""EXECUTE""}"
19_ROUTINE_GRANT,public.gin_extract_query_trgm.PUBLIC.EXECUTE,"{""schema"":""public"",""grantee"":""PUBLIC"",""grantor"":""supabase_admin"",""routine"":""gin_extract_query_trgm"",""grantable"":""NO"",""privilege"":""EXECUTE""}"
19_ROUTINE_GRANT,public.gin_extract_query_trgm.anon.EXECUTE,"{""schema"":""public"",""grantee"":""anon"",""grantor"":""supabase_admin"",""routine"":""gin_extract_query_trgm"",""grantable"":""NO"",""privilege"":""EXECUTE""}"
19_ROUTINE_GRANT,public.gin_extract_query_trgm.authenticated.EXECUTE,"{""schema"":""public"",""grantee"":""authenticated"",""grantor"":""supabase_admin"",""routine"":""gin_extract_query_trgm"",""grantable"":""NO"",""privilege"":""EXECUTE""}"
19_ROUTINE_GRANT,public.gin_extract_query_trgm.postgres.EXECUTE,"{""schema"":""public"",""grantee"":""postgres"",""grantor"":""supabase_admin"",""routine"":""gin_extract_query_trgm"",""grantable"":""NO"",""privilege"":""EXECUTE""}"
19_ROUTINE_GRANT,public.gin_extract_query_trgm.service_role.EXECUTE,"{""schema"":""public"",""grantee"":""service_role"",""grantor"":""supabase_admin"",""routine"":""gin_extract_query_trgm"",""grantable"":""NO"",""privilege"":""EXECUTE""}"
19_ROUTINE_GRANT,public.gin_extract_value_trgm.PUBLIC.EXECUTE,"{""schema"":""public"",""grantee"":""PUBLIC"",""grantor"":""supabase_admin"",""routine"":""gin_extract_value_trgm"",""grantable"":""NO"",""privilege"":""EXECUTE""}"
19_ROUTINE_GRANT,public.gin_extract_value_trgm.anon.EXECUTE,"{""schema"":""public"",""grantee"":""anon"",""grantor"":""supabase_admin"",""routine"":""gin_extract_value_trgm"",""grantable"":""NO"",""privilege"":""EXECUTE""}"
19_ROUTINE_GRANT,public.gin_extract_value_trgm.authenticated.EXECUTE,"{""schema"":""public"",""grantee"":""authenticated"",""grantor"":""supabase_admin"",""routine"":""gin_extract_value_trgm"",""grantable"":""NO"",""privilege"":""EXECUTE""}"
19_ROUTINE_GRANT,public.gin_extract_value_trgm.postgres.EXECUTE,"{""schema"":""public"",""grantee"":""postgres"",""grantor"":""supabase_admin"",""routine"":""gin_extract_value_trgm"",""grantable"":""NO"",""privilege"":""EXECUTE""}"
19_ROUTINE_GRANT,public.gin_extract_value_trgm.service_role.EXECUTE,"{""schema"":""public"",""grantee"":""service_role"",""grantor"":""supabase_admin"",""routine"":""gin_extract_value_trgm"",""grantable"":""NO"",""privilege"":""EXECUTE""}"
19_ROUTINE_GRANT,public.gin_trgm_consistent.PUBLIC.EXECUTE,"{""schema"":""public"",""grantee"":""PUBLIC"",""grantor"":""supabase_admin"",""routine"":""gin_trgm_consistent"",""grantable"":""NO"",""privilege"":""EXECUTE""}"
19_ROUTINE_GRANT,public.gin_trgm_consistent.anon.EXECUTE,"{""schema"":""public"",""grantee"":""anon"",""grantor"":""supabase_admin"",""routine"":""gin_trgm_consistent"",""grantable"":""NO"",""privilege"":""EXECUTE""}"
19_ROUTINE_GRANT,public.gin_trgm_consistent.authenticated.EXECUTE,"{""schema"":""public"",""grantee"":""authenticated"",""grantor"":""supabase_admin"",""routine"":""gin_trgm_consistent"",""grantable"":""NO"",""privilege"":""EXECUTE""}"
19_ROUTINE_GRANT,public.gin_trgm_consistent.postgres.EXECUTE,"{""schema"":""public"",""grantee"":""postgres"",""grantor"":""supabase_admin"",""routine"":""gin_trgm_consistent"",""grantable"":""NO"",""privilege"":""EXECUTE""}"
19_ROUTINE_GRANT,public.gin_trgm_consistent.service_role.EXECUTE,"{""schema"":""public"",""grantee"":""service_role"",""grantor"":""supabase_admin"",""routine"":""gin_trgm_consistent"",""grantable"":""NO"",""privilege"":""EXECUTE""}"
19_ROUTINE_GRANT,public.gin_trgm_triconsistent.PUBLIC.EXECUTE,"{""schema"":""public"",""grantee"":""PUBLIC"",""grantor"":""supabase_admin"",""routine"":""gin_trgm_triconsistent"",""grantable"":""NO"",""privilege"":""EXECUTE""}"
19_ROUTINE_GRANT,public.gin_trgm_triconsistent.anon.EXECUTE,"{""schema"":""public"",""grantee"":""anon"",""grantor"":""supabase_admin"",""routine"":""gin_trgm_triconsistent"",""grantable"":""NO"",""privilege"":""EXECUTE""}"
19_ROUTINE_GRANT,public.gin_trgm_triconsistent.authenticated.EXECUTE,"{""schema"":""public"",""grantee"":""authenticated"",""grantor"":""supabase_admin"",""routine"":""gin_trgm_triconsistent"",""grantable"":""NO"",""privilege"":""EXECUTE""}"
19_ROUTINE_GRANT,public.gin_trgm_triconsistent.postgres.EXECUTE,"{""schema"":""public"",""grantee"":""postgres"",""grantor"":""supabase_admin"",""routine"":""gin_trgm_triconsistent"",""grantable"":""NO"",""privilege"":""EXECUTE""}"
19_ROUTINE_GRANT,public.gin_trgm_triconsistent.service_role.EXECUTE,"{""schema"":""public"",""grantee"":""service_role"",""grantor"":""supabase_admin"",""routine"":""gin_trgm_triconsistent"",""grantable"":""NO"",""privilege"":""EXECUTE""}"
19_ROUTINE_GRANT,public.gtrgm_compress.PUBLIC.EXECUTE,"{""schema"":""public"",""grantee"":""PUBLIC"",""grantor"":""supabase_admin"",""routine"":""gtrgm_compress"",""grantable"":""NO"",""privilege"":""EXECUTE""}"
19_ROUTINE_GRANT,public.gtrgm_compress.anon.EXECUTE,"{""schema"":""public"",""grantee"":""anon"",""grantor"":""supabase_admin"",""routine"":""gtrgm_compress"",""grantable"":""NO"",""privilege"":""EXECUTE""}"
19_ROUTINE_GRANT,public.gtrgm_compress.authenticated.EXECUTE,"{""schema"":""public"",""grantee"":""authenticated"",""grantor"":""supabase_admin"",""routine"":""gtrgm_compress"",""grantable"":""NO"",""privilege"":""EXECUTE""}"
19_ROUTINE_GRANT,public.gtrgm_compress.postgres.EXECUTE,"{""schema"":""public"",""grantee"":""postgres"",""grantor"":""supabase_admin"",""routine"":""gtrgm_compress"",""grantable"":""NO"",""privilege"":""EXECUTE""}"
19_ROUTINE_GRANT,public.gtrgm_compress.service_role.EXECUTE,"{""schema"":""public"",""grantee"":""service_role"",""grantor"":""supabase_admin"",""routine"":""gtrgm_compress"",""grantable"":""NO"",""privilege"":""EXECUTE""}"
19_ROUTINE_GRANT,public.gtrgm_consistent.PUBLIC.EXECUTE,"{""schema"":""public"",""grantee"":""PUBLIC"",""grantor"":""supabase_admin"",""routine"":""gtrgm_consistent"",""grantable"":""NO"",""privilege"":""EXECUTE""}"
19_ROUTINE_GRANT,public.gtrgm_consistent.anon.EXECUTE,"{""schema"":""public"",""grantee"":""anon"",""grantor"":""supabase_admin"",""routine"":""gtrgm_consistent"",""grantable"":""NO"",""privilege"":""EXECUTE""}"
19_ROUTINE_GRANT,public.gtrgm_consistent.authenticated.EXECUTE,"{""schema"":""public"",""grantee"":""authenticated"",""grantor"":""supabase_admin"",""routine"":""gtrgm_consistent"",""grantable"":""NO"",""privilege"":""EXECUTE""}"
19_ROUTINE_GRANT,public.gtrgm_consistent.postgres.EXECUTE,"{""schema"":""public"",""grantee"":""postgres"",""grantor"":""supabase_admin"",""routine"":""gtrgm_consistent"",""grantable"":""NO"",""privilege"":""EXECUTE""}"
19_ROUTINE_GRANT,public.gtrgm_consistent.service_role.EXECUTE,"{""schema"":""public"",""grantee"":""service_role"",""grantor"":""supabase_admin"",""routine"":""gtrgm_consistent"",""grantable"":""NO"",""privilege"":""EXECUTE""}"
19_ROUTINE_GRANT,public.gtrgm_decompress.PUBLIC.EXECUTE,"{""schema"":""public"",""grantee"":""PUBLIC"",""grantor"":""supabase_admin"",""routine"":""gtrgm_decompress"",""grantable"":""NO"",""privilege"":""EXECUTE""}"
19_ROUTINE_GRANT,public.gtrgm_decompress.anon.EXECUTE,"{""schema"":""public"",""grantee"":""anon"",""grantor"":""supabase_admin"",""routine"":""gtrgm_decompress"",""grantable"":""NO"",""privilege"":""EXECUTE""}"
19_ROUTINE_GRANT,public.gtrgm_decompress.authenticated.EXECUTE,"{""schema"":""public"",""grantee"":""authenticated"",""grantor"":""supabase_admin"",""routine"":""gtrgm_decompress"",""grantable"":""NO"",""privilege"":""EXECUTE""}"
19_ROUTINE_GRANT,public.gtrgm_decompress.postgres.EXECUTE,"{""schema"":""public"",""grantee"":""postgres"",""grantor"":""supabase_admin"",""routine"":""gtrgm_decompress"",""grantable"":""NO"",""privilege"":""EXECUTE""}"
19_ROUTINE_GRANT,public.gtrgm_decompress.service_role.EXECUTE,"{""schema"":""public"",""grantee"":""service_role"",""grantor"":""supabase_admin"",""routine"":""gtrgm_decompress"",""grantable"":""NO"",""privilege"":""EXECUTE""}"
19_ROUTINE_GRANT,public.gtrgm_distance.PUBLIC.EXECUTE,"{""schema"":""public"",""grantee"":""PUBLIC"",""grantor"":""supabase_admin"",""routine"":""gtrgm_distance"",""grantable"":""NO"",""privilege"":""EXECUTE""}"
19_ROUTINE_GRANT,public.gtrgm_distance.anon.EXECUTE,"{""schema"":""public"",""grantee"":""anon"",""grantor"":""supabase_admin"",""routine"":""gtrgm_distance"",""grantable"":""NO"",""privilege"":""EXECUTE""}"
19_ROUTINE_GRANT,public.gtrgm_distance.authenticated.EXECUTE,"{""schema"":""public"",""grantee"":""authenticated"",""grantor"":""supabase_admin"",""routine"":""gtrgm_distance"",""grantable"":""NO"",""privilege"":""EXECUTE""}"
19_ROUTINE_GRANT,public.gtrgm_distance.postgres.EXECUTE,"{""schema"":""public"",""grantee"":""postgres"",""grantor"":""supabase_admin"",""routine"":""gtrgm_distance"",""grantable"":""NO"",""privilege"":""EXECUTE""}"
19_ROUTINE_GRANT,public.gtrgm_distance.service_role.EXECUTE,"{""schema"":""public"",""grantee"":""service_role"",""grantor"":""supabase_admin"",""routine"":""gtrgm_distance"",""grantable"":""NO"",""privilege"":""EXECUTE""}"
19_ROUTINE_GRANT,public.gtrgm_in.PUBLIC.EXECUTE,"{""schema"":""public"",""grantee"":""PUBLIC"",""grantor"":""supabase_admin"",""routine"":""gtrgm_in"",""grantable"":""NO"",""privilege"":""EXECUTE""}"
19_ROUTINE_GRANT,public.gtrgm_in.anon.EXECUTE,"{""schema"":""public"",""grantee"":""anon"",""grantor"":""supabase_admin"",""routine"":""gtrgm_in"",""grantable"":""NO"",""privilege"":""EXECUTE""}"
19_ROUTINE_GRANT,public.gtrgm_in.authenticated.EXECUTE,"{""schema"":""public"",""grantee"":""authenticated"",""grantor"":""supabase_admin"",""routine"":""gtrgm_in"",""grantable"":""NO"",""privilege"":""EXECUTE""}"
19_ROUTINE_GRANT,public.gtrgm_in.postgres.EXECUTE,"{""schema"":""public"",""grantee"":""postgres"",""grantor"":""supabase_admin"",""routine"":""gtrgm_in"",""grantable"":""NO"",""privilege"":""EXECUTE""}"
19_ROUTINE_GRANT,public.gtrgm_in.service_role.EXECUTE,"{""schema"":""public"",""grantee"":""service_role"",""grantor"":""supabase_admin"",""routine"":""gtrgm_in"",""grantable"":""NO"",""privilege"":""EXECUTE""}"
19_ROUTINE_GRANT,public.gtrgm_options.PUBLIC.EXECUTE,"{""schema"":""public"",""grantee"":""PUBLIC"",""grantor"":""supabase_admin"",""routine"":""gtrgm_options"",""grantable"":""NO"",""privilege"":""EXECUTE""}"
19_ROUTINE_GRANT,public.gtrgm_options.anon.EXECUTE,"{""schema"":""public"",""grantee"":""anon"",""grantor"":""supabase_admin"",""routine"":""gtrgm_options"",""grantable"":""NO"",""privilege"":""EXECUTE""}"
19_ROUTINE_GRANT,public.gtrgm_options.authenticated.EXECUTE,"{""schema"":""public"",""grantee"":""authenticated"",""grantor"":""supabase_admin"",""routine"":""gtrgm_options"",""grantable"":""NO"",""privilege"":""EXECUTE""}"
19_ROUTINE_GRANT,public.gtrgm_options.postgres.EXECUTE,"{""schema"":""public"",""grantee"":""postgres"",""grantor"":""supabase_admin"",""routine"":""gtrgm_options"",""grantable"":""NO"",""privilege"":""EXECUTE""}"
19_ROUTINE_GRANT,public.gtrgm_options.service_role.EXECUTE,"{""schema"":""public"",""grantee"":""service_role"",""grantor"":""supabase_admin"",""routine"":""gtrgm_options"",""grantable"":""NO"",""privilege"":""EXECUTE""}"
19_ROUTINE_GRANT,public.gtrgm_out.PUBLIC.EXECUTE,"{""schema"":""public"",""grantee"":""PUBLIC"",""grantor"":""supabase_admin"",""routine"":""gtrgm_out"",""grantable"":""NO"",""privilege"":""EXECUTE""}"
19_ROUTINE_GRANT,public.gtrgm_out.anon.EXECUTE,"{""schema"":""public"",""grantee"":""anon"",""grantor"":""supabase_admin"",""routine"":""gtrgm_out"",""grantable"":""NO"",""privilege"":""EXECUTE""}"
19_ROUTINE_GRANT,public.gtrgm_out.authenticated.EXECUTE,"{""schema"":""public"",""grantee"":""authenticated"",""grantor"":""supabase_admin"",""routine"":""gtrgm_out"",""grantable"":""NO"",""privilege"":""EXECUTE""}"
19_ROUTINE_GRANT,public.gtrgm_out.postgres.EXECUTE,"{""schema"":""public"",""grantee"":""postgres"",""grantor"":""supabase_admin"",""routine"":""gtrgm_out"",""grantable"":""NO"",""privilege"":""EXECUTE""}"
19_ROUTINE_GRANT,public.gtrgm_out.service_role.EXECUTE,"{""schema"":""public"",""grantee"":""service_role"",""grantor"":""supabase_admin"",""routine"":""gtrgm_out"",""grantable"":""NO"",""privilege"":""EXECUTE""}"
19_ROUTINE_GRANT,public.gtrgm_penalty.PUBLIC.EXECUTE,"{""schema"":""public"",""grantee"":""PUBLIC"",""grantor"":""supabase_admin"",""routine"":""gtrgm_penalty"",""grantable"":""NO"",""privilege"":""EXECUTE""}"
19_ROUTINE_GRANT,public.gtrgm_penalty.anon.EXECUTE,"{""schema"":""public"",""grantee"":""anon"",""grantor"":""supabase_admin"",""routine"":""gtrgm_penalty"",""grantable"":""NO"",""privilege"":""EXECUTE""}"
19_ROUTINE_GRANT,public.gtrgm_penalty.authenticated.EXECUTE,"{""schema"":""public"",""grantee"":""authenticated"",""grantor"":""supabase_admin"",""routine"":""gtrgm_penalty"",""grantable"":""NO"",""privilege"":""EXECUTE""}"
19_ROUTINE_GRANT,public.gtrgm_penalty.postgres.EXECUTE,"{""schema"":""public"",""grantee"":""postgres"",""grantor"":""supabase_admin"",""routine"":""gtrgm_penalty"",""grantable"":""NO"",""privilege"":""EXECUTE""}"
19_ROUTINE_GRANT,public.gtrgm_penalty.service_role.EXECUTE,"{""schema"":""public"",""grantee"":""service_role"",""grantor"":""supabase_admin"",""routine"":""gtrgm_penalty"",""grantable"":""NO"",""privilege"":""EXECUTE""}"
19_ROUTINE_GRANT,public.gtrgm_picksplit.PUBLIC.EXECUTE,"{""schema"":""public"",""grantee"":""PUBLIC"",""grantor"":""supabase_admin"",""routine"":""gtrgm_picksplit"",""grantable"":""NO"",""privilege"":""EXECUTE""}"
19_ROUTINE_GRANT,public.gtrgm_picksplit.anon.EXECUTE,"{""schema"":""public"",""grantee"":""anon"",""grantor"":""supabase_admin"",""routine"":""gtrgm_picksplit"",""grantable"":""NO"",""privilege"":""EXECUTE""}"
19_ROUTINE_GRANT,public.gtrgm_picksplit.authenticated.EXECUTE,"{""schema"":""public"",""grantee"":""authenticated"",""grantor"":""supabase_admin"",""routine"":""gtrgm_picksplit"",""grantable"":""NO"",""privilege"":""EXECUTE""}"
19_ROUTINE_GRANT,public.gtrgm_picksplit.postgres.EXECUTE,"{""schema"":""public"",""grantee"":""postgres"",""grantor"":""supabase_admin"",""routine"":""gtrgm_picksplit"",""grantable"":""NO"",""privilege"":""EXECUTE""}"
19_ROUTINE_GRANT,public.gtrgm_picksplit.service_role.EXECUTE,"{""schema"":""public"",""grantee"":""service_role"",""grantor"":""supabase_admin"",""routine"":""gtrgm_picksplit"",""grantable"":""NO"",""privilege"":""EXECUTE""}"
19_ROUTINE_GRANT,public.gtrgm_same.PUBLIC.EXECUTE,"{""schema"":""public"",""grantee"":""PUBLIC"",""grantor"":""supabase_admin"",""routine"":""gtrgm_same"",""grantable"":""NO"",""privilege"":""EXECUTE""}"
19_ROUTINE_GRANT,public.gtrgm_same.anon.EXECUTE,"{""schema"":""public"",""grantee"":""anon"",""grantor"":""supabase_admin"",""routine"":""gtrgm_same"",""grantable"":""NO"",""privilege"":""EXECUTE""}"
19_ROUTINE_GRANT,public.gtrgm_same.authenticated.EXECUTE,"{""schema"":""public"",""grantee"":""authenticated"",""grantor"":""supabase_admin"",""routine"":""gtrgm_same"",""grantable"":""NO"",""privilege"":""EXECUTE""}"
19_ROUTINE_GRANT,public.gtrgm_same.postgres.EXECUTE,"{""schema"":""public"",""grantee"":""postgres"",""grantor"":""supabase_admin"",""routine"":""gtrgm_same"",""grantable"":""NO"",""privilege"":""EXECUTE""}"
19_ROUTINE_GRANT,public.gtrgm_same.service_role.EXECUTE,"{""schema"":""public"",""grantee"":""service_role"",""grantor"":""supabase_admin"",""routine"":""gtrgm_same"",""grantable"":""NO"",""privilege"":""EXECUTE""}"
19_ROUTINE_GRANT,public.gtrgm_union.PUBLIC.EXECUTE,"{""schema"":""public"",""grantee"":""PUBLIC"",""grantor"":""supabase_admin"",""routine"":""gtrgm_union"",""grantable"":""NO"",""privilege"":""EXECUTE""}"
19_ROUTINE_GRANT,public.gtrgm_union.anon.EXECUTE,"{""schema"":""public"",""grantee"":""anon"",""grantor"":""supabase_admin"",""routine"":""gtrgm_union"",""grantable"":""NO"",""privilege"":""EXECUTE""}"
19_ROUTINE_GRANT,public.gtrgm_union.authenticated.EXECUTE,"{""schema"":""public"",""grantee"":""authenticated"",""grantor"":""supabase_admin"",""routine"":""gtrgm_union"",""grantable"":""NO"",""privilege"":""EXECUTE""}"
19_ROUTINE_GRANT,public.gtrgm_union.postgres.EXECUTE,"{""schema"":""public"",""grantee"":""postgres"",""grantor"":""supabase_admin"",""routine"":""gtrgm_union"",""grantable"":""NO"",""privilege"":""EXECUTE""}"
19_ROUTINE_GRANT,public.gtrgm_union.service_role.EXECUTE,"{""schema"":""public"",""grantee"":""service_role"",""grantor"":""supabase_admin"",""routine"":""gtrgm_union"",""grantable"":""NO"",""privilege"":""EXECUTE""}"
19_ROUTINE_GRANT,public.handle_hills_new_user.PUBLIC.EXECUTE,"{""schema"":""public"",""grantee"":""PUBLIC"",""grantor"":""postgres"",""routine"":""handle_hills_new_user"",""grantable"":""NO"",""privilege"":""EXECUTE""}"
19_ROUTINE_GRANT,public.handle_hills_new_user.anon.EXECUTE,"{""schema"":""public"",""grantee"":""anon"",""grantor"":""postgres"",""routine"":""handle_hills_new_user"",""grantable"":""NO"",""privilege"":""EXECUTE""}"
19_ROUTINE_GRANT,public.handle_hills_new_user.authenticated.EXECUTE,"{""schema"":""public"",""grantee"":""authenticated"",""grantor"":""postgres"",""routine"":""handle_hills_new_user"",""grantable"":""NO"",""privilege"":""EXECUTE""}"
19_ROUTINE_GRANT,public.handle_hills_new_user.postgres.EXECUTE,"{""schema"":""public"",""grantee"":""postgres"",""grantor"":""postgres"",""routine"":""handle_hills_new_user"",""grantable"":""YES"",""privilege"":""EXECUTE""}"
19_ROUTINE_GRANT,public.handle_hills_new_user.service_role.EXECUTE,"{""schema"":""public"",""grantee"":""service_role"",""grantor"":""postgres"",""routine"":""handle_hills_new_user"",""grantable"":""NO"",""privilege"":""EXECUTE""}"
19_ROUTINE_GRANT,public.hydrate_inquiry_context.PUBLIC.EXECUTE,"{""schema"":""public"",""grantee"":""PUBLIC"",""grantor"":""postgres"",""routine"":""hydrate_inquiry_context"",""grantable"":""NO"",""privilege"":""EXECUTE""}"
19_ROUTINE_GRANT,public.hydrate_inquiry_context.anon.EXECUTE,"{""schema"":""public"",""grantee"":""anon"",""grantor"":""postgres"",""routine"":""hydrate_inquiry_context"",""grantable"":""NO"",""privilege"":""EXECUTE""}"
19_ROUTINE_GRANT,public.hydrate_inquiry_context.authenticated.EXECUTE,"{""schema"":""public"",""grantee"":""authenticated"",""grantor"":""postgres"",""routine"":""hydrate_inquiry_context"",""grantable"":""NO"",""privilege"":""EXECUTE""}"
19_ROUTINE_GRANT,public.hydrate_inquiry_context.postgres.EXECUTE,"{""schema"":""public"",""grantee"":""postgres"",""grantor"":""postgres"",""routine"":""hydrate_inquiry_context"",""grantable"":""YES"",""privilege"":""EXECUTE""}"
19_ROUTINE_GRANT,public.hydrate_inquiry_context.service_role.EXECUTE,"{""schema"":""public"",""grantee"":""service_role"",""grantor"":""postgres"",""routine"":""hydrate_inquiry_context"",""grantable"":""NO"",""privilege"":""EXECUTE""}"
19_ROUTINE_GRANT,public.is_admin.anon.EXECUTE,"{""schema"":""public"",""grantee"":""anon"",""grantor"":""postgres"",""routine"":""is_admin"",""grantable"":""NO"",""privilege"":""EXECUTE""}"
19_ROUTINE_GRANT,public.is_admin.authenticated.EXECUTE,"{""schema"":""public"",""grantee"":""authenticated"",""grantor"":""postgres"",""routine"":""is_admin"",""grantable"":""NO"",""privilege"":""EXECUTE""}"
19_ROUTINE_GRANT,public.is_admin.postgres.EXECUTE,"{""schema"":""public"",""grantee"":""postgres"",""grantor"":""postgres"",""routine"":""is_admin"",""grantable"":""YES"",""privilege"":""EXECUTE""}"
19_ROUTINE_GRANT,public.is_admin.service_role.EXECUTE,"{""schema"":""public"",""grantee"":""service_role"",""grantor"":""postgres"",""routine"":""is_admin"",""grantable"":""NO"",""privilege"":""EXECUTE""}"
19_ROUTINE_GRANT,public.is_email_verified.anon.EXECUTE,"{""schema"":""public"",""grantee"":""anon"",""grantor"":""postgres"",""routine"":""is_email_verified"",""grantable"":""NO"",""privilege"":""EXECUTE""}"
19_ROUTINE_GRANT,public.is_email_verified.authenticated.EXECUTE,"{""schema"":""public"",""grantee"":""authenticated"",""grantor"":""postgres"",""routine"":""is_email_verified"",""grantable"":""NO"",""privilege"":""EXECUTE""}"
19_ROUTINE_GRANT,public.is_email_verified.postgres.EXECUTE,"{""schema"":""public"",""grantee"":""postgres"",""grantor"":""postgres"",""routine"":""is_email_verified"",""grantable"":""YES"",""privilege"":""EXECUTE""}"
19_ROUTINE_GRANT,public.is_email_verified.service_role.EXECUTE,"{""schema"":""public"",""grantee"":""service_role"",""grantor"":""postgres"",""routine"":""is_email_verified"",""grantable"":""NO"",""privilege"":""EXECUTE""}"
19_ROUTINE_GRANT,public.is_valid_month_array.PUBLIC.EXECUTE,"{""schema"":""public"",""grantee"":""PUBLIC"",""grantor"":""postgres"",""routine"":""is_valid_month_array"",""grantable"":""NO"",""privilege"":""EXECUTE""}"
19_ROUTINE_GRANT,public.is_valid_month_array.anon.EXECUTE,"{""schema"":""public"",""grantee"":""anon"",""grantor"":""postgres"",""routine"":""is_valid_month_array"",""grantable"":""NO"",""privilege"":""EXECUTE""}"
19_ROUTINE_GRANT,public.is_valid_month_array.authenticated.EXECUTE,"{""schema"":""public"",""grantee"":""authenticated"",""grantor"":""postgres"",""routine"":""is_valid_month_array"",""grantable"":""NO"",""privilege"":""EXECUTE""}"
19_ROUTINE_GRANT,public.is_valid_month_array.postgres.EXECUTE,"{""schema"":""public"",""grantee"":""postgres"",""grantor"":""postgres"",""routine"":""is_valid_month_array"",""grantable"":""YES"",""privilege"":""EXECUTE""}"
19_ROUTINE_GRANT,public.is_valid_month_array.service_role.EXECUTE,"{""schema"":""public"",""grantee"":""service_role"",""grantor"":""postgres"",""routine"":""is_valid_month_array"",""grantable"":""NO"",""privilege"":""EXECUTE""}"
19_ROUTINE_GRANT,public.prevent_profile_role_escalation.PUBLIC.EXECUTE,"{""schema"":""public"",""grantee"":""PUBLIC"",""grantor"":""postgres"",""routine"":""prevent_profile_role_escalation"",""grantable"":""NO"",""privilege"":""EXECUTE""}"
19_ROUTINE_GRANT,public.prevent_profile_role_escalation.anon.EXECUTE,"{""schema"":""public"",""grantee"":""anon"",""grantor"":""postgres"",""routine"":""prevent_profile_role_escalation"",""grantable"":""NO"",""privilege"":""EXECUTE""}"
19_ROUTINE_GRANT,public.prevent_profile_role_escalation.authenticated.EXECUTE,"{""schema"":""public"",""grantee"":""authenticated"",""grantor"":""postgres"",""routine"":""prevent_profile_role_escalation"",""grantable"":""NO"",""privilege"":""EXECUTE""}"
19_ROUTINE_GRANT,public.prevent_profile_role_escalation.postgres.EXECUTE,"{""schema"":""public"",""grantee"":""postgres"",""grantor"":""postgres"",""routine"":""prevent_profile_role_escalation"",""grantable"":""YES"",""privilege"":""EXECUTE""}"
19_ROUTINE_GRANT,public.prevent_profile_role_escalation.service_role.EXECUTE,"{""schema"":""public"",""grantee"":""service_role"",""grantor"":""postgres"",""routine"":""prevent_profile_role_escalation"",""grantable"":""NO"",""privilege"":""EXECUTE""}"
19_ROUTINE_GRANT,public.set_limit.PUBLIC.EXECUTE,"{""schema"":""public"",""grantee"":""PUBLIC"",""grantor"":""supabase_admin"",""routine"":""set_limit"",""grantable"":""NO"",""privilege"":""EXECUTE""}"
19_ROUTINE_GRANT,public.set_limit.anon.EXECUTE,"{""schema"":""public"",""grantee"":""anon"",""grantor"":""supabase_admin"",""routine"":""set_limit"",""grantable"":""NO"",""privilege"":""EXECUTE""}"
19_ROUTINE_GRANT,public.set_limit.authenticated.EXECUTE,"{""schema"":""public"",""grantee"":""authenticated"",""grantor"":""supabase_admin"",""routine"":""set_limit"",""grantable"":""NO"",""privilege"":""EXECUTE""}"
19_ROUTINE_GRANT,public.set_limit.postgres.EXECUTE,"{""schema"":""public"",""grantee"":""postgres"",""grantor"":""supabase_admin"",""routine"":""set_limit"",""grantable"":""NO"",""privilege"":""EXECUTE""}"
19_ROUTINE_GRANT,public.set_limit.service_role.EXECUTE,"{""schema"":""public"",""grantee"":""service_role"",""grantor"":""supabase_admin"",""routine"":""set_limit"",""grantable"":""NO"",""privilege"":""EXECUTE""}"
19_ROUTINE_GRANT,public.set_updated_at.PUBLIC.EXECUTE,"{""schema"":""public"",""grantee"":""PUBLIC"",""grantor"":""postgres"",""routine"":""set_updated_at"",""grantable"":""NO"",""privilege"":""EXECUTE""}"
19_ROUTINE_GRANT,public.set_updated_at.anon.EXECUTE,"{""schema"":""public"",""grantee"":""anon"",""grantor"":""postgres"",""routine"":""set_updated_at"",""grantable"":""NO"",""privilege"":""EXECUTE""}"
19_ROUTINE_GRANT,public.set_updated_at.authenticated.EXECUTE,"{""schema"":""public"",""grantee"":""authenticated"",""grantor"":""postgres"",""routine"":""set_updated_at"",""grantable"":""NO"",""privilege"":""EXECUTE""}"
19_ROUTINE_GRANT,public.set_updated_at.postgres.EXECUTE,"{""schema"":""public"",""grantee"":""postgres"",""grantor"":""postgres"",""routine"":""set_updated_at"",""grantable"":""YES"",""privilege"":""EXECUTE""}"
19_ROUTINE_GRANT,public.set_updated_at.service_role.EXECUTE,"{""schema"":""public"",""grantee"":""service_role"",""grantor"":""postgres"",""routine"":""set_updated_at"",""grantable"":""NO"",""privilege"":""EXECUTE""}"
19_ROUTINE_GRANT,public.set_updated_at_and_user.PUBLIC.EXECUTE,"{""schema"":""public"",""grantee"":""PUBLIC"",""grantor"":""postgres"",""routine"":""set_updated_at_and_user"",""grantable"":""NO"",""privilege"":""EXECUTE""}"
19_ROUTINE_GRANT,public.set_updated_at_and_user.anon.EXECUTE,"{""schema"":""public"",""grantee"":""anon"",""grantor"":""postgres"",""routine"":""set_updated_at_and_user"",""grantable"":""NO"",""privilege"":""EXECUTE""}"
19_ROUTINE_GRANT,public.set_updated_at_and_user.authenticated.EXECUTE,"{""schema"":""public"",""grantee"":""authenticated"",""grantor"":""postgres"",""routine"":""set_updated_at_and_user"",""grantable"":""NO"",""privilege"":""EXECUTE""}"
19_ROUTINE_GRANT,public.set_updated_at_and_user.postgres.EXECUTE,"{""schema"":""public"",""grantee"":""postgres"",""grantor"":""postgres"",""routine"":""set_updated_at_and_user"",""grantable"":""YES"",""privilege"":""EXECUTE""}"
19_ROUTINE_GRANT,public.set_updated_at_and_user.service_role.EXECUTE,"{""schema"":""public"",""grantee"":""service_role"",""grantor"":""postgres"",""routine"":""set_updated_at_and_user"",""grantable"":""NO"",""privilege"":""EXECUTE""}"
19_ROUTINE_GRANT,public.show_limit.PUBLIC.EXECUTE,"{""schema"":""public"",""grantee"":""PUBLIC"",""grantor"":""supabase_admin"",""routine"":""show_limit"",""grantable"":""NO"",""privilege"":""EXECUTE""}"
19_ROUTINE_GRANT,public.show_limit.anon.EXECUTE,"{""schema"":""public"",""grantee"":""anon"",""grantor"":""supabase_admin"",""routine"":""show_limit"",""grantable"":""NO"",""privilege"":""EXECUTE""}"
19_ROUTINE_GRANT,public.show_limit.authenticated.EXECUTE,"{""schema"":""public"",""grantee"":""authenticated"",""grantor"":""supabase_admin"",""routine"":""show_limit"",""grantable"":""NO"",""privilege"":""EXECUTE""}"
19_ROUTINE_GRANT,public.show_limit.postgres.EXECUTE,"{""schema"":""public"",""grantee"":""postgres"",""grantor"":""supabase_admin"",""routine"":""show_limit"",""grantable"":""NO"",""privilege"":""EXECUTE""}"
19_ROUTINE_GRANT,public.show_limit.service_role.EXECUTE,"{""schema"":""public"",""grantee"":""service_role"",""grantor"":""supabase_admin"",""routine"":""show_limit"",""grantable"":""NO"",""privilege"":""EXECUTE""}"
19_ROUTINE_GRANT,public.show_trgm.PUBLIC.EXECUTE,"{""schema"":""public"",""grantee"":""PUBLIC"",""grantor"":""supabase_admin"",""routine"":""show_trgm"",""grantable"":""NO"",""privilege"":""EXECUTE""}"
19_ROUTINE_GRANT,public.show_trgm.anon.EXECUTE,"{""schema"":""public"",""grantee"":""anon"",""grantor"":""supabase_admin"",""routine"":""show_trgm"",""grantable"":""NO"",""privilege"":""EXECUTE""}"
19_ROUTINE_GRANT,public.show_trgm.authenticated.EXECUTE,"{""schema"":""public"",""grantee"":""authenticated"",""grantor"":""supabase_admin"",""routine"":""show_trgm"",""grantable"":""NO"",""privilege"":""EXECUTE""}"
19_ROUTINE_GRANT,public.show_trgm.postgres.EXECUTE,"{""schema"":""public"",""grantee"":""postgres"",""grantor"":""supabase_admin"",""routine"":""show_trgm"",""grantable"":""NO"",""privilege"":""EXECUTE""}"
19_ROUTINE_GRANT,public.show_trgm.service_role.EXECUTE,"{""schema"":""public"",""grantee"":""service_role"",""grantor"":""supabase_admin"",""routine"":""show_trgm"",""grantable"":""NO"",""privilege"":""EXECUTE""}"
19_ROUTINE_GRANT,public.similarity.PUBLIC.EXECUTE,"{""schema"":""public"",""grantee"":""PUBLIC"",""grantor"":""supabase_admin"",""routine"":""similarity"",""grantable"":""NO"",""privilege"":""EXECUTE""}"
19_ROUTINE_GRANT,public.similarity.anon.EXECUTE,"{""schema"":""public"",""grantee"":""anon"",""grantor"":""supabase_admin"",""routine"":""similarity"",""grantable"":""NO"",""privilege"":""EXECUTE""}"
19_ROUTINE_GRANT,public.similarity.authenticated.EXECUTE,"{""schema"":""public"",""grantee"":""authenticated"",""grantor"":""supabase_admin"",""routine"":""similarity"",""grantable"":""NO"",""privilege"":""EXECUTE""}"
19_ROUTINE_GRANT,public.similarity.postgres.EXECUTE,"{""schema"":""public"",""grantee"":""postgres"",""grantor"":""supabase_admin"",""routine"":""similarity"",""grantable"":""NO"",""privilege"":""EXECUTE""}"
19_ROUTINE_GRANT,public.similarity.service_role.EXECUTE,"{""schema"":""public"",""grantee"":""service_role"",""grantor"":""supabase_admin"",""routine"":""similarity"",""grantable"":""NO"",""privilege"":""EXECUTE""}"
19_ROUTINE_GRANT,public.similarity_dist.PUBLIC.EXECUTE,"{""schema"":""public"",""grantee"":""PUBLIC"",""grantor"":""supabase_admin"",""routine"":""similarity_dist"",""grantable"":""NO"",""privilege"":""EXECUTE""}"
19_ROUTINE_GRANT,public.similarity_dist.anon.EXECUTE,"{""schema"":""public"",""grantee"":""anon"",""grantor"":""supabase_admin"",""routine"":""similarity_dist"",""grantable"":""NO"",""privilege"":""EXECUTE""}"
19_ROUTINE_GRANT,public.similarity_dist.authenticated.EXECUTE,"{""schema"":""public"",""grantee"":""authenticated"",""grantor"":""supabase_admin"",""routine"":""similarity_dist"",""grantable"":""NO"",""privilege"":""EXECUTE""}"
19_ROUTINE_GRANT,public.similarity_dist.postgres.EXECUTE,"{""schema"":""public"",""grantee"":""postgres"",""grantor"":""supabase_admin"",""routine"":""similarity_dist"",""grantable"":""NO"",""privilege"":""EXECUTE""}"
19_ROUTINE_GRANT,public.similarity_dist.service_role.EXECUTE,"{""schema"":""public"",""grantee"":""service_role"",""grantor"":""supabase_admin"",""routine"":""similarity_dist"",""grantable"":""NO"",""privilege"":""EXECUTE""}"
19_ROUTINE_GRANT,public.similarity_op.PUBLIC.EXECUTE,"{""schema"":""public"",""grantee"":""PUBLIC"",""grantor"":""supabase_admin"",""routine"":""similarity_op"",""grantable"":""NO"",""privilege"":""EXECUTE""}"
19_ROUTINE_GRANT,public.similarity_op.anon.EXECUTE,"{""schema"":""public"",""grantee"":""anon"",""grantor"":""supabase_admin"",""routine"":""similarity_op"",""grantable"":""NO"",""privilege"":""EXECUTE""}"
19_ROUTINE_GRANT,public.similarity_op.authenticated.EXECUTE,"{""schema"":""public"",""grantee"":""authenticated"",""grantor"":""supabase_admin"",""routine"":""similarity_op"",""grantable"":""NO"",""privilege"":""EXECUTE""}"
19_ROUTINE_GRANT,public.similarity_op.postgres.EXECUTE,"{""schema"":""public"",""grantee"":""postgres"",""grantor"":""supabase_admin"",""routine"":""similarity_op"",""grantable"":""NO"",""privilege"":""EXECUTE""}"
19_ROUTINE_GRANT,public.similarity_op.service_role.EXECUTE,"{""schema"":""public"",""grantee"":""service_role"",""grantor"":""supabase_admin"",""routine"":""similarity_op"",""grantable"":""NO"",""privilege"":""EXECUTE""}"
19_ROUTINE_GRANT,public.strict_word_similarity.PUBLIC.EXECUTE,"{""schema"":""public"",""grantee"":""PUBLIC"",""grantor"":""supabase_admin"",""routine"":""strict_word_similarity"",""grantable"":""NO"",""privilege"":""EXECUTE""}"
19_ROUTINE_GRANT,public.strict_word_similarity.anon.EXECUTE,"{""schema"":""public"",""grantee"":""anon"",""grantor"":""supabase_admin"",""routine"":""strict_word_similarity"",""grantable"":""NO"",""privilege"":""EXECUTE""}"
19_ROUTINE_GRANT,public.strict_word_similarity.authenticated.EXECUTE,"{""schema"":""public"",""grantee"":""authenticated"",""grantor"":""supabase_admin"",""routine"":""strict_word_similarity"",""grantable"":""NO"",""privilege"":""EXECUTE""}"
19_ROUTINE_GRANT,public.strict_word_similarity.postgres.EXECUTE,"{""schema"":""public"",""grantee"":""postgres"",""grantor"":""supabase_admin"",""routine"":""strict_word_similarity"",""grantable"":""NO"",""privilege"":""EXECUTE""}"
19_ROUTINE_GRANT,public.strict_word_similarity.service_role.EXECUTE,"{""schema"":""public"",""grantee"":""service_role"",""grantor"":""supabase_admin"",""routine"":""strict_word_similarity"",""grantable"":""NO"",""privilege"":""EXECUTE""}"
19_ROUTINE_GRANT,public.strict_word_similarity_commutator_op.PUBLIC.EXECUTE,"{""schema"":""public"",""grantee"":""PUBLIC"",""grantor"":""supabase_admin"",""routine"":""strict_word_similarity_commutator_op"",""grantable"":""NO"",""privilege"":""EXECUTE""}"
19_ROUTINE_GRANT,public.strict_word_similarity_commutator_op.anon.EXECUTE,"{""schema"":""public"",""grantee"":""anon"",""grantor"":""supabase_admin"",""routine"":""strict_word_similarity_commutator_op"",""grantable"":""NO"",""privilege"":""EXECUTE""}"
19_ROUTINE_GRANT,public.strict_word_similarity_commutator_op.authenticated.EXECUTE,"{""schema"":""public"",""grantee"":""authenticated"",""grantor"":""supabase_admin"",""routine"":""strict_word_similarity_commutator_op"",""grantable"":""NO"",""privilege"":""EXECUTE""}"
19_ROUTINE_GRANT,public.strict_word_similarity_commutator_op.postgres.EXECUTE,"{""schema"":""public"",""grantee"":""postgres"",""grantor"":""supabase_admin"",""routine"":""strict_word_similarity_commutator_op"",""grantable"":""NO"",""privilege"":""EXECUTE""}"
19_ROUTINE_GRANT,public.strict_word_similarity_commutator_op.service_role.EXECUTE,"{""schema"":""public"",""grantee"":""service_role"",""grantor"":""supabase_admin"",""routine"":""strict_word_similarity_commutator_op"",""grantable"":""NO"",""privilege"":""EXECUTE""}"
19_ROUTINE_GRANT,public.strict_word_similarity_dist_commutator_op.PUBLIC.EXECUTE,"{""schema"":""public"",""grantee"":""PUBLIC"",""grantor"":""supabase_admin"",""routine"":""strict_word_similarity_dist_commutator_op"",""grantable"":""NO"",""privilege"":""EXECUTE""}"
19_ROUTINE_GRANT,public.strict_word_similarity_dist_commutator_op.anon.EXECUTE,"{""schema"":""public"",""grantee"":""anon"",""grantor"":""supabase_admin"",""routine"":""strict_word_similarity_dist_commutator_op"",""grantable"":""NO"",""privilege"":""EXECUTE""}"
19_ROUTINE_GRANT,public.strict_word_similarity_dist_commutator_op.authenticated.EXECUTE,"{""schema"":""public"",""grantee"":""authenticated"",""grantor"":""supabase_admin"",""routine"":""strict_word_similarity_dist_commutator_op"",""grantable"":""NO"",""privilege"":""EXECUTE""}"
19_ROUTINE_GRANT,public.strict_word_similarity_dist_commutator_op.postgres.EXECUTE,"{""schema"":""public"",""grantee"":""postgres"",""grantor"":""supabase_admin"",""routine"":""strict_word_similarity_dist_commutator_op"",""grantable"":""NO"",""privilege"":""EXECUTE""}"
19_ROUTINE_GRANT,public.strict_word_similarity_dist_commutator_op.service_role.EXECUTE,"{""schema"":""public"",""grantee"":""service_role"",""grantor"":""supabase_admin"",""routine"":""strict_word_similarity_dist_commutator_op"",""grantable"":""NO"",""privilege"":""EXECUTE""}"
19_ROUTINE_GRANT,public.strict_word_similarity_dist_op.PUBLIC.EXECUTE,"{""schema"":""public"",""grantee"":""PUBLIC"",""grantor"":""supabase_admin"",""routine"":""strict_word_similarity_dist_op"",""grantable"":""NO"",""privilege"":""EXECUTE""}"
19_ROUTINE_GRANT,public.strict_word_similarity_dist_op.anon.EXECUTE,"{""schema"":""public"",""grantee"":""anon"",""grantor"":""supabase_admin"",""routine"":""strict_word_similarity_dist_op"",""grantable"":""NO"",""privilege"":""EXECUTE""}"
19_ROUTINE_GRANT,public.strict_word_similarity_dist_op.authenticated.EXECUTE,"{""schema"":""public"",""grantee"":""authenticated"",""grantor"":""supabase_admin"",""routine"":""strict_word_similarity_dist_op"",""grantable"":""NO"",""privilege"":""EXECUTE""}"
19_ROUTINE_GRANT,public.strict_word_similarity_dist_op.postgres.EXECUTE,"{""schema"":""public"",""grantee"":""postgres"",""grantor"":""supabase_admin"",""routine"":""strict_word_similarity_dist_op"",""grantable"":""NO"",""privilege"":""EXECUTE""}"
19_ROUTINE_GRANT,public.strict_word_similarity_dist_op.service_role.EXECUTE,"{""schema"":""public"",""grantee"":""service_role"",""grantor"":""supabase_admin"",""routine"":""strict_word_similarity_dist_op"",""grantable"":""NO"",""privilege"":""EXECUTE""}"
19_ROUTINE_GRANT,public.strict_word_similarity_op.PUBLIC.EXECUTE,"{""schema"":""public"",""grantee"":""PUBLIC"",""grantor"":""supabase_admin"",""routine"":""strict_word_similarity_op"",""grantable"":""NO"",""privilege"":""EXECUTE""}"
19_ROUTINE_GRANT,public.strict_word_similarity_op.anon.EXECUTE,"{""schema"":""public"",""grantee"":""anon"",""grantor"":""supabase_admin"",""routine"":""strict_word_similarity_op"",""grantable"":""NO"",""privilege"":""EXECUTE""}"
19_ROUTINE_GRANT,public.strict_word_similarity_op.authenticated.EXECUTE,"{""schema"":""public"",""grantee"":""authenticated"",""grantor"":""supabase_admin"",""routine"":""strict_word_similarity_op"",""grantable"":""NO"",""privilege"":""EXECUTE""}"
19_ROUTINE_GRANT,public.strict_word_similarity_op.postgres.EXECUTE,"{""schema"":""public"",""grantee"":""postgres"",""grantor"":""supabase_admin"",""routine"":""strict_word_similarity_op"",""grantable"":""NO"",""privilege"":""EXECUTE""}"
19_ROUTINE_GRANT,public.strict_word_similarity_op.service_role.EXECUTE,"{""schema"":""public"",""grantee"":""service_role"",""grantor"":""supabase_admin"",""routine"":""strict_word_similarity_op"",""grantable"":""NO"",""privilege"":""EXECUTE""}"
19_ROUTINE_GRANT,public.track_inquiry_status.PUBLIC.EXECUTE,"{""schema"":""public"",""grantee"":""PUBLIC"",""grantor"":""postgres"",""routine"":""track_inquiry_status"",""grantable"":""NO"",""privilege"":""EXECUTE""}"
19_ROUTINE_GRANT,public.track_inquiry_status.anon.EXECUTE,"{""schema"":""public"",""grantee"":""anon"",""grantor"":""postgres"",""routine"":""track_inquiry_status"",""grantable"":""NO"",""privilege"":""EXECUTE""}"
19_ROUTINE_GRANT,public.track_inquiry_status.authenticated.EXECUTE,"{""schema"":""public"",""grantee"":""authenticated"",""grantor"":""postgres"",""routine"":""track_inquiry_status"",""grantable"":""NO"",""privilege"":""EXECUTE""}"
19_ROUTINE_GRANT,public.track_inquiry_status.postgres.EXECUTE,"{""schema"":""public"",""grantee"":""postgres"",""grantor"":""postgres"",""routine"":""track_inquiry_status"",""grantable"":""YES"",""privilege"":""EXECUTE""}"
19_ROUTINE_GRANT,public.track_inquiry_status.service_role.EXECUTE,"{""schema"":""public"",""grantee"":""service_role"",""grantor"":""postgres"",""routine"":""track_inquiry_status"",""grantable"":""NO"",""privilege"":""EXECUTE""}"
19_ROUTINE_GRANT,public.validate_coffee_region_origin.PUBLIC.EXECUTE,"{""schema"":""public"",""grantee"":""PUBLIC"",""grantor"":""postgres"",""routine"":""validate_coffee_region_origin"",""grantable"":""NO"",""privilege"":""EXECUTE""}"
19_ROUTINE_GRANT,public.validate_coffee_region_origin.anon.EXECUTE,"{""schema"":""public"",""grantee"":""anon"",""grantor"":""postgres"",""routine"":""validate_coffee_region_origin"",""grantable"":""NO"",""privilege"":""EXECUTE""}"
19_ROUTINE_GRANT,public.validate_coffee_region_origin.authenticated.EXECUTE,"{""schema"":""public"",""grantee"":""authenticated"",""grantor"":""postgres"",""routine"":""validate_coffee_region_origin"",""grantable"":""NO"",""privilege"":""EXECUTE""}"
19_ROUTINE_GRANT,public.validate_coffee_region_origin.postgres.EXECUTE,"{""schema"":""public"",""grantee"":""postgres"",""grantor"":""postgres"",""routine"":""validate_coffee_region_origin"",""grantable"":""YES"",""privilege"":""EXECUTE""}"
19_ROUTINE_GRANT,public.validate_coffee_region_origin.service_role.EXECUTE,"{""schema"":""public"",""grantee"":""service_role"",""grantor"":""postgres"",""routine"":""validate_coffee_region_origin"",""grantable"":""NO"",""privilege"":""EXECUTE""}"
19_ROUTINE_GRANT,public.word_similarity.PUBLIC.EXECUTE,"{""schema"":""public"",""grantee"":""PUBLIC"",""grantor"":""supabase_admin"",""routine"":""word_similarity"",""grantable"":""NO"",""privilege"":""EXECUTE""}"
19_ROUTINE_GRANT,public.word_similarity.anon.EXECUTE,"{""schema"":""public"",""grantee"":""anon"",""grantor"":""supabase_admin"",""routine"":""word_similarity"",""grantable"":""NO"",""privilege"":""EXECUTE""}"
19_ROUTINE_GRANT,public.word_similarity.authenticated.EXECUTE,"{""schema"":""public"",""grantee"":""authenticated"",""grantor"":""supabase_admin"",""routine"":""word_similarity"",""grantable"":""NO"",""privilege"":""EXECUTE""}"
19_ROUTINE_GRANT,public.word_similarity.postgres.EXECUTE,"{""schema"":""public"",""grantee"":""postgres"",""grantor"":""supabase_admin"",""routine"":""word_similarity"",""grantable"":""NO"",""privilege"":""EXECUTE""}"
19_ROUTINE_GRANT,public.word_similarity.service_role.EXECUTE,"{""schema"":""public"",""grantee"":""service_role"",""grantor"":""supabase_admin"",""routine"":""word_similarity"",""grantable"":""NO"",""privilege"":""EXECUTE""}"
19_ROUTINE_GRANT,public.word_similarity_commutator_op.PUBLIC.EXECUTE,"{""schema"":""public"",""grantee"":""PUBLIC"",""grantor"":""supabase_admin"",""routine"":""word_similarity_commutator_op"",""grantable"":""NO"",""privilege"":""EXECUTE""}"
19_ROUTINE_GRANT,public.word_similarity_commutator_op.anon.EXECUTE,"{""schema"":""public"",""grantee"":""anon"",""grantor"":""supabase_admin"",""routine"":""word_similarity_commutator_op"",""grantable"":""NO"",""privilege"":""EXECUTE""}"
19_ROUTINE_GRANT,public.word_similarity_commutator_op.authenticated.EXECUTE,"{""schema"":""public"",""grantee"":""authenticated"",""grantor"":""supabase_admin"",""routine"":""word_similarity_commutator_op"",""grantable"":""NO"",""privilege"":""EXECUTE""}"
19_ROUTINE_GRANT,public.word_similarity_commutator_op.postgres.EXECUTE,"{""schema"":""public"",""grantee"":""postgres"",""grantor"":""supabase_admin"",""routine"":""word_similarity_commutator_op"",""grantable"":""NO"",""privilege"":""EXECUTE""}"
19_ROUTINE_GRANT,public.word_similarity_commutator_op.service_role.EXECUTE,"{""schema"":""public"",""grantee"":""service_role"",""grantor"":""supabase_admin"",""routine"":""word_similarity_commutator_op"",""grantable"":""NO"",""privilege"":""EXECUTE""}"
19_ROUTINE_GRANT,public.word_similarity_dist_commutator_op.PUBLIC.EXECUTE,"{""schema"":""public"",""grantee"":""PUBLIC"",""grantor"":""supabase_admin"",""routine"":""word_similarity_dist_commutator_op"",""grantable"":""NO"",""privilege"":""EXECUTE""}"
19_ROUTINE_GRANT,public.word_similarity_dist_commutator_op.anon.EXECUTE,"{""schema"":""public"",""grantee"":""anon"",""grantor"":""supabase_admin"",""routine"":""word_similarity_dist_commutator_op"",""grantable"":""NO"",""privilege"":""EXECUTE""}"
19_ROUTINE_GRANT,public.word_similarity_dist_commutator_op.authenticated.EXECUTE,"{""schema"":""public"",""grantee"":""authenticated"",""grantor"":""supabase_admin"",""routine"":""word_similarity_dist_commutator_op"",""grantable"":""NO"",""privilege"":""EXECUTE""}"
19_ROUTINE_GRANT,public.word_similarity_dist_commutator_op.postgres.EXECUTE,"{""schema"":""public"",""grantee"":""postgres"",""grantor"":""supabase_admin"",""routine"":""word_similarity_dist_commutator_op"",""grantable"":""NO"",""privilege"":""EXECUTE""}"
19_ROUTINE_GRANT,public.word_similarity_dist_commutator_op.service_role.EXECUTE,"{""schema"":""public"",""grantee"":""service_role"",""grantor"":""supabase_admin"",""routine"":""word_similarity_dist_commutator_op"",""grantable"":""NO"",""privilege"":""EXECUTE""}"
19_ROUTINE_GRANT,public.word_similarity_dist_op.PUBLIC.EXECUTE,"{""schema"":""public"",""grantee"":""PUBLIC"",""grantor"":""supabase_admin"",""routine"":""word_similarity_dist_op"",""grantable"":""NO"",""privilege"":""EXECUTE""}"
19_ROUTINE_GRANT,public.word_similarity_dist_op.anon.EXECUTE,"{""schema"":""public"",""grantee"":""anon"",""grantor"":""supabase_admin"",""routine"":""word_similarity_dist_op"",""grantable"":""NO"",""privilege"":""EXECUTE""}"
19_ROUTINE_GRANT,public.word_similarity_dist_op.authenticated.EXECUTE,"{""schema"":""public"",""grantee"":""authenticated"",""grantor"":""supabase_admin"",""routine"":""word_similarity_dist_op"",""grantable"":""NO"",""privilege"":""EXECUTE""}"
19_ROUTINE_GRANT,public.word_similarity_dist_op.postgres.EXECUTE,"{""schema"":""public"",""grantee"":""postgres"",""grantor"":""supabase_admin"",""routine"":""word_similarity_dist_op"",""grantable"":""NO"",""privilege"":""EXECUTE""}"
19_ROUTINE_GRANT,public.word_similarity_dist_op.service_role.EXECUTE,"{""schema"":""public"",""grantee"":""service_role"",""grantor"":""supabase_admin"",""routine"":""word_similarity_dist_op"",""grantable"":""NO"",""privilege"":""EXECUTE""}"
19_ROUTINE_GRANT,public.word_similarity_op.PUBLIC.EXECUTE,"{""schema"":""public"",""grantee"":""PUBLIC"",""grantor"":""supabase_admin"",""routine"":""word_similarity_op"",""grantable"":""NO"",""privilege"":""EXECUTE""}"
19_ROUTINE_GRANT,public.word_similarity_op.anon.EXECUTE,"{""schema"":""public"",""grantee"":""anon"",""grantor"":""supabase_admin"",""routine"":""word_similarity_op"",""grantable"":""NO"",""privilege"":""EXECUTE""}"
19_ROUTINE_GRANT,public.word_similarity_op.authenticated.EXECUTE,"{""schema"":""public"",""grantee"":""authenticated"",""grantor"":""supabase_admin"",""routine"":""word_similarity_op"",""grantable"":""NO"",""privilege"":""EXECUTE""}"
19_ROUTINE_GRANT,public.word_similarity_op.postgres.EXECUTE,"{""schema"":""public"",""grantee"":""postgres"",""grantor"":""supabase_admin"",""routine"":""word_similarity_op"",""grantable"":""NO"",""privilege"":""EXECUTE""}"
19_ROUTINE_GRANT,public.word_similarity_op.service_role.EXECUTE,"{""schema"":""public"",""grantee"":""service_role"",""grantor"":""supabase_admin"",""routine"":""word_similarity_op"",""grantable"":""NO"",""privilege"":""EXECUTE""}"
20_STORAGE_BUCKET,hills-public,"{""id"":""hills-public"",""name"":""hills-public"",""public"":true,""created_at"":""2026-08-30T14:17:24.643287+00:00"",""updated_at"":""2026-08-30T14:17:24.643287+00:00"",""file_size_limit"":10485760,""allowed_mime_types"":[""image/jpeg"",""image/png"",""image/webp"",""image/avif""]}"